Benchmark Type,Test Name,Kernel ID,Thread block Limit SM,Thread block limit registers,Thread block limit shared memory,Thread block limit warps,Theoretical max active warps per SM,Theoretical occupancy,Achieved active warps per SM,Achieved occupancy,Unified L1 cache hit rate,Unified L1 cache hit rate for read transactions (global memory accesses),L2 cache hit rate,GMEM read requests,GMEM write requests,GMEM total requests,GMEM read transactions,GMEM write transactions,GMEM total transactions,Number of read transactions per read requests,Number of write transactions per write requests,L2 read transactions,L2 write transactions,L2 total transactions,DRAM total transactions,Total number of global atomic requests,Total number of global reduction requests,Global memory atomic and reduction transactions,GPU active cycles,SM active cycles,Warp instructions executed,Instructions executed per clock cycle (IPC),Total instructions executed per seconds (MIPS),Kernel execution time (ns),Unified L1 cache total requests,Unified L2 cache total requests
test,l1config-20,0,32.0,2.0,1.0,16.0,4.0,6.25,3.9983189745972005,6.247373397808126,46.37986788169662,0.0,98.59905196585676,34078720.0,4194304.0,38273024.0,545259520.0,67108864.0,612368384.0,16.0,16.0,545262776.0,276332992.0,821595768.0,17071356.0,0.0,0.0,0.0,40073140.0,39984629.89285714,2483027968.0,1.1064717768689567,1029.2482751734165,43079776.0,144965632.0,205397954.0
test,l1config-20,1,32.0,2.0,1.0,16.0,4.0,6.25,3.998319795249455,6.247374680077273,46.38148403093705,0.0,98.59939360546336,34078720.0,4194304.0,38273024.0,545259520.0,67108864.0,612368384.0,16.0,16.0,545262864.0,276344660.0,821607524.0,17072096.0,0.0,0.0,0.0,40091639.0,39990725.60714286,2483027968.0,1.1059611963466998,1028.1736991906546,43124800.0,144965632.0,205397876.0
test,l1config-20,2,32.0,2.0,1.0,16.0,4.0,6.25,3.998343343717268,6.247411474558231,46.38143865584461,0.0,98.59895636909408,34078720.0,4194304.0,38273024.0,545259520.0,67108864.0,612368384.0,16.0,16.0,545263124.0,276346268.0,821609392.0,17083712.0,0.0,0.0,0.0,40069721.0,39947720.928571425,2483027968.0,1.10656610516335,1028.7080334936602,43102400.0,144965632.0,205401961.0
test,l1config-20,3,32.0,2.0,1.0,16.0,4.0,6.25,3.9983481137669346,6.247418927760835,46.38116131247686,0.0,98.59719665375988,34078720.0,4194304.0,38273024.0,545259520.0,67108864.0,612368384.0,16.0,16.0,545263120.0,276352716.0,821615836.0,17073528.0,0.0,0.0,0.0,40057788.0,39945417.78571428,2483027968.0,1.106895772972159,1029.1175564976936,43085248.0,144965632.0,205401546.0
test,l1config-20,4,32.0,2.0,1.0,16.0,4.0,6.25,3.9983317147854893,6.247393304352327,46.3804795694299,0.0,98.55525261673954,34078720.0,4194304.0,38273024.0,545259520.0,67108864.0,612368384.0,16.0,16.0,545263180.0,276350756.0,821613936.0,17073176.0,0.0,0.0,0.0,40100377.0,39971860.75,2483027968.0,1.1057201762374669,1028.4125543307173,43114784.0,144965632.0,205398218.0
test,l1config-20,5,32.0,2.0,1.0,16.0,4.0,6.25,3.998332264952879,6.247394163988874,46.38158648525852,0.0,98.59829239253004,34078720.0,4194304.0,38273024.0,545259520.0,67108864.0,612368384.0,16.0,16.0,545262892.0,276345188.0,821608080.0,17079392.0,0.0,0.0,0.0,40084478.0,39952132.41071428,2483027968.0,1.1061588635152297,1028.3331780124588,43118112.0,144965632.0,205401749.0
test,l1config-20,6,32.0,2.0,1.0,16.0,4.0,6.25,3.998338347427115,6.247403667854867,46.38136044994322,0.0,98.5994332042495,34078720.0,4194304.0,38273024.0,545259520.0,67108864.0,612368384.0,16.0,16.0,545262972.0,276346764.0,821609736.0,17152712.0,0.0,0.0,0.0,40105571.0,39954372.41071428,2483027968.0,1.1055771348898817,1027.5987654399464,43148928.0,144965632.0,205401897.0
test,l1config-20,7,32.0,2.0,1.0,16.0,4.0,6.25,3.9983319668626933,6.247393698222958,46.381666039449705,0.0,98.59906251925037,34078720.0,4194304.0,38273024.0,545259520.0,67108864.0,612368384.0,16.0,16.0,545263540.0,276340872.0,821604412.0,17074044.0,0.0,0.0,0.0,40103586.0,39955055.83928572,2483027968.0,1.1056318712487976,1028.6843583645839,43103392.0,144965632.0,205400471.0
test,l1config-20,8,32.0,2.0,1.0,16.0,4.0,6.25,3.9983424408017907,6.247410063752798,46.381552362679514,0.0,98.59477086046849,34078720.0,4194304.0,38273024.0,545259520.0,67108864.0,612368384.0,16.0,16.0,545262652.0,276334024.0,821596676.0,17079576.0,0.0,0.0,0.0,40101267.0,39944490.196428575,2483027968.0,1.1056957532687854,1027.7923715567895,43140800.0,144965632.0,205405464.0
test,l1config-20,9,32.0,2.0,1.0,16.0,4.0,6.25,3.9983337399561014,6.2473964686814085,46.38130413727448,0.0,98.57839995382699,34078720.0,4194304.0,38273024.0,545259520.0,67108864.0,612368384.0,16.0,16.0,545263016.0,276342520.0,821605536.0,17082648.0,0.0,0.0,0.0,40091138.0,39963257.125,2483027968.0,1.105975182543869,1030.0286909414167,43047136.0,144965632.0,205401228.0
test,l1config-70_l2config-100,0,32.0,2.0,2.0,16.0,8.0,12.5,7.97679905456602,12.463748522759406,45.52154896390976,0.0,98.62631197685394,34078720.0,4194304.0,38273024.0,545259520.0,67108864.0,612368384.0,16.0,16.0,546812024.0,250750500.0,797562524.0,17092532.0,0.0,0.0,0.0,30669355.0,30624076.839285713,2483027968.0,1.4457372002335964,1345.0685054795924,32964704.0,144965632.0,199389569.0
test,l1config-70_l2config-100,1,32.0,2.0,2.0,16.0,8.0,12.5,7.976811994203731,12.46376874094333,45.5256499930233,0.0,98.53571331481301,34078720.0,4194304.0,38273024.0,545259520.0,67108864.0,612368384.0,16.0,16.0,546806388.0,250787048.0,797593436.0,17090108.0,0.0,0.0,0.0,30666176.0,30619760.26785714,2483027968.0,1.4458863296917943,1344.5516448263543,32977376.0,144965632.0,199401288.0
test,l1config-70_l2config-100,2,32.0,2.0,2.0,16.0,8.0,12.5,7.976875089820409,12.463867327844389,45.52292671401407,0.0,98.54237494321674,34078720.0,4194304.0,38273024.0,545259520.0,67108864.0,612368384.0,16.0,16.0,546802116.0,250718748.0,797520864.0,17089912.0,0.0,0.0,0.0,30666468.0,30613170.64285714,2483027968.0,1.445873045514794,1344.8165515405453,32970880.0,144965632.0,199401773.0
test,l1config-70_l2config-100,3,32.0,2.0,2.0,16.0,8.0,12.5,7.9768385926929355,12.463810301082711,45.52429450922406,0.0,98.53532435603707,34078720.0,4194304.0,38273024.0,545259520.0,67108864.0,612368384.0,16.0,16.0,546813936.0,250803128.0,797617064.0,17093012.0,0.0,0.0,0.0,30672858.0,30617780.839285713,2483027968.0,1.4455717123346,1344.65341929545,32974880.0,144965632.0,199386889.0
test,l1config-70_l2config-100,4,32.0,2.0,2.0,16.0,8.0,12.5,7.976875598467348,12.463868122605232,45.5244637844008,0.0,98.52657902955404,34078720.0,4194304.0,38273024.0,545259520.0,67108864.0,612368384.0,16.0,16.0,546807056.0,250735460.0,797542516.0,17091336.0,0.0,0.0,0.0,30653191.0,30608674.76785714,2483027968.0,1.4464988455473031,1345.0619769842565,32964864.0,144965632.0,199378657.0
test,l1config-70_l2config-100,5,32.0,2.0,2.0,16.0,8.0,12.5,7.9768739262644885,12.463865509788263,45.52932061858241,0.0,98.55235191158108,34078720.0,4194304.0,38273024.0,545259520.0,67108864.0,612368384.0,16.0,16.0,546803892.0,250757368.0,797561260.0,17086320.0,0.0,0.0,0.0,30657233.0,30616609.30357143,2483027968.0,1.4463079550432252,1344.3755331095508,32981696.0,144965632.0,199401203.0
test,l1config-70_l2config-100,6,32.0,2.0,2.0,16.0,8.0,12.5,7.976909931301825,12.463921767659102,45.526113446082064,0.0,98.54471993631893,34078720.0,4194304.0,38273024.0,545259520.0,67108864.0,612368384.0,16.0,16.0,546812924.0,250750216.0,797563140.0,17086728.0,0.0,0.0,0.0,30674685.0,30622865.64285714,2483027968.0,1.4454853776654766,1344.1499166361439,32987232.0,144965632.0,199394067.0
test,l1config-70_l2config-100,7,32.0,2.0,2.0,16.0,8.0,12.5,7.9768634186452925,12.46384909163327,45.528326715127335,0.0,98.56148562495083,34078720.0,4194304.0,38273024.0,545259520.0,67108864.0,612368384.0,16.0,16.0,546807612.0,250786880.0,797594492.0,17087736.0,0.0,0.0,0.0,30671590.0,30614150.589285713,2483027968.0,1.4456316154273,1344.233372863924,32985184.0,144965632.0,199384510.0
test,l1config-70_l2config-100,8,32.0,2.0,2.0,16.0,8.0,12.5,7.976849803001535,12.463827817189898,45.52614147804108,0.0,98.55008558155599,34078720.0,4194304.0,38273024.0,545259520.0,67108864.0,612368384.0,16.0,16.0,546815596.0,250780072.0,797595668.0,17093044.0,0.0,0.0,0.0,30662620.0,30618499.089285713,2483027968.0,1.4460539528917642,1344.893563711537,32968992.0,144965632.0,199385046.0
test,l1config-70_l2config-100,9,32.0,2.0,2.0,16.0,8.0,12.5,7.976867271562798,12.463855111816873,45.520819860094136,0.0,98.5381649403929,34078720.0,4194304.0,38273024.0,545259520.0,67108864.0,612368384.0,16.0,16.0,546809680.0,250784104.0,797593784.0,17089684.0,0.0,0.0,0.0,30671618.0,30614809.375,2483027968.0,1.4456301189677891,1344.0208406947822,32990400.0,144965632.0,199403634.0
test,l1config-70_l2config-100,10,32.0,2.0,2.0,16.0,8.0,12.5,7.976864461876517,12.463850721682059,45.523800135968834,0.0,98.54824207900683,34078720.0,4194304.0,38273024.0,545259520.0,67108864.0,612368384.0,16.0,16.0,546809236.0,250738236.0,797547472.0,17104060.0,0.0,0.0,0.0,30682891.0,30611786.035714287,2483027968.0,1.4450990479926236,1344.3742287504506,32981728.0,144965632.0,199388517.0
test,l1config-70_l2config-100,11,32.0,2.0,2.0,16.0,8.0,12.5,7.976903785932375,12.463912165519336,45.52309933166285,0.0,98.53764379374404,34078720.0,4194304.0,38273024.0,545259520.0,67108864.0,612368384.0,16.0,16.0,546811968.0,250764760.0,797576728.0,17088784.0,0.0,0.0,0.0,30669446.0,30612849.64285714,2483027968.0,1.4457326984237482,1344.1460048797267,32987328.0,144965632.0,199400258.0
test,l1config-70_l2config-100,12,32.0,2.0,2.0,16.0,8.0,12.5,7.976838622290627,12.463810347329105,45.52331033603772,0.0,98.56809783218384,34078720.0,4194304.0,38273024.0,545259520.0,67108864.0,612368384.0,16.0,16.0,546796392.0,250719912.0,797516304.0,17105104.0,0.0,0.0,0.0,30667601.0,30615766.05357143,2483027968.0,1.445819239433021,1344.5790441293689,32976704.0,144965632.0,199388063.0
test,l1config-70_l2config-100,13,32.0,2.0,2.0,16.0,8.0,12.5,7.976842747488157,12.463816792950245,45.52616517258885,0.0,98.53249937851545,34078720.0,4194304.0,38273024.0,545259520.0,67108864.0,612368384.0,16.0,16.0,546805544.0,250759820.0,797565364.0,17088992.0,0.0,0.0,0.0,30674238.0,30615134.17857143,2483027968.0,1.445506595151141,1344.9784178408077,32966912.0,144965632.0,199389675.0
test,l1config-70_l2config-100,14,32.0,2.0,2.0,16.0,8.0,12.5,7.976853679705883,12.463833874540441,45.52482377065118,0.0,98.53939705557792,34078720.0,4194304.0,38273024.0,545259520.0,67108864.0,612368384.0,16.0,16.0,546804908.0,250773192.0,797578100.0,17105516.0,0.0,0.0,0.0,30668446.0,30620737.285714287,2483027968.0,1.445779603472713,1344.2503261765291,32984768.0,144965632.0,199394320.0
test,l1config-70_l2config-100,15,32.0,2.0,2.0,16.0,8.0,12.5,7.976858365979694,12.463841196843271,45.52449226152207,0.0,98.5430723715648,34078720.0,4194304.0,38273024.0,545259520.0,67108864.0,612368384.0,16.0,16.0,546819948.0,250758456.0,797578404.0,17086308.0,0.0,0.0,0.0,30664973.0,30622442.5,2483027968.0,1.4459429935144184,1344.058648251695,32989472.0,144965632.0,199387685.0
test,l1config-70_l2config-100,16,32.0,2.0,2.0,16.0,8.0,12.5,7.976859041553842,12.46384225242788,45.52396114000416,0.0,98.53870605970695,34078720.0,4194304.0,38273024.0,545259520.0,67108864.0,612368384.0,16.0,16.0,546805728.0,250777008.0,797582736.0,17132640.0,0.0,0.0,0.0,30671544.0,30623100.35714286,2483027968.0,1.4456334536022777,1344.8335195663958,32970464.0,144965632.0,199405345.0
test,l1config-70_l2config-100,17,32.0,2.0,2.0,16.0,8.0,12.5,7.976859887214593,12.4638435737728,45.5265832431751,0.0,98.51481117719526,34078720.0,4194304.0,38273024.0,545259520.0,67108864.0,612368384.0,16.0,16.0,546813824.0,250761968.0,797575792.0,17099720.0,0.0,0.0,0.0,30680932.0,30615855.839285713,2483027968.0,1.4451910007402042,1344.1512205600095,32987200.0,144965632.0,199401844.0
test,l1config-70_l2config-100,18,32.0,2.0,2.0,16.0,8.0,12.5,7.976850331827123,12.463828643479879,45.52770087734396,0.0,98.54675633386114,34078720.0,4194304.0,38273024.0,545259520.0,67108864.0,612368384.0,16.0,16.0,546806076.0,250782340.0,797588416.0,17086308.0,0.0,0.0,0.0,30659314.0,30617333.339285713,2483027968.0,1.446210128887241,1344.6899574785123,32973984.0,144965632.0,199392369.0
test,l1config-70_l2config-100,19,32.0,2.0,2.0,16.0,8.0,12.5,7.976887091336822,12.463886080213785,45.52511189185528,0.0,98.54957779462984,34078720.0,4194304.0,38273024.0,545259520.0,67108864.0,612368384.0,16.0,16.0,546816708.0,250782448.0,797599156.0,17087380.0,0.0,0.0,0.0,30667289.0,30616646.32142857,2483027968.0,1.4458339723540838,1344.7212775016287,32973216.0,144965632.0,199400155.0
test,l1config-70_l2config-100,20,32.0,2.0,2.0,16.0,8.0,12.5,7.976857127727619,12.463839262074403,45.52471675016946,0.0,98.4893513530896,34078720.0,4194304.0,38273024.0,545259520.0,67108864.0,612368384.0,16.0,16.0,546799600.0,250797832.0,797597432.0,17086204.0,0.0,0.0,0.0,30662754.0,30616578.75,2483027968.0,1.4460477159854972,1344.262063335761,32984480.0,144965632.0,199390006.0
test,l1config-70_l2config-100,21,32.0,2.0,2.0,16.0,8.0,12.5,7.976887629965932,12.46388692182177,45.523399186065966,0.0,98.53993327390957,34078720.0,4194304.0,38273024.0,545259520.0,67108864.0,612368384.0,16.0,16.0,546809524.0,250772152.0,797581676.0,17092596.0,0.0,0.0,0.0,30669724.0,30611049.05357143,2483027968.0,1.4457192756545219,1344.9966955163022,32966464.0,144965632.0,199408153.0
test,l1config-70_l2config-100,22,32.0,2.0,2.0,16.0,8.0,12.5,7.976848427349893,12.463825667734207,45.52232696253797,0.0,98.53762379592439,34078720.0,4194304.0,38273024.0,545259520.0,67108864.0,612368384.0,16.0,16.0,546810060.0,250779796.0,797589856.0,17090564.0,0.0,0.0,0.0,30669428.0,30610913.410714287,2483027968.0,1.4457331108920701,1344.5751298748557,32976800.0,144965632.0,199395320.0
test,l1config-70_l2config-100,23,32.0,2.0,2.0,16.0,8.0,12.5,7.976832589923341,12.46380092175522,45.52667227773951,0.0,98.53326979968128,34078720.0,4194304.0,38273024.0,545259520.0,67108864.0,612368384.0,16.0,16.0,546800432.0,250749448.0,797549880.0,17089828.0,0.0,0.0,0.0,30661013.0,30615708.714285713,2483027968.0,1.44612940131835,1344.366402649001,32981920.0,144965632.0,199390368.0
test,l1config-70_l2config-100,24,32.0,2.0,2.0,16.0,8.0,12.5,7.976882983766724,12.463879662135506,45.52583646339351,0.0,98.56801260796095,34078720.0,4194304.0,38273024.0,545259520.0,67108864.0,612368384.0,16.0,16.0,546806316.0,250746700.0,797553016.0,17085680.0,0.0,0.0,0.0,30669368.0,30609729.214285713,2483027968.0,1.4457361395952437,1344.2385892222571,32985056.0,144965632.0,199391861.0
test,l1config-70_l2config-100,25,32.0,2.0,2.0,16.0,8.0,12.5,7.976853169495345,12.463833077336476,45.52502072163646,0.0,98.5348134870711,34078720.0,4194304.0,38273024.0,545259520.0,67108864.0,612368384.0,16.0,16.0,546806228.0,250759292.0,797565520.0,17091148.0,0.0,0.0,0.0,30668340.0,30610076.39285714,2483027968.0,1.4457844355727836,1344.7291077353761,32973024.0,144965632.0,199387308.0
test,l1config-70_l2config-100,26,32.0,2.0,2.0,16.0,8.0,12.5,7.976855971038252,12.463837454747269,45.52488485914844,0.0,98.54710817614897,34078720.0,4194304.0,38273024.0,545259520.0,67108864.0,612368384.0,16.0,16.0,546807348.0,250761044.0,797568392.0,17088732.0,0.0,0.0,0.0,30668233.0,30619954.214285713,2483027968.0,1.4457895505626837,1344.629931512005,32975456.0,144965632.0,199395965.0
test,l1config-70_l2config-100,27,32.0,2.0,2.0,16.0,8.0,12.5,7.976880121319361,12.463875189561502,45.51933360603696,0.0,98.54516055087026,34078720.0,4194304.0,38273024.0,545259520.0,67108864.0,612368384.0,16.0,16.0,546808940.0,250730800.0,797539740.0,17085244.0,0.0,0.0,0.0,30676934.0,30607562.98214286,2483027968.0,1.4453794055909395,1344.5568636551218,32977248.0,144965632.0,199380012.0
test,l1config-70_l2config-100,28,32.0,2.0,2.0,16.0,8.0,12.5,7.976850738707745,12.463829279230852,45.528156174470546,0.0,98.53366787262455,34078720.0,4194304.0,38273024.0,545259520.0,67108864.0,612368384.0,16.0,16.0,546823616.0,250787340.0,797610956.0,17084332.0,0.0,0.0,0.0,30664164.0,30612960.80357143,2483027968.0,1.4459813652359919,1344.6547241963674,32974848.0,144965632.0,199393922.0
test,l1config-70_l2config-100,29,32.0,2.0,2.0,16.0,8.0,12.5,7.976864577685711,12.463850902633924,45.52610242632314,0.0,98.49347029890868,34078720.0,4194304.0,38273024.0,545259520.0,67108864.0,612368384.0,16.0,16.0,546799708.0,250778228.0,797577936.0,17105296.0,0.0,0.0,0.0,30664289.0,30612897.910714287,2483027968.0,1.445975282209733,1344.7630398020594,32972192.0,144965632.0,199382260.0
test,l1config-70_l2config-100,30,32.0,2.0,2.0,16.0,8.0,12.5,7.9768450863710845,12.46382044745482,45.52237380490171,0.0,98.5484161045388,34078720.0,4194304.0,38273024.0,545259520.0,67108864.0,612368384.0,16.0,16.0,546806104.0,250794568.0,797600672.0,17087572.0,0.0,0.0,0.0,30662087.0,30620409.125,2483027968.0,1.44607905433072,1344.5516448263543,32977376.0,144965632.0,199394200.0
test,l1config-70_l2config-100,31,32.0,2.0,2.0,16.0,8.0,12.5,7.976897466751551,12.463902291799299,45.52550605632985,0.0,98.56280084329377,34078720.0,4194304.0,38273024.0,545259520.0,67108864.0,612368384.0,16.0,16.0,546809996.0,250776476.0,797586472.0,17085292.0,0.0,0.0,0.0,30661001.0,30616044.17857143,2483027968.0,1.4461301795428612,1344.6025301350462,32976128.0,144965632.0,199393732.0
test,l1config-70_l2config-100,32,32.0,2.0,2.0,16.0,8.0,12.5,7.976916651647843,12.463932268199756,45.52534754544896,0.0,98.56101563967533,34078720.0,4194304.0,38273024.0,545259520.0,67108864.0,612368384.0,16.0,16.0,546810200.0,250735600.0,797545800.0,17096116.0,0.0,0.0,0.0,30661168.0,30614757.285714287,2483027968.0,1.4461227746526566,1344.6560290998177,32974816.0,144965632.0,199388180.0
test,l1config-70_l2config-100,33,32.0,2.0,2.0,16.0,8.0,12.5,7.976829486395226,12.46379607249254,45.52603516640269,0.0,98.54394958385862,34078720.0,4194304.0,38273024.0,545259520.0,67108864.0,612368384.0,16.0,16.0,546804680.0,250752248.0,797556928.0,17088956.0,0.0,0.0,0.0,30660612.0,30621444.964285713,2483027968.0,1.446148633142208,1344.659943825365,32974720.0,144965632.0,199389088.0
test,l1config-70_l2config-100,34,32.0,2.0,2.0,16.0,8.0,12.5,7.976883078824223,12.463879810662847,45.52396795962766,0.0,98.54649912303975,34078720.0,4194304.0,38273024.0,545259520.0,67108864.0,612368384.0,16.0,16.0,546808660.0,250749600.0,797558260.0,17088844.0,0.0,0.0,0.0,30681797.0,30621908.714285713,2483027968.0,1.445150339438245,1344.5764346238282,32976768.0,144965632.0,199389221.0
test,l1config-70_l2config-100,35,32.0,2.0,2.0,16.0,8.0,12.5,7.97689587439242,12.463899803738157,45.527144513821725,0.0,98.54898008237234,34078720.0,4194304.0,38273024.0,545259520.0,67108864.0,612368384.0,16.0,16.0,546816004.0,250794820.0,797610824.0,17102388.0,0.0,0.0,0.0,30668325.0,30617651.73214286,2483027968.0,1.4457846595001553,1344.616883097979,32975776.0,144965632.0,199400116.0
test,l1config-70_l2config-100,36,32.0,2.0,2.0,16.0,8.0,12.5,7.976831640592302,12.463799438425472,45.523162267110344,0.0,98.5354678141587,34078720.0,4194304.0,38273024.0,545259520.0,67108864.0,612368384.0,16.0,16.0,546802916.0,250747232.0,797550148.0,17085508.0,0.0,0.0,0.0,30670263.0,30612855.67857143,2483027968.0,1.4456938685314429,1344.8217724259714,32970752.0,144965632.0,199385277.0
test,l1config-70_l2config-100,37,32.0,2.0,2.0,16.0,8.0,12.5,7.976854851082321,12.463835704816127,45.52229489515484,0.0,98.54192884327205,34078720.0,4194304.0,38273024.0,545259520.0,67108864.0,612368384.0,16.0,16.0,546819880.0,250762600.0,797582480.0,17095308.0,0.0,0.0,0.0,30667239.0,30615381.82142857,2483027968.0,1.4458364003682935,1344.5372932561374,32977728.0,144965632.0,199390396.0
test,l1config-70_l2config-100,38,32.0,2.0,2.0,16.0,8.0,12.5,7.976859087950355,12.46384232492243,45.52565921949355,0.0,98.53824235725305,34078720.0,4194304.0,38273024.0,545259520.0,67108864.0,612368384.0,16.0,16.0,546811384.0,250771200.0,797582584.0,17087176.0,0.0,0.0,0.0,30669022.0,30607276.160714287,2483027968.0,1.445752461813304,1344.9157552960073,32968448.0,144965632.0,199393204.0
test,l1config-70_l2config-100,39,32.0,2.0,2.0,16.0,8.0,12.5,7.976874128887196,12.463865826386243,45.52409270060179,0.0,98.54217725096093,34078720.0,4194304.0,38273024.0,545259520.0,67108864.0,612368384.0,16.0,16.0,546810100.0,250786764.0,797596864.0,17089788.0,0.0,0.0,0.0,30653051.0,30614000.44642857,2483027968.0,1.446505428470413,1344.5725203845077,32976864.0,144965632.0,199399276.0
test,l1config-70_l2config-100,40,32.0,2.0,2.0,16.0,8.0,12.5,7.97687239494066,12.463863117094782,45.52557174541677,0.0,98.54740296306973,34078720.0,4194304.0,38273024.0,545259520.0,67108864.0,612368384.0,16.0,16.0,546803144.0,250758016.0,797561160.0,17087232.0,0.0,0.0,0.0,30666480.0,30611800.964285713,2483027968.0,1.4458721496962041,1344.2307646999393,32985248.0,144965632.0,199395701.0
test,l1config-70_l2config-100,41,32.0,2.0,2.0,16.0,8.0,12.5,7.976851916054287,12.463831118834822,45.52518028775466,0.0,98.53644067179367,34078720.0,4194304.0,38273024.0,545259520.0,67108864.0,612368384.0,16.0,16.0,546818916.0,250721356.0,797540272.0,17113748.0,0.0,0.0,0.0,30661766.0,30611930.44642857,2483027968.0,1.4460943349194237,1344.5046771904783,32978528.0,144965632.0,199405654.0
test,l1config-70_l2config-100,42,32.0,2.0,2.0,16.0,8.0,12.5,7.976855259389371,12.463836342795892,45.524980975616046,0.0,98.53458539173329,34078720.0,4194304.0,38273024.0,545259520.0,67108864.0,612368384.0,16.0,16.0,546799560.0,250750820.0,797550380.0,17083056.0,0.0,0.0,0.0,30670578.0,30616940.35714286,2483027968.0,1.4456791973851841,1344.6651634948853,32974592.0,144965632.0,199386810.0
test,l1config-70_l2config-100,43,32.0,2.0,2.0,16.0,8.0,12.5,7.976874543379035,12.463866474029741,45.52828980612784,0.0,98.53814139933102,34078720.0,4194304.0,38273024.0,545259520.0,67108864.0,612368384.0,16.0,16.0,546806116.0,250790436.0,797596552.0,17085156.0,0.0,0.0,0.0,30675136.0,30619111.23214286,2483027968.0,1.4454640547788264,1344.7891425571092,32971552.0,144965632.0,199391625.0
test,l1config-70_l2config-100,44,32.0,2.0,2.0,16.0,8.0,12.5,7.976868466882563,12.463856979504005,45.52525678669991,0.0,98.5441267901571,34078720.0,4194304.0,38273024.0,545259520.0,67108864.0,612368384.0,16.0,16.0,546800172.0,250757976.0,797558148.0,17104996.0,0.0,0.0,0.0,30664154.0,30615108.35714286,2483027968.0,1.4459822494010455,1343.9934641365137,32991072.0,144965632.0,199397882.0
test,l1config-70_l2config-100,45,32.0,2.0,2.0,16.0,8.0,12.5,7.9768581186196394,12.463840810343187,45.52557941952443,0.0,98.54488808546877,34078720.0,4194304.0,38273024.0,545259520.0,67108864.0,612368384.0,16.0,16.0,546808648.0,250756508.0,797565156.0,17087956.0,0.0,0.0,0.0,30664685.0,30613384.875,2483027968.0,1.445956844822647,1344.2177240318294,32985568.0,144965632.0,199382975.0
test,l1config-70_l2config-100,46,32.0,2.0,2.0,16.0,8.0,12.5,7.976883951766678,12.463881174635434,45.52240458755071,0.0,98.54536417918197,34078720.0,4194304.0,38273024.0,545259520.0,67108864.0,612368384.0,16.0,16.0,546807140.0,250758788.0,797565928.0,17086288.0,0.0,0.0,0.0,30669944.0,30613875.44642857,2483027968.0,1.4457089759988533,1344.5881774785282,32976480.0,144965632.0,199393369.0
test,l1config-70_l2config-100,47,32.0,2.0,2.0,16.0,8.0,12.5,7.976881398830054,12.46387718567196,45.52237722171724,0.0,98.495124366273,34078720.0,4194304.0,38273024.0,545259520.0,67108864.0,612368384.0,16.0,16.0,546812552.0,250792540.0,797605092.0,17094512.0,0.0,0.0,0.0,30665162.0,30619447.10714286,2483027968.0,1.4459340227236168,1344.7760910529173,32971872.0,144965632.0,199384798.0
test,l1config-70_l2config-100,48,32.0,2.0,2.0,16.0,8.0,12.5,7.976859747130796,12.463843354891868,45.525384638207846,0.0,98.52091673894112,34078720.0,4194304.0,38273024.0,545259520.0,67108864.0,612368384.0,16.0,16.0,546805476.0,250738564.0,797544040.0,17098464.0,0.0,0.0,0.0,30667487.0,30610517.14285714,2483027968.0,1.445824437173293,1344.8439616412836,32970208.0,144965632.0,199381826.0
test,l1config-70_l2config-100,49,32.0,2.0,2.0,16.0,8.0,12.5,7.97685718002517,12.463839343789328,45.527200217562445,0.0,98.52731686296632,34078720.0,4194304.0,38273024.0,545259520.0,67108864.0,612368384.0,16.0,16.0,546817032.0,250768140.0,797585172.0,17086756.0,0.0,0.0,0.0,30659702.0,30623890.23214286,2483027968.0,1.446191732679887,1344.6468948288505,32975040.0,144965632.0,199387145.0
test,l1config-85_l2config-100,0,32.0,2.0,3.0,16.0,8.0,12.5,7.977415210756424,12.464711266806912,30.221852127532856,0.0,98.63649112122208,34078720.0,4194304.0,38273024.0,545259520.0,67108864.0,612368384.0,16.0,16.0,603247192.0,251791924.0,855039116.0,17130956.0,0.0,0.0,0.0,31366664.0,31310860.19642857,2483027968.0,1.4135963841360988,1314.5036388523722,33731200.0,144965632.0,213754058.0
test,l1config-85_l2config-100,1,32.0,2.0,3.0,16.0,8.0,12.5,7.977419574685193,12.464718085445615,30.22901854677537,0.0,98.63126189192725,34078720.0,4194304.0,38273024.0,545259520.0,67108864.0,612368384.0,16.0,16.0,603163288.0,251765460.0,854928748.0,17133720.0,0.0,0.0,0.0,31373215.0,31315840.60714286,2483027968.0,1.4133010889238722,1314.2929230720865,33736608.0,144965632.0,213737964.0
test,l1config-85_l2config-100,2,32.0,2.0,3.0,16.0,8.0,12.5,7.97746280007187,12.464785625112297,30.21285646929675,0.0,98.65246227058645,34078720.0,4194304.0,38273024.0,545259520.0,67108864.0,612368384.0,16.0,16.0,603236804.0,251806628.0,855043432.0,17133648.0,0.0,0.0,0.0,31375981.0,31319019.32142857,2483027968.0,1.4131765871378505,1314.657042529662,33727264.0,144965632.0,213745132.0
test,l1config-85_l2config-100,3,32.0,2.0,3.0,16.0,8.0,12.5,7.977486470775377,12.464822610586527,30.228420887943596,0.0,98.52939401588358,34078720.0,4194304.0,38273024.0,545259520.0,67108864.0,612368384.0,16.0,16.0,603194232.0,251750044.0,854944276.0,17133316.0,0.0,0.0,0.0,31364923.0,31317508.5,2483027968.0,1.4136748724245387,1314.324089787834,33735808.0,144965632.0,213711718.0
test,l1config-85_l2config-100,4,32.0,2.0,3.0,16.0,8.0,12.5,7.977450966566187,12.464767135259667,30.218885417626407,0.0,98.63234120250935,34078720.0,4194304.0,38273024.0,545259520.0,67108864.0,612368384.0,16.0,16.0,603201744.0,251754596.0,854956340.0,17134080.0,0.0,0.0,0.0,31374924.0,31319193.25,2483027968.0,1.4132246240303372,1314.420092560558,33733344.0,144965632.0,213774070.0
test,l1config-85_l2config-100,5,32.0,2.0,3.0,16.0,8.0,12.5,7.977386007291731,12.46466563639333,30.2182952309826,0.0,98.60205489001731,34078720.0,4194304.0,38273024.0,545259520.0,67108864.0,612368384.0,16.0,16.0,603228792.0,251763564.0,854992356.0,17141708.0,0.0,0.0,0.0,31377767.0,31324055.57142857,2483027968.0,1.4130960150047411,1314.4275738850952,33733152.0,144965632.0,213745513.0
test,l1config-85_l2config-100,6,32.0,2.0,3.0,16.0,8.0,12.5,7.977492554820171,12.464832116906518,30.227623587164803,0.0,98.63051869605928,34078720.0,4194304.0,38273024.0,545259520.0,67108864.0,612368384.0,16.0,16.0,603315020.0,251796244.0,855111264.0,17136104.0,0.0,0.0,0.0,31370111.0,31306616.92857143,2483027968.0,1.4134409318445265,1314.2206219837733,33738464.0,144965632.0,213760417.0
test,l1config-85_l2config-100,7,32.0,2.0,3.0,16.0,8.0,12.5,7.977498813729377,12.464841896452151,30.224649172707412,0.0,98.61908957053596,34078720.0,4194304.0,38273024.0,545259520.0,67108864.0,612368384.0,16.0,16.0,603290652.0,251794916.0,855085568.0,17134716.0,0.0,0.0,0.0,31359748.0,31314561.69642857,2483027968.0,1.4139080788953735,1314.3664788934707,33734720.0,144965632.0,213778807.0
test,l1config-85_l2config-100,8,32.0,2.0,3.0,16.0,8.0,12.5,7.9774365019873565,12.464744534355244,30.223164536226776,0.0,98.61853493083836,34078720.0,4194304.0,38273024.0,545259520.0,67108864.0,612368384.0,16.0,16.0,603256176.0,251813192.0,855069368.0,17128188.0,0.0,0.0,0.0,31374888.0,31320590.05357143,2483027968.0,1.4132259528046744,1314.396402261352,33733952.0,144965632.0,213746922.0
test,l1config-85_l2config-100,9,32.0,2.0,3.0,16.0,8.0,12.5,7.977407349395,12.464698983429688,30.226422269541718,0.0,98.58718158863246,34078720.0,4194304.0,38273024.0,545259520.0,67108864.0,612368384.0,16.0,16.0,603204592.0,251807136.0,855011728.0,17157652.0,0.0,0.0,0.0,31366698.0,31323918.98214286,2483027968.0,1.4135947617311244,1314.281703416258,33736896.0,144965632.0,213748216.0
test,l1config-85_l2config-100,10,32.0,2.0,3.0,16.0,8.0,12.5,7.977419102838457,12.46471734818509,30.227147506169644,0.0,98.63529583008544,34078720.0,4194304.0,38273024.0,545259520.0,67108864.0,612368384.0,16.0,16.0,603282680.0,251789892.0,855072572.0,17137108.0,0.0,0.0,0.0,31376611.0,31316258.57142857,2483027968.0,1.4131485840146605,1314.4437837137532,33732736.0,144965632.0,213755991.0
test,l1config-85_l2config-100,11,32.0,2.0,3.0,16.0,8.0,12.5,7.977463642330065,12.464786941140726,30.220390768974255,0.0,98.61476692809215,34078720.0,4194304.0,38273024.0,545259520.0,67108864.0,612368384.0,16.0,16.0,603182468.0,251748752.0,854931220.0,17148792.0,0.0,0.0,0.0,31356556.0,31313164.660714287,2483027968.0,1.4140521907811894,1314.527333017373,33730592.0,144965632.0,213783234.0
test,l1config-85_l2config-100,12,32.0,2.0,3.0,16.0,8.0,12.5,7.977491933934001,12.464831146771877,30.228933154248374,0.0,98.61873650108132,34078720.0,4194304.0,38273024.0,545259520.0,67108864.0,612368384.0,16.0,16.0,603198940.0,251839968.0,855038908.0,17134564.0,0.0,0.0,0.0,31369599.0,31315983.0,2483027968.0,1.4134642942567395,1314.3976490979148,33733920.0,144965632.0,213752785.0
test,l1config-85_l2config-100,13,32.0,2.0,3.0,16.0,8.0,12.5,7.977479971708202,12.464812455794066,30.214511914469732,0.0,98.59955487101733,34078720.0,4194304.0,38273024.0,545259520.0,67108864.0,612368384.0,16.0,16.0,603220768.0,251856440.0,855077208.0,17144536.0,0.0,0.0,0.0,31370732.0,31314929.89285714,2483027968.0,1.4134133237406437,1314.0897523162098,33741824.0,144965632.0,213771885.0
test,l1config-85_l2config-100,14,32.0,2.0,3.0,16.0,8.0,12.5,7.977439711492203,12.464749549206568,30.22391810639927,0.0,98.61575778763978,34078720.0,4194304.0,38273024.0,545259520.0,67108864.0,612368384.0,16.0,16.0,603217776.0,251795832.0,855013608.0,17135632.0,0.0,0.0,0.0,31369980.0,31313964.410714287,2483027968.0,1.4134473074310254,1314.218128984677,33738528.0,144965632.0,213759682.0
test,l1config-85_l2config-100,15,32.0,2.0,3.0,16.0,8.0,12.5,7.977447035584355,12.464760993100555,30.22032515827985,0.0,98.62110845385918,34078720.0,4194304.0,38273024.0,545259520.0,67108864.0,612368384.0,16.0,16.0,603184580.0,251808272.0,854992852.0,17142936.0,0.0,0.0,0.0,31373161.0,31320519.92857143,2483027968.0,1.413303769286736,1314.98142832875,33718944.0,144965632.0,213738055.0
test,l1config-85_l2config-100,16,32.0,2.0,3.0,16.0,8.0,12.5,7.977453727927962,12.46477144988744,30.232657580602822,0.0,98.63138660026284,34078720.0,4194304.0,38273024.0,545259520.0,67108864.0,612368384.0,16.0,16.0,603273036.0,251773672.0,855046708.0,17134624.0,0.0,0.0,0.0,31366617.0,31316857.64285714,2483027968.0,1.4135983783473152,1314.371466026835,33734592.0,144965632.0,213740952.0
test,l1config-85_l2config-100,17,32.0,2.0,3.0,16.0,8.0,12.5,7.97750985803103,12.464859153173483,30.226086736837594,0.0,98.63383364411999,34078720.0,4194304.0,38273024.0,545259520.0,67108864.0,612368384.0,16.0,16.0,603221684.0,251806480.0,855028164.0,17140176.0,0.0,0.0,0.0,31369114.0,31315923.76785714,2483027968.0,1.4134859113713625,1314.3889212916486,33734144.0,144965632.0,213769520.0
test,l1config-85_l2config-100,18,32.0,2.0,3.0,16.0,8.0,12.5,7.9774812046552634,12.464814382273849,30.22770390461636,0.0,98.63842311396866,34078720.0,4194304.0,38273024.0,545259520.0,67108864.0,612368384.0,16.0,16.0,603211216.0,251831728.0,855042944.0,17133456.0,0.0,0.0,0.0,31367806.0,31318638.01785714,2483027968.0,1.4135452914342157,1314.3988959368435,33733888.0,144965632.0,213780086.0
test,l1config-85_l2config-100,19,32.0,2.0,3.0,16.0,8.0,12.5,7.977472818528415,12.464801278950649,30.233026070954605,0.0,98.61987620385439,34078720.0,4194304.0,38273024.0,545259520.0,67108864.0,612368384.0,16.0,16.0,603192516.0,251834876.0,855027392.0,17134968.0,0.0,0.0,0.0,31363197.0,31313678.964285713,2483027968.0,1.4137522425086317,1314.4836865338216,33731712.0,144965632.0,213777160.0
test,l1config-85_l2config-100,20,32.0,2.0,3.0,16.0,8.0,12.5,7.977483430324691,12.464817859882329,30.224115362867092,0.0,98.62619441053553,34078720.0,4194304.0,38273024.0,545259520.0,67108864.0,612368384.0,16.0,16.0,603213496.0,251866892.0,855080388.0,17139036.0,0.0,0.0,0.0,31374027.0,31318033.285714287,2483027968.0,1.4132651302489063,1314.6233654846524,33728128.0,144965632.0,213777387.0
test,l1config-85_l2config-100,21,32.0,2.0,3.0,16.0,8.0,12.5,7.977474255261829,12.464803523846609,30.223231697112894,0.0,98.61834190926831,34078720.0,4194304.0,38273024.0,545259520.0,67108864.0,612368384.0,16.0,16.0,603248132.0,251852724.0,855100856.0,17133444.0,0.0,0.0,0.0,31371823.0,31315010.30357143,2483027968.0,1.413363832352917,1314.639580142796,33727712.0,144965632.0,213737784.0
test,l1config-85_l2config-100,22,32.0,2.0,3.0,16.0,8.0,12.5,7.977465617392675,12.464790027176056,30.23978979951133,0.0,98.63026006263976,34078720.0,4194304.0,38273024.0,545259520.0,67108864.0,612368384.0,16.0,16.0,603238040.0,251826484.0,855064524.0,17132112.0,0.0,0.0,0.0,31363053.0,31316093.0,2483027968.0,1.4137596576802942,1314.2929230720865,33736608.0,144965632.0,213756281.0
test,l1config-85_l2config-100,23,32.0,2.0,3.0,16.0,8.0,12.5,7.977452519056078,12.464769561025122,30.23872085119661,0.0,98.63764351491471,34078720.0,4194304.0,38273024.0,545259520.0,67108864.0,612368384.0,16.0,16.0,603235940.0,251776692.0,855012632.0,17135652.0,0.0,0.0,0.0,31366430.0,31322989.10714286,2483027968.0,1.4136069861936218,1314.3278298930566,33735712.0,144965632.0,213740633.0
test,l1config-85_l2config-100,24,32.0,2.0,3.0,16.0,8.0,12.5,7.977442798803807,12.464754373130948,30.235271526415726,0.0,98.62818861250116,34078720.0,4194304.0,38273024.0,545259520.0,67108864.0,612368384.0,16.0,16.0,603255428.0,251873020.0,855128448.0,17139932.0,0.0,0.0,0.0,31371594.0,31319033.94642857,2483027968.0,1.4133742845011312,1314.5410510822674,33730240.0,144965632.0,213761595.0
test,l1config-85_l2config-100,25,32.0,2.0,3.0,16.0,8.0,12.5,7.977447891310967,12.464762330173386,30.21620197623069,0.0,98.6493947524208,34078720.0,4194304.0,38273024.0,545259520.0,67108864.0,612368384.0,16.0,16.0,603288572.0,251788052.0,855076624.0,17146964.0,0.0,0.0,0.0,31365278.0,31317107.910714287,2483027968.0,1.413658725614666,1314.6296018442956,33727968.0,144965632.0,213754571.0
test,l1config-85_l2config-100,26,32.0,2.0,3.0,16.0,8.0,12.5,7.977458935702309,12.464779587034858,30.218259521150674,0.0,98.63193129499635,34078720.0,4194304.0,38273024.0,545259520.0,67108864.0,612368384.0,16.0,16.0,603232024.0,251808476.0,855040500.0,17132192.0,0.0,0.0,0.0,31360520.0,31312024.48214286,2483027968.0,1.413873656012778,1314.221868486868,33738432.0,144965632.0,213760397.0
test,l1config-85_l2config-100,27,32.0,2.0,3.0,16.0,8.0,12.5,7.977498410702974,12.464841266723397,30.223016649340746,0.0,98.58144859814139,34078720.0,4194304.0,38273024.0,545259520.0,67108864.0,612368384.0,16.0,16.0,603181440.0,251757248.0,854938688.0,17130208.0,0.0,0.0,0.0,31382227.0,31322220.875,2483027968.0,1.4128953227053385,1314.426326991758,33733184.0,144965632.0,213762249.0
test,l1config-85_l2config-100,28,32.0,2.0,3.0,16.0,8.0,12.5,7.977467717132635,12.464793308019742,30.23432236499694,0.0,98.6499444765447,34078720.0,4194304.0,38273024.0,545259520.0,67108864.0,612368384.0,16.0,16.0,603300412.0,251808304.0,855108716.0,17126428.0,0.0,0.0,0.0,31371872.0,31316292.964285713,2483027968.0,1.4133622555336323,1313.7795084146635,33749792.0,144965632.0,213757236.0
test,l1config-85_l2config-100,29,32.0,2.0,3.0,16.0,8.0,12.5,7.977542610288149,12.464910328575233,30.215553360414926,0.0,98.63931011893389,34078720.0,4194304.0,38273024.0,545259520.0,67108864.0,612368384.0,16.0,16.0,603207524.0,251778068.0,854985592.0,17136392.0,0.0,0.0,0.0,31369383.0,31317343.410714287,2483027968.0,1.4134741170637555,1314.5198505571984,33730784.0,144965632.0,213723713.0
test,l1config-85_l2config-100,30,32.0,2.0,3.0,16.0,8.0,12.5,7.9774503935015115,12.464766239846112,30.22113062412274,0.0,98.6194229771344,34078720.0,4194304.0,38273024.0,545259520.0,67108864.0,612368384.0,16.0,16.0,603282164.0,251826816.0,855108980.0,17128732.0,0.0,0.0,0.0,31363913.0,31317988.69642857,2483027968.0,1.413720441545139,1314.8840957817088,33721440.0,144965632.0,213765567.0
test,l1config-85_l2config-100,31,32.0,2.0,3.0,16.0,8.0,12.5,7.977398078435356,12.464684497555243,30.207697792019793,0.0,98.62015378543981,34078720.0,4194304.0,38273024.0,545259520.0,67108864.0,612368384.0,16.0,16.0,603175256.0,251790960.0,854966216.0,17128332.0,0.0,0.0,0.0,31368003.0,31317027.535714287,2483027968.0,1.4135360309253198,1314.1707637988345,33739744.0,144965632.0,213774220.0
test,l1config-85_l2config-100,32,32.0,2.0,3.0,16.0,8.0,12.5,7.977500131393709,12.46484395530267,30.240291466836695,0.0,98.6177210552253,34078720.0,4194304.0,38273024.0,545259520.0,67108864.0,612368384.0,16.0,16.0,603180764.0,251859820.0,855040584.0,17139372.0,0.0,0.0,0.0,31370393.0,31314692.39285714,2483027968.0,1.4134284173888094,1314.5784654418103,33729280.0,144965632.0,213726835.0
test,l1config-85_l2config-100,33,32.0,2.0,3.0,16.0,8.0,12.5,7.977509085753425,12.464857946489726,30.227633273185656,0.0,98.61995208295598,34078720.0,4194304.0,38273024.0,545259520.0,67108864.0,612368384.0,16.0,16.0,603198716.0,251777160.0,854975876.0,17132112.0,0.0,0.0,0.0,31373000.0,31315121.589285713,2483027968.0,1.413310988297787,1314.7244017962275,33725536.0,144965632.0,213743334.0
test,l1config-85_l2config-100,34,32.0,2.0,3.0,16.0,8.0,12.5,7.977469663801396,12.464796349689681,30.211658984185767,0.0,98.61892473055065,34078720.0,4194304.0,38273024.0,545259520.0,67108864.0,612368384.0,16.0,16.0,603246224.0,251783764.0,855029988.0,17184924.0,0.0,0.0,0.0,31369774.0,31310293.035714287,2483027968.0,1.4134567695382123,1314.8479117141815,33722368.0,144965632.0,213780766.0
test,l1config-85_l2config-100,35,32.0,2.0,3.0,16.0,8.0,12.5,7.977465118758125,12.464789248059569,30.240377684094426,0.0,98.6375833573709,34078720.0,4194304.0,38273024.0,545259520.0,67108864.0,612368384.0,16.0,16.0,603167564.0,251765364.0,854932928.0,17136648.0,0.0,0.0,0.0,31369399.0,31311502.92857143,2483027968.0,1.413473486237184,1314.57846544181,33729280.0,144965632.0,213778692.0
test,l1config-85_l2config-100,36,32.0,2.0,3.0,16.0,8.0,12.5,7.977467504570255,12.464792975891022,30.21326187937034,0.0,98.60999683111783,34078720.0,4194304.0,38273024.0,545259520.0,67108864.0,612368384.0,16.0,16.0,603244172.0,251861140.0,855105312.0,17143548.0,0.0,0.0,0.0,31365376.0,31316561.80357143,2483027968.0,1.4136547481249622,1314.870370556142,33721792.0,144965632.0,213763930.0
test,l1config-85_l2config-100,37,32.0,2.0,3.0,16.0,8.0,12.5,7.9774552889376436,12.464773888965068,30.229809904948933,0.0,98.65211721857895,34078720.0,4194304.0,38273024.0,545259520.0,67108864.0,612368384.0,16.0,16.0,603190844.0,251857036.0,855047880.0,17133548.0,0.0,0.0,0.0,31370021.0,31318382.875,2483027968.0,1.4134453474389468,1314.2542783973117,33737600.0,144965632.0,213749934.0
test,l1config-85_l2config-100,38,32.0,2.0,3.0,16.0,8.0,12.5,7.977431947222031,12.464737417534423,30.21316839446953,0.0,98.62452212594114,34078720.0,4194304.0,38273024.0,545259520.0,67108864.0,612368384.0,16.0,16.0,603227504.0,251856944.0,855084448.0,17131720.0,0.0,0.0,0.0,31368458.0,31319285.39285714,2483027968.0,1.4135156965352995,1314.5036388523724,33731200.0,144965632.0,213743162.0
test,l1config-85_l2config-100,39,32.0,2.0,3.0,16.0,8.0,12.5,7.97746493399193,12.46478895936239,30.22579687214889,0.0,98.62187177832644,34078720.0,4194304.0,38273024.0,545259520.0,67108864.0,612368384.0,16.0,16.0,603187404.0,251750244.0,854937648.0,17133192.0,0.0,0.0,0.0,31369721.0,31322552.39285714,2483027968.0,1.41345843668451,1314.6071512264846,33728544.0,144965632.0,213749249.0
test,l1config-85_l2config-100,40,32.0,2.0,3.0,16.0,8.0,12.5,7.977404591081232,12.464694673564425,30.223362774863737,0.0,98.63452851465634,34078720.0,4194304.0,38273024.0,545259520.0,67108864.0,612368384.0,16.0,16.0,603261536.0,251745948.0,855007484.0,17133148.0,0.0,0.0,0.0,31371502.0,31317700.535714287,2483027968.0,1.4133788911543288,1314.3415437943197,33735360.0,144965632.0,213745502.0
test,l1config-85_l2config-100,41,32.0,2.0,3.0,16.0,8.0,12.5,7.977458533914715,12.464778959241741,30.22438154303886,0.0,98.60421011376984,34078720.0,4194304.0,38273024.0,545259520.0,67108864.0,612368384.0,16.0,16.0,603174592.0,251822112.0,854996704.0,17133820.0,0.0,0.0,0.0,31364415.0,31313568.839285713,2483027968.0,1.4136977580325842,1314.9202818408314,33720512.0,144965632.0,213743154.0
test,l1config-85_l2config-100,42,32.0,2.0,3.0,16.0,8.0,12.5,7.977516253459668,12.46486914603073,30.221406913666637,0.0,98.64276555865008,34078720.0,4194304.0,38273024.0,545259520.0,67108864.0,612368384.0,16.0,16.0,603206212.0,251787616.0,854993828.0,17135852.0,0.0,0.0,0.0,31364093.0,31315030.75,2483027968.0,1.4137123732078827,1314.2642509990453,33737344.0,144965632.0,213764018.0
test,l1config-85_l2config-100,43,32.0,2.0,3.0,16.0,8.0,12.5,7.977491444023518,12.464830381286747,30.22251202562099,0.0,98.62002709966454,34078720.0,4194304.0,38273024.0,545259520.0,67108864.0,612368384.0,16.0,16.0,603238276.0,251822388.0,855060664.0,17129224.0,0.0,0.0,0.0,31367671.0,31312124.82142857,2483027968.0,1.413550879342563,1314.6994531149082,33726176.0,144965632.0,213760601.0
test,l1config-85_l2config-100,44,32.0,2.0,3.0,16.0,8.0,12.5,7.977494705125918,12.464835476759246,30.219320638672386,0.0,98.6289017953424,34078720.0,4194304.0,38273024.0,545259520.0,67108864.0,612368384.0,16.0,16.0,603268316.0,251787824.0,855056140.0,17137312.0,0.0,0.0,0.0,31374281.0,31319399.51785714,2483027968.0,1.4132534184541778,1314.6383328471993,33727744.0,144965632.0,213767385.0
test,l1config-85_l2config-100,45,32.0,2.0,3.0,16.0,8.0,12.5,7.977455932477243,12.464774894495692,30.21390319465265,0.0,98.63588619614873,34078720.0,4194304.0,38273024.0,545259520.0,67108864.0,612368384.0,16.0,16.0,603280284.0,251791912.0,855072196.0,17146620.0,0.0,0.0,0.0,31368638.0,31314247.05357143,2483027968.0,1.4135072475148187,1314.302896260305,33736352.0,144965632.0,213765187.0
test,l1config-85_l2config-100,46,32.0,2.0,3.0,16.0,8.0,12.5,7.977441394521143,12.464752178939285,30.217978451135213,0.0,98.6123322999463,34078720.0,4194304.0,38273024.0,545259520.0,67108864.0,612368384.0,16.0,16.0,603228920.0,251794928.0,855023848.0,17136972.0,0.0,0.0,0.0,31376259.0,31315103.76785714,2483027968.0,1.4131643138189787,1314.4949096384767,33731424.0,144965632.0,213739486.0
test,l1config-85_l2config-100,47,32.0,2.0,3.0,16.0,8.0,12.5,7.977445330494571,12.464758328897767,30.21789003690487,0.0,98.62535068421231,34078720.0,4194304.0,38273024.0,545259520.0,67108864.0,612368384.0,16.0,16.0,603234616.0,251793440.0,855028056.0,17135404.0,0.0,0.0,0.0,31376032.0,31314141.26785714,2483027968.0,1.413174481516619,1314.9227775045317,33720448.0,144965632.0,213746548.0
test,l1config-85_l2config-100,48,32.0,2.0,3.0,16.0,8.0,12.5,7.977452294362456,12.464769209941338,30.21384533528808,0.0,98.61995386430777,34078720.0,4194304.0,38273024.0,545259520.0,67108864.0,612368384.0,16.0,16.0,603303192.0,251799548.0,855102740.0,17128692.0,0.0,0.0,0.0,31374888.0,31313274.67857143,2483027968.0,1.4132257050668966,1314.6171291841774,33728288.0,144965632.0,213754029.0
test,l1config-85_l2config-100,49,32.0,2.0,3.0,16.0,8.0,12.5,7.977419946274415,12.464718666053773,30.225589895952364,0.0,98.63004738389904,34078720.0,4194304.0,38273024.0,545259520.0,67108864.0,612368384.0,16.0,16.0,603295244.0,251769036.0,855064280.0,17131196.0,0.0,0.0,0.0,31376161.0,31315560.375,2483027968.0,1.4131686601258688,1314.0261964529402,33743456.0,144965632.0,213761040.0
test,l1config-100_l2config-100,0,32.0,2.0,3.0,16.0,8.0,12.5,7.977461682769532,12.464783879327394,30.224262382385746,0.0,98.60580531044042,34078720.0,4194304.0,38273024.0,545259520.0,67108864.0,612368384.0,16.0,16.0,603165124.0,251838712.0,855003836.0,17132880.0,0.0,0.0,0.0,31371643.0,31316118.23214286,2483027968.0,1.4133722571327119,1314.4724636208093,33732000.0,144965632.0,213731276.0
test,l1config-100_l2config-100,1,32.0,2.0,3.0,16.0,8.0,12.5,7.977426278289128,12.464728559826762,30.227628628546576,0.0,98.62972086494209,34078720.0,4194304.0,38273024.0,545259520.0,67108864.0,612368384.0,16.0,16.0,603202224.0,251769336.0,854971560.0,17132028.0,0.0,0.0,0.0,31361705.0,31319490.57142857,2483027968.0,1.4138198947458644,1314.4250801007868,33733216.0,144965632.0,213756690.0
test,l1config-100_l2config-100,2,32.0,2.0,3.0,16.0,8.0,12.5,7.9774288778462905,12.464732621634829,30.229615764964603,0.0,98.63461287806959,34078720.0,4194304.0,38273024.0,545259520.0,67108864.0,612368384.0,16.0,16.0,603066544.0,251808340.0,854874884.0,17132472.0,0.0,0.0,0.0,31370927.0,31317725.785714287,2483027968.0,1.4134044591885857,1314.229347555093,33738240.0,144965632.0,213756994.0
test,l1config-100_l2config-100,3,32.0,2.0,3.0,16.0,8.0,12.5,7.977436675756003,12.464744805868754,30.213602718772798,0.0,98.63844968200968,34078720.0,4194304.0,38273024.0,545259520.0,67108864.0,612368384.0,16.0,16.0,603121960.0,251752692.0,854874652.0,17146132.0,0.0,0.0,0.0,31366567.0,31317801.69642857,2483027968.0,1.4136004401648279,1314.2318405967515,33738176.0,144965632.0,213763957.0
test,l1config-100_l2config-100,4,32.0,2.0,3.0,16.0,8.0,12.5,7.977377586264257,12.464652478537902,30.232492631177934,0.0,98.63530148009077,34078720.0,4194304.0,38273024.0,545259520.0,67108864.0,612368384.0,16.0,16.0,603189988.0,251758196.0,854948184.0,17131280.0,0.0,0.0,0.0,31372716.0,31320230.57142857,2483027968.0,1.4133239962183723,1314.553522298812,33729920.0,144965632.0,213732005.0
test,l1config-100_l2config-100,5,32.0,2.0,3.0,16.0,8.0,12.5,7.977399646307821,12.46468694735597,30.22828689579414,0.0,98.6084219603359,34078720.0,4194304.0,38273024.0,545259520.0,67108864.0,612368384.0,16.0,16.0,603168292.0,251835548.0,855003840.0,17130656.0,0.0,0.0,0.0,31370277.0,31326150.07142857,2483027968.0,1.4134338016189232,1314.433808387265,33732992.0,144965632.0,213740859.0
test,l1config-100_l2config-100,6,32.0,2.0,3.0,16.0,8.0,12.5,7.977377654101654,12.464652584533836,30.225485264604412,0.0,98.61729669126451,34078720.0,4194304.0,38273024.0,545259520.0,67108864.0,612368384.0,16.0,16.0,603149968.0,251815444.0,854965412.0,17139116.0,0.0,0.0,0.0,31373407.0,31313457.07142857,2483027968.0,1.4132930704200397,1314.5909373682778,33728960.0,144965632.0,213738565.0
test,l1config-100_l2config-100,7,32.0,2.0,3.0,16.0,8.0,12.5,7.977497951607696,12.464840549387025,30.235448491707583,0.0,98.59574169906058,34078720.0,4194304.0,38273024.0,545259520.0,67108864.0,612368384.0,16.0,16.0,603162568.0,251812356.0,854974924.0,17136572.0,0.0,0.0,0.0,31359490.0,31316872.73214286,2483027968.0,1.4139197789994138,1314.304142919475,33736320.0,144965632.0,213750589.0
test,l1config-100_l2config-100,8,32.0,2.0,3.0,16.0,8.0,12.5,7.977419364491037,12.464717757017246,30.23248062803211,0.0,98.60689764593768,34078720.0,4194304.0,38273024.0,545259520.0,67108864.0,612368384.0,16.0,16.0,603154408.0,251817108.0,854971516.0,17136840.0,0.0,0.0,0.0,31362485.0,31313333.23214286,2483027968.0,1.413784698546087,1314.5398039736276,33730272.0,144965632.0,213739039.0
test,l1config-100_l2config-100,9,32.0,2.0,3.0,16.0,8.0,12.5,7.97741651359518,12.464713302492468,30.219473553158,0.0,98.61393462391096,34078720.0,4194304.0,38273024.0,545259520.0,67108864.0,612368384.0,16.0,16.0,603193596.0,251781032.0,854974628.0,17131612.0,0.0,0.0,0.0,31366670.0,31323765.01785714,2483027968.0,1.4135963841360988,1314.6408274407588,33727680.0,144965632.0,213731052.0
test,l1config-100_l2config-100,10,32.0,2.0,3.0,16.0,8.0,12.5,7.977419439196664,12.464717873744787,30.215708066832097,0.0,98.61702780324089,34078720.0,4194304.0,38273024.0,545259520.0,67108864.0,612368384.0,16.0,16.0,603108844.0,251799548.0,854908392.0,17127328.0,0.0,0.0,0.0,31354780.0,31318154.85714286,2483027968.0,1.414132364606205,1314.842920964603,33722496.0,144965632.0,213748545.0
test,l1config-100_l2config-100,11,32.0,2.0,3.0,16.0,8.0,12.5,7.977468022529756,12.464793785202744,30.209552633619325,0.0,98.61128171855553,34078720.0,4194304.0,38273024.0,545259520.0,67108864.0,612368384.0,16.0,16.0,603096132.0,251757296.0,854853428.0,17136868.0,0.0,0.0,0.0,31362085.0,31313268.35714286,2483027968.0,1.4138027528619406,1314.408870733431,33733632.0,144965632.0,213745309.0
test,l1config-100_l2config-100,12,32.0,2.0,3.0,16.0,8.0,12.5,7.977443432123367,12.464755362692761,30.238002683203252,0.0,98.62677422853115,34078720.0,4194304.0,38273024.0,545259520.0,67108864.0,612368384.0,16.0,16.0,603172336.0,251787900.0,854960236.0,17143228.0,0.0,0.0,0.0,31372164.0,31315055.660714287,2483027968.0,1.413348875237303,1314.3614917979514,33734848.0,144965632.0,213742259.0
test,l1config-100_l2config-100,13,32.0,2.0,3.0,16.0,8.0,12.5,7.977436404135273,12.464744381461363,30.216913434780913,0.0,98.61676997942494,34078720.0,4194304.0,38273024.0,545259520.0,67108864.0,612368384.0,16.0,16.0,603165880.0,251796224.0,854962104.0,17133072.0,0.0,0.0,0.0,31371402.0,31312828.160714287,2483027968.0,1.4133831712013254,1313.8991031678677,33746720.0,144965632.0,213726206.0
test,l1config-100_l2config-100,14,32.0,2.0,3.0,16.0,8.0,12.5,7.9774267066830635,12.464729229192287,30.24003321300221,0.0,98.63175898837997,34078720.0,4194304.0,38273024.0,545259520.0,67108864.0,612368384.0,16.0,16.0,603177288.0,251776180.0,854953468.0,17128312.0,0.0,0.0,0.0,31368895.0,31320113.42857143,2483027968.0,1.4134958358648315,1314.524838854517,33730656.0,144965632.0,213734993.0
test,l1config-100_l2config-100,15,32.0,2.0,3.0,16.0,8.0,12.5,7.977435907415856,12.464743605337276,30.234812620752066,0.0,98.64122193270785,34078720.0,4194304.0,38273024.0,545259520.0,67108864.0,612368384.0,16.0,16.0,603178796.0,251761744.0,854940540.0,17131736.0,0.0,0.0,0.0,31369729.0,31311836.535714287,2483027968.0,1.4134580762201123,1314.6258600214092,33728064.0,144965632.0,213750012.0
test,l1config-100_l2config-100,16,32.0,2.0,3.0,16.0,8.0,12.5,7.977431423527212,12.464736599261268,30.24062869641982,0.0,98.62226266365293,34078720.0,4194304.0,38273024.0,545259520.0,67108864.0,612368384.0,16.0,16.0,603154312.0,251753604.0,854907916.0,17133048.0,0.0,0.0,0.0,31379333.0,31318026.92857143,2483027968.0,1.4130258877972384,1314.3328167331308,33735584.0,144965632.0,213732169.0
test,l1config-100_l2config-100,17,32.0,2.0,3.0,16.0,8.0,12.5,7.977526656245515,12.464885400383617,30.22249966269778,0.0,98.61938769832066,34078720.0,4194304.0,38273024.0,545259520.0,67108864.0,612368384.0,16.0,16.0,603192376.0,251771280.0,854963656.0,17131276.0,0.0,0.0,0.0,31374151.0,31316371.035714287,2483027968.0,1.4132590265778175,1314.4026364678225,33733792.0,144965632.0,213737475.0
test,l1config-100_l2config-100,18,32.0,2.0,3.0,16.0,8.0,12.5,7.977454204806705,12.464772195010475,30.226913701307645,0.0,98.62896517087493,34078720.0,4194304.0,38273024.0,545259520.0,67108864.0,612368384.0,16.0,16.0,603171896.0,251814844.0,854986740.0,17133876.0,0.0,0.0,0.0,31362402.0,31315159.76785714,2483027968.0,1.413788913432499,1313.996289938602,33744224.0,144965632.0,213760889.0
test,l1config-100_l2config-100,19,32.0,2.0,3.0,16.0,8.0,12.5,7.977462963232045,12.464785880050071,30.21700512914173,0.0,98.62377178849985,34078720.0,4194304.0,38273024.0,545259520.0,67108864.0,612368384.0,16.0,16.0,603147308.0,251761864.0,854909172.0,17139700.0,0.0,0.0,0.0,31372416.0,31320924.25,2483027968.0,1.4133372071048729,1314.881600264838,33721504.0,144965632.0,213750640.0
test,l1config-100_l2config-100,20,32.0,2.0,3.0,16.0,8.0,12.5,7.977442763324272,12.464754317694176,30.213901132576165,0.0,98.64125113809212,34078720.0,4194304.0,38273024.0,545259520.0,67108864.0,612368384.0,16.0,16.0,603115832.0,251797500.0,854913332.0,17133596.0,0.0,0.0,0.0,31360967.0,31312825.75,2483027968.0,1.413853176658164,1314.4425367896622,33732768.0,144965632.0,213727905.0
test,l1config-100_l2config-100,21,32.0,2.0,3.0,16.0,8.0,12.5,7.977444399919736,12.464756874874587,30.22613781248032,0.0,98.62841949485491,34078720.0,4194304.0,38273024.0,545259520.0,67108864.0,612368384.0,16.0,16.0,603163204.0,251796472.0,854959676.0,17138108.0,0.0,0.0,0.0,31357666.0,31322094.75,2483027968.0,1.414001831701145,1314.4924155986578,33731488.0,144965632.0,213744147.0
test,l1config-100_l2config-100,22,32.0,2.0,3.0,16.0,8.0,12.5,7.977433023172652,12.464739098707268,30.216955411009117,0.0,98.58079738238331,34078720.0,4194304.0,38273024.0,545259520.0,67108864.0,612368384.0,16.0,16.0,603135436.0,251736476.0,854871912.0,17133168.0,0.0,0.0,0.0,31370285.0,31319852.82142857,2483027968.0,1.4134333623182767,1314.6383328471998,33727744.0,144965632.0,213735734.0
test,l1config-100_l2config-100,23,32.0,2.0,3.0,16.0,8.0,12.5,7.977453778481829,12.464771528877858,30.226258358824065,0.0,98.63539188083092,34078720.0,4194304.0,38273024.0,545259520.0,67108864.0,612368384.0,16.0,16.0,603136912.0,251804544.0,854941456.0,17132680.0,0.0,0.0,0.0,31376005.0,31312717.464285713,2483027968.0,1.4131755624764675,1314.5061329347798,33731136.0,144965632.0,213751637.0
test,l1config-100_l2config-100,24,32.0,2.0,3.0,16.0,8.0,12.5,7.977538373977576,12.464903709339962,30.227360217205778,0.0,98.61510578338726,34078720.0,4194304.0,38273024.0,545259520.0,67108864.0,612368384.0,16.0,16.0,603184532.0,251826612.0,855011144.0,17130780.0,0.0,0.0,0.0,31368582.0,31311085.5,2483027968.0,1.4135102778852142,1314.7767971092424,33724192.0,144965632.0,213726882.0
test,l1config-100_l2config-100,25,32.0,2.0,3.0,16.0,8.0,12.5,7.977447890192858,12.46476232842634,30.221254420389826,0.0,98.62521592885865,34078720.0,4194304.0,38273024.0,545259520.0,67108864.0,612368384.0,16.0,16.0,603200616.0,251877648.0,855078264.0,17131640.0,0.0,0.0,0.0,31356299.0,31318857.85714286,2483027968.0,1.4140635324971413,1314.082274836724,33742016.0,144965632.0,213737439.0
test,l1config-100_l2config-100,26,32.0,2.0,3.0,16.0,8.0,12.5,7.977386096027424,12.464665775042851,30.218092623961564,0.0,98.62281656061457,34078720.0,4194304.0,38273024.0,545259520.0,67108864.0,612368384.0,16.0,16.0,603174372.0,251801548.0,854975920.0,17135996.0,0.0,0.0,0.0,31370338.0,31320143.35714286,2483027968.0,1.4134310644424213,1314.2492921531984,33737728.0,144965632.0,213762630.0
test,l1config-100_l2config-100,27,32.0,2.0,3.0,16.0,8.0,12.5,7.977471285227922,12.464798883168628,30.216116203446617,0.0,98.69303290853854,34078720.0,4194304.0,38273024.0,545259520.0,67108864.0,612368384.0,16.0,16.0,603175940.0,251764452.0,854940392.0,17128588.0,0.0,0.0,0.0,31368206.0,31317782.660714287,2483027968.0,1.413526905725026,1314.7755495532572,33724224.0,144965632.0,213740387.0
test,l1config-100_l2config-100,28,32.0,2.0,3.0,16.0,8.0,12.5,7.977414622122159,12.464710347065873,30.22823895110675,0.0,98.65217362377048,34078720.0,4194304.0,38273024.0,545259520.0,67108864.0,612368384.0,16.0,16.0,603175700.0,251847976.0,855023676.0,17139864.0,0.0,0.0,0.0,31379820.0,31311103.625,2483027968.0,1.413004037090871,1314.882848022089,33721472.0,144965632.0,213753950.0
test,l1config-100_l2config-100,29,32.0,2.0,3.0,16.0,8.0,12.5,7.977462108715107,12.464784544867355,30.221489519813264,0.0,98.641963168049,34078720.0,4194304.0,38273024.0,545259520.0,67108864.0,612368384.0,16.0,16.0,603189076.0,251822024.0,855011100.0,17137960.0,0.0,0.0,0.0,31375164.0,31311323.910714287,2483027968.0,1.4132137687132396,1314.839177927282,33722592.0,144965632.0,213738640.0
test,l1config-100_l2config-100,30,32.0,2.0,3.0,16.0,8.0,12.5,7.977370485491815,12.464641383580961,30.2338180184492,0.0,98.63503248458815,34078720.0,4194304.0,38273024.0,545259520.0,67108864.0,612368384.0,16.0,16.0,603180600.0,251837240.0,855017840.0,17132828.0,0.0,0.0,0.0,31363197.0,31318869.92857143,2483027968.0,1.4137524791618448,1314.01373523986,33743776.0,144965632.0,213734669.0
test,l1config-100_l2config-100,31,32.0,2.0,3.0,16.0,8.0,12.5,7.9774053012759625,12.464695783243691,30.22411545542693,0.0,98.62908428258174,34078720.0,4194304.0,38273024.0,545259520.0,67108864.0,612368384.0,16.0,16.0,603106200.0,251785940.0,854892140.0,17136584.0,0.0,0.0,0.0,31366709.0,31315345.0,2483027968.0,1.4135944011971915,1314.2767169640435,33737024.0,144965632.0,213776297.0
test,l1config-100_l2config-100,32,32.0,2.0,3.0,16.0,8.0,12.5,7.977453285634065,12.464770758803228,30.222805043175917,0.0,98.61407393924532,34078720.0,4194304.0,38273024.0,545259520.0,67108864.0,612368384.0,16.0,16.0,603202616.0,251767368.0,854969984.0,17133628.0,0.0,0.0,0.0,31366767.0,31315943.92857143,2483027968.0,1.41359187746481,1314.6071512264848,33728544.0,144965632.0,213733899.0
test,l1config-100_l2config-100,33,32.0,2.0,3.0,16.0,8.0,12.5,7.977452663241442,12.464769786314752,30.213381465449647,0.0,98.5978402518283,34078720.0,4194304.0,38273024.0,545259520.0,67108864.0,612368384.0,16.0,16.0,603137388.0,251808292.0,854945680.0,17137352.0,0.0,0.0,0.0,31374948.0,31322833.01785714,2483027968.0,1.4132232727369636,1314.8653796360688,33721920.0,144965632.0,213752236.0
test,l1config-100_l2config-100,34,32.0,2.0,3.0,16.0,8.0,12.5,7.977455693012187,12.464774520331542,30.23084390859301,0.0,98.61341129922032,34078720.0,4194304.0,38273024.0,545259520.0,67108864.0,612368384.0,16.0,16.0,603129796.0,251803808.0,854933604.0,17135688.0,0.0,0.0,0.0,31369099.0,31317081.214285713,2483027968.0,1.4134868013032271,1314.1869672939881,33739328.0,144965632.0,213721309.0
test,l1config-100_l2config-100,35,32.0,2.0,3.0,16.0,8.0,12.5,7.977362352286756,12.464628675448056,30.21470192833234,0.0,98.63460633454923,34078720.0,4194304.0,38273024.0,545259520.0,67108864.0,612368384.0,16.0,16.0,603150656.0,251763832.0,854914488.0,17134088.0,0.0,0.0,0.0,31376454.0,31316361.089285713,2483027968.0,1.4131556212854024,1314.8192154214848,33723104.0,144965632.0,213756426.0
test,l1config-100_l2config-100,36,32.0,2.0,3.0,16.0,8.0,12.5,7.9774313378553305,12.464736465398953,30.20787499941722,0.0,98.62290294379767,34078720.0,4194304.0,38273024.0,545259520.0,67108864.0,612368384.0,16.0,16.0,603094540.0,251738484.0,854833024.0,17135444.0,0.0,0.0,0.0,31362978.0,31312211.14285714,2483027968.0,1.4137622383585873,1314.840425604021,33722560.0,144965632.0,213742481.0
test,l1config-100_l2config-100,37,32.0,2.0,3.0,16.0,8.0,12.5,7.977415601743748,12.464711877724605,30.226497313218747,0.0,98.65489419184777,34078720.0,4194304.0,38273024.0,545259520.0,67108864.0,612368384.0,16.0,16.0,603110120.0,251900936.0,855011056.0,17141084.0,0.0,0.0,0.0,31367054.0,31309367.035714287,2483027968.0,1.4135788984120463,1315.0238598461642,33717856.0,144965632.0,213768256.0
test,l1config-100_l2config-100,38,32.0,2.0,3.0,16.0,8.0,12.5,7.97747088644116,12.464798260064311,30.215726322333374,0.0,98.63386256644627,34078720.0,4194304.0,38273024.0,545259520.0,67108864.0,612368384.0,16.0,16.0,603195160.0,251844316.0,855039476.0,17142932.0,0.0,0.0,0.0,31365750.0,31315882.42857143,2483027968.0,1.4136379820687774,1315.0850159678653,33716288.0,144965632.0,213749950.0
test,l1config-100_l2config-100,39,32.0,2.0,3.0,16.0,8.0,12.5,7.977463266000345,12.464786353125538,30.223186319058488,0.0,98.64139314578527,34078720.0,4194304.0,38273024.0,545259520.0,67108864.0,612368384.0,16.0,16.0,603144604.0,251809456.0,854954060.0,17137424.0,0.0,0.0,0.0,31365011.0,31311995.214285713,2483027968.0,1.4136707145575653,1314.335310167359,33735520.0,144965632.0,213722690.0
test,l1config-100_l2config-100,40,32.0,2.0,3.0,16.0,8.0,12.5,7.977387384021944,12.464667787534287,30.235887092994446,0.0,98.61851611359863,34078720.0,4194304.0,38273024.0,545259520.0,67108864.0,612368384.0,16.0,16.0,603150556.0,251803808.0,854954364.0,17146196.0,0.0,0.0,0.0,31361943.0,31309881.26785714,2483027968.0,1.4138093007645915,1314.7643216559259,33724512.0,144965632.0,213735421.0
test,l1config-100_l2config-100,41,32.0,2.0,3.0,16.0,8.0,12.5,7.977450900245034,12.464767031632865,30.219049381258102,0.0,98.58068228467747,34078720.0,4194304.0,38273024.0,545259520.0,67108864.0,612368384.0,16.0,16.0,603154496.0,251802208.0,854956704.0,17133664.0,0.0,0.0,0.0,31367670.0,31316052.23214286,2483027968.0,1.4135511159283671,1314.2480455980817,33737760.0,144965632.0,213728703.0
test,l1config-100_l2config-100,42,32.0,2.0,3.0,16.0,8.0,12.5,7.977434626602967,12.464741604067136,30.21720153161024,0.0,98.62745090053092,34078720.0,4194304.0,38273024.0,545259520.0,67108864.0,612368384.0,16.0,16.0,603136056.0,251728688.0,854864744.0,17133220.0,0.0,0.0,0.0,31365342.0,31318561.55357143,2483027968.0,1.4136560326376035,1314.0075047219489,33743936.0,144965632.0,213733052.0
test,l1config-100_l2config-100,43,32.0,2.0,3.0,16.0,8.0,12.5,7.97744785023266,12.464762265988531,30.21308841331678,0.0,98.61125499477245,34078720.0,4194304.0,38273024.0,545259520.0,67108864.0,612368384.0,16.0,16.0,603188068.0,251790096.0,854978164.0,17155092.0,0.0,0.0,0.0,31367345.0,31317693.82142857,2483027968.0,1.4135656266757366,1314.442536789662,33732768.0,144965632.0,213750046.0
test,l1config-100_l2config-100,44,32.0,2.0,3.0,16.0,8.0,12.5,7.977429378720333,12.46473340425052,30.21632922848837,0.0,98.645609857252,34078720.0,4194304.0,38273024.0,545259520.0,67108864.0,612368384.0,16.0,16.0,603149216.0,251865520.0,855014736.0,17142036.0,0.0,0.0,0.0,31378063.0,31317547.32142857,2483027968.0,1.4130834503632677,1314.2567715335565,33737536.0,144965632.0,213762110.0
test,l1config-100_l2config-100,45,32.0,2.0,3.0,16.0,8.0,12.5,7.977390913389362,12.464673302170878,30.210548659815807,0.0,98.63334453252463,34078720.0,4194304.0,38273024.0,545259520.0,67108864.0,612368384.0,16.0,16.0,603154548.0,251844028.0,854998576.0,17129668.0,0.0,0.0,0.0,31373780.0,31321972.035714287,2483027968.0,1.4132758399541867,1314.3103762507988,33736160.0,144965632.0,213755204.0
test,l1config-100_l2config-100,46,32.0,2.0,3.0,16.0,8.0,12.5,7.977367224020633,12.46463628753224,30.20677070852956,0.0,98.62242391908319,34078720.0,4194304.0,38273024.0,545259520.0,67108864.0,612368384.0,16.0,16.0,603216964.0,251796448.0,855013412.0,17141760.0,0.0,0.0,0.0,31368877.0,31315093.67857143,2483027968.0,1.4134967032789423,1314.0959836141199,33741664.0,144965632.0,213742802.0
test,l1config-100_l2config-100,47,32.0,2.0,3.0,16.0,8.0,12.5,7.977421303161603,12.464720786190005,30.225908642982013,0.0,98.62942296776095,34078720.0,4194304.0,38273024.0,545259520.0,67108864.0,612368384.0,16.0,16.0,603126904.0,251779592.0,854906496.0,17128320.0,0.0,0.0,0.0,31354852.0,31314182.285714287,2483027968.0,1.414128598679542,1314.5173564227364,33730848.0,144965632.0,213763328.0
test,l1config-100_l2config-100,48,32.0,2.0,3.0,16.0,8.0,12.5,7.9774338182942985,12.464740341084841,30.222438898408154,0.0,98.60965242321629,34078720.0,4194304.0,38273024.0,545259520.0,67108864.0,612368384.0,16.0,16.0,603146588.0,251792008.0,854938596.0,17127440.0,0.0,0.0,0.0,31367131.0,31318045.89285714,2483027968.0,1.4135751466990112,1313.9701228552353,33744896.0,144965632.0,213750611.0
test,l1config-100_l2config-100,49,32.0,2.0,3.0,16.0,8.0,12.5,7.977393473386417,12.464677302166278,30.2294142167974,0.0,98.61067561866037,34078720.0,4194304.0,38273024.0,545259520.0,67108864.0,612368384.0,16.0,16.0,603121840.0,251793976.0,854915816.0,17145704.0,0.0,0.0,0.0,31366543.0,31316877.35714286,2483027968.0,1.4136015781104023,1314.3851808387305,33734240.0,144965632.0,213739936.0
test,l1config-40_l2config-85,0,32.0,2.0,2.0,16.0,8.0,12.5,7.976446814034066,12.463198146928228,46.05642362996329,0.0,98.52806733510516,34078720.0,4194304.0,38273024.0,545259520.0,67108864.0,612368384.0,16.0,16.0,545502912.0,250657784.0,796160696.0,17425404.0,0.0,0.0,0.0,30704211.0,30644067.839285713,2483027968.0,1.4440948417256207,1343.2351858937793,33009696.0,144965632.0,199032773.0
test,l1config-40_l2config-85,1,32.0,2.0,2.0,16.0,8.0,12.5,7.976373723855492,12.463083943524206,46.05861977997044,0.0,98.53049825629273,34078720.0,4194304.0,38273024.0,545259520.0,67108864.0,612368384.0,16.0,16.0,545499816.0,250629680.0,796129496.0,17404380.0,0.0,0.0,0.0,30700810.0,30650147.85714286,2483027968.0,1.4442547816166302,1343.1206066008288,33012512.0,144965632.0,199032378.0
test,l1config-40_l2config-85,2,32.0,2.0,2.0,16.0,8.0,12.5,7.976484836975246,12.463257557773822,46.055958128852694,0.0,98.55347646266715,34078720.0,4194304.0,38273024.0,545259520.0,67108864.0,612368384.0,16.0,16.0,545503372.0,250662124.0,796165496.0,17433932.0,0.0,0.0,0.0,30705642.0,30649356.17857143,2483027968.0,1.4440273415186853,1343.6546086320966,32999392.0,144965632.0,199020167.0
test,l1config-40_l2config-85,3,32.0,2.0,2.0,16.0,8.0,12.5,7.976418044060605,12.463153193844695,46.057032443861715,0.0,98.54876665559709,34078720.0,4194304.0,38273024.0,545259520.0,67108864.0,612368384.0,16.0,16.0,545499980.0,250625536.0,796125516.0,17334860.0,0.0,0.0,0.0,30707215.0,30645458.714285713,2483027968.0,1.443953487696437,1343.4604953695878,33004160.0,144965632.0,199044080.0
test,l1config-40_l2config-85,4,32.0,2.0,2.0,16.0,8.0,12.5,7.976409422730109,12.463139723015795,46.05618642050271,0.0,98.55629821700217,34078720.0,4194304.0,38273024.0,545259520.0,67108864.0,612368384.0,16.0,16.0,545501156.0,250624708.0,796125864.0,17404012.0,0.0,0.0,0.0,30695382.0,30655329.89285714,2483027968.0,1.444510399140116,1343.5842523786205,33001120.0,144965632.0,199027069.0
test,l1config-40_l2config-85,5,32.0,2.0,2.0,16.0,8.0,12.5,7.976431921518754,12.463174877373053,46.056287882544495,0.0,98.53412515043834,34078720.0,4194304.0,38273024.0,545259520.0,67108864.0,612368384.0,16.0,16.0,545499352.0,250610736.0,796110088.0,17405132.0,0.0,0.0,0.0,30696793.0,30641274.589285713,2483027968.0,1.4444440011685962,1343.409696461172,33005408.0,144965632.0,199032490.0
test,l1config-40_l2config-85,6,32.0,2.0,2.0,16.0,8.0,12.5,7.9763919686158555,12.463112450962274,46.05711744741756,0.0,98.5422463113321,34078720.0,4194304.0,38273024.0,545259520.0,67108864.0,612368384.0,16.0,16.0,545502048.0,250598924.0,796100972.0,17403836.0,0.0,0.0,0.0,30706528.0,30644087.160714287,2483027968.0,1.4439856758420495,1343.3367611568729,33007200.0,144965632.0,199031394.0
test,l1config-40_l2config-85,7,32.0,2.0,2.0,16.0,8.0,12.5,7.976440864617927,12.46318885096551,46.057564849696156,0.0,98.52942113700051,34078720.0,4194304.0,38273024.0,545259520.0,67108864.0,612368384.0,16.0,16.0,545501752.0,250628796.0,796130548.0,17450368.0,0.0,0.0,0.0,30692408.0,30647190.98214286,2483027968.0,1.4446503678001754,1343.3523894839523,33006816.0,144965632.0,199030545.0
test,l1config-40_l2config-85,8,32.0,2.0,2.0,16.0,8.0,12.5,7.976410579273814,12.463141530115335,46.05731838004882,0.0,98.53035561211809,34078720.0,4194304.0,38273024.0,545259520.0,67108864.0,612368384.0,16.0,16.0,545497088.0,250633160.0,796130248.0,17359916.0,0.0,0.0,0.0,30699225.0,30648755.69642857,2483027968.0,1.4443293014077618,1342.6976137918164,33022912.0,144965632.0,199030874.0
test,l1config-40_l2config-85,9,32.0,2.0,2.0,16.0,8.0,12.5,7.976416571964568,12.463150893694637,46.05736633664517,0.0,98.52143744649923,34078720.0,4194304.0,38273024.0,545259520.0,67108864.0,612368384.0,16.0,16.0,545498392.0,250604884.0,796103276.0,17429332.0,0.0,0.0,0.0,30700640.0,30650374.14285714,2483027968.0,1.4442630024093932,1343.2416966678097,33009536.0,144965632.0,199029163.0
test,l1config-40_l2config-85,10,32.0,2.0,2.0,16.0,8.0,12.5,7.976416838875102,12.463151310742347,46.05806959463238,0.0,98.55890500335947,34078720.0,4194304.0,38273024.0,545259520.0,67108864.0,612368384.0,16.0,16.0,545497788.0,250623808.0,796121596.0,17403580.0,0.0,0.0,0.0,30699207.0,30645993.089285713,2483027968.0,1.4443300541721558,1343.1583635264863,33011584.0,144965632.0,199033605.0
test,l1config-40_l2config-85,11,32.0,2.0,2.0,16.0,8.0,12.5,7.976441928982763,12.463190514035567,46.057642664187306,0.0,98.53749334281903,34078720.0,4194304.0,38273024.0,545259520.0,67108864.0,612368384.0,16.0,16.0,545498212.0,250586300.0,796084512.0,17415080.0,0.0,0.0,0.0,30699701.0,30647177.875,2483027968.0,1.444306777648656,1343.5282332238487,33002496.0,144965632.0,199036692.0
test,l1config-40_l2config-85,12,32.0,2.0,2.0,16.0,8.0,12.5,7.976419406074541,12.46315532199147,46.05521147175835,0.0,98.49932542308304,34078720.0,4194304.0,38273024.0,545259520.0,67108864.0,612368384.0,16.0,16.0,545497612.0,250598144.0,796095756.0,17379888.0,0.0,0.0,0.0,30698263.0,30642258.0,2483027968.0,1.4443749274046898,1343.2859716051219,33008448.0,144965632.0,199041093.0
test,l1config-40_l2config-85,13,32.0,2.0,2.0,16.0,8.0,12.5,7.976393780503442,12.463115282036629,46.0572865635464,0.0,98.5089530924617,34078720.0,4194304.0,38273024.0,545259520.0,67108864.0,612368384.0,16.0,16.0,545498844.0,250623572.0,796122416.0,17433176.0,0.0,0.0,0.0,30705618.0,30649460.535714287,2483027968.0,1.4440284584364491,1343.2768559382557,33008672.0,144965632.0,199034247.0
test,l1config-40_l2config-85,14,32.0,2.0,2.0,16.0,8.0,12.5,7.976374461841926,12.46308509662801,46.05649986389108,0.0,98.52011354183182,34078720.0,4194304.0,38273024.0,545259520.0,67108864.0,612368384.0,16.0,16.0,545502144.0,250636280.0,796138424.0,17405612.0,0.0,0.0,0.0,30697539.0,30650152.910714287,2483027968.0,1.4444085106387732,1343.5230223771644,33002624.0,144965632.0,199021202.0
test,l1config-40_l2config-85,15,32.0,2.0,2.0,16.0,8.0,12.5,7.976392639139768,12.463113498655888,46.05716577338747,0.0,98.53014678078111,34078720.0,4194304.0,38273024.0,545259520.0,67108864.0,612368384.0,16.0,16.0,545499784.0,250580256.0,796080040.0,17141792.0,0.0,0.0,0.0,30703387.0,30646600.5,2483027968.0,1.4441335034565088,1343.2742514847323,33008736.0,144965632.0,199028889.0
test,l1config-40_l2config-85,16,32.0,2.0,2.0,16.0,8.0,12.5,7.976440559186028,12.463188373728169,46.05671125171566,0.0,98.4985453654379,34078720.0,4194304.0,38273024.0,545259520.0,67108864.0,612368384.0,16.0,16.0,545502304.0,250658636.0,796160940.0,17296624.0,0.0,0.0,0.0,30702950.0,30649355.57142857,2483027968.0,1.444154269705443,1343.5047847320743,33003072.0,144965632.0,199033444.0
test,l1config-40_l2config-85,17,32.0,2.0,2.0,16.0,8.0,12.5,7.976438449808007,12.46318507782501,46.05766479117885,0.0,98.53084840307308,34078720.0,4194304.0,38273024.0,545259520.0,67108864.0,612368384.0,16.0,16.0,545503404.0,250598508.0,796101912.0,17410636.0,0.0,0.0,0.0,30698300.0,30651243.89285714,2483027968.0,1.4443731277167928,1343.3615061760129,33006592.0,144965632.0,199038011.0
test,l1config-40_l2config-85,18,32.0,2.0,2.0,16.0,8.0,12.5,7.976442038850679,12.463190685704186,46.057690229061436,0.0,98.52801150689328,34078720.0,4194304.0,38273024.0,545259520.0,67108864.0,612368384.0,16.0,16.0,545499228.0,250625520.0,796124748.0,17405340.0,0.0,0.0,0.0,30699260.0,30641067.23214286,2483027968.0,1.4443277253098534,1343.1206066008288,33012512.0,144965632.0,199046792.0
test,l1config-40_l2config-85,19,32.0,2.0,2.0,16.0,8.0,12.5,7.976398845672654,12.463123196363522,46.05728122240459,0.0,98.52654292709204,34078720.0,4194304.0,38273024.0,545259520.0,67108864.0,612368384.0,16.0,16.0,545498188.0,250626604.0,796124792.0,17411292.0,0.0,0.0,0.0,30689267.0,30644303.17857143,2483027968.0,1.4447980255392632,1343.370622991816,33006368.0,144965632.0,199027991.0
test,l1config-40_l2config-85,20,32.0,2.0,2.0,16.0,8.0,12.5,7.976397848388624,12.463121638107225,46.05752574588733,0.0,98.53887077641551,34078720.0,4194304.0,38273024.0,545259520.0,67108864.0,612368384.0,16.0,16.0,545501100.0,250593820.0,796094920.0,17235784.0,0.0,0.0,0.0,30693648.0,30649782.839285713,2483027968.0,1.4445920285405442,1343.3146216493058,33007744.0,144965632.0,199027507.0
test,l1config-40_l2config-85,21,32.0,2.0,2.0,16.0,8.0,12.5,7.976488272821003,12.463262926282818,46.05614676633814,0.0,98.53330337754566,34078720.0,4194304.0,38273024.0,545259520.0,67108864.0,612368384.0,16.0,16.0,545500352.0,250629232.0,796129584.0,17405280.0,0.0,0.0,0.0,30695927.0,30639582.30357143,2483027968.0,1.4444846462610386,1343.528233223849,33002496.0,144965632.0,199033282.0
test,l1config-40_l2config-85,22,32.0,2.0,2.0,16.0,8.0,12.5,7.976387122581985,12.463104879034352,46.055910453503856,0.0,98.51464978765242,34078720.0,4194304.0,38273024.0,545259520.0,67108864.0,612368384.0,16.0,16.0,545500844.0,250607596.0,796108440.0,17430260.0,0.0,0.0,0.0,30698053.0,30647694.35714286,2483027968.0,1.4443843376105177,1343.0333831997868,33014656.0,144965632.0,199017152.0
test,l1config-40_l2config-85,23,32.0,2.0,2.0,16.0,8.0,12.5,7.976347579990704,12.463043093735475,46.059972664205496,0.0,98.52963148942722,34078720.0,4194304.0,38273024.0,545259520.0,67108864.0,612368384.0,16.0,16.0,545502368.0,250648176.0,796150544.0,17367776.0,0.0,0.0,0.0,30700102.0,30654521.05357143,2483027968.0,1.4442883122187682,1343.3992766470974,33005664.0,144965632.0,199024388.0
test,l1config-40_l2config-85,24,32.0,2.0,2.0,16.0,8.0,12.5,7.976351132602184,12.463048644690913,46.05583704329852,0.0,98.52624538057896,34078720.0,4194304.0,38273024.0,545259520.0,67108864.0,612368384.0,16.0,16.0,545500376.0,250611760.0,796112136.0,17425944.0,0.0,0.0,0.0,30699351.0,30654832.60714286,2483027968.0,1.444323279320858,1343.4982714073924,33003232.0,144965632.0,199030983.0
test,l1config-40_l2config-85,25,32.0,2.0,2.0,16.0,8.0,12.5,7.976415124468765,12.463148631982445,46.05670513908692,0.0,98.53330551462159,34078720.0,4194304.0,38273024.0,545259520.0,67108864.0,612368384.0,16.0,16.0,545502900.0,250614312.0,796117212.0,17431400.0,0.0,0.0,0.0,30696510.0,30646376.035714287,2483027968.0,1.4444573885035812,1343.6520027135339,32999456.0,144965632.0,199027566.0
test,l1config-40_l2config-85,26,32.0,2.0,2.0,16.0,8.0,12.5,7.976427408417774,12.463167825652773,46.05778805984194,0.0,98.54573844982748,34078720.0,4194304.0,38273024.0,545259520.0,67108864.0,612368384.0,16.0,16.0,545501200.0,250592524.0,796093724.0,17443444.0,0.0,0.0,0.0,30695756.0,30649765.01785714,2483027968.0,1.4444928696708266,1343.8201051632866,32995328.0,144965632.0,199031412.0
test,l1config-40_l2config-85,27,32.0,2.0,2.0,16.0,8.0,12.5,7.976418022540694,12.463153160219836,46.05768186846107,0.0,98.53885239359028,34078720.0,4194304.0,38273024.0,545259520.0,67108864.0,612368384.0,16.0,16.0,545500676.0,250623372.0,796124048.0,17259816.0,0.0,0.0,0.0,30701491.0,30644263.089285713,2483027968.0,1.44422272259507,1343.2377901958173,33009632.0,144965632.0,199025338.0
test,l1config-40_l2config-85,28,32.0,2.0,2.0,16.0,8.0,12.5,7.976403176079707,12.463129962624542,46.057840720286706,0.0,98.49727071248384,34078720.0,4194304.0,38273024.0,545259520.0,67108864.0,612368384.0,16.0,16.0,545500344.0,250640376.0,796140720.0,17440204.0,0.0,0.0,0.0,30692033.0,30650040.42857143,2483027968.0,1.4446677598828739,1343.3615061760129,33006592.0,144965632.0,199016582.0
test,l1config-40_l2config-85,29,32.0,2.0,2.0,16.0,8.0,12.5,7.976422404716518,12.46316000736956,46.05742693434905,0.0,98.53149297192117,34078720.0,4194304.0,38273024.0,545259520.0,67108864.0,612368384.0,16.0,16.0,545502208.0,250630076.0,796132284.0,17325088.0,0.0,0.0,0.0,30701945.0,30648472.714285713,2483027968.0,1.44420134286482,1343.0594188497741,33014016.0,144965632.0,199029829.0
test,l1config-40_l2config-85,30,32.0,2.0,2.0,16.0,8.0,12.5,7.976429383190662,12.463170911235409,46.058865741441295,0.0,98.5452369883685,34078720.0,4194304.0,38273024.0,545259520.0,67108864.0,612368384.0,16.0,16.0,545502112.0,250618348.0,796120460.0,17411052.0,0.0,0.0,0.0,30692944.0,30643418.94642857,2483027968.0,1.4446251629675042,1343.3120170493337,33007808.0,144965632.0,199030139.0
test,l1config-40_l2config-85,31,32.0,2.0,2.0,16.0,8.0,12.5,7.976439205971538,12.463186259330527,46.05577760370318,0.0,98.53778840738788,34078720.0,4194304.0,38273024.0,545259520.0,67108864.0,612368384.0,16.0,16.0,545496664.0,250606016.0,796102680.0,17406644.0,0.0,0.0,0.0,30690174.0,30643961.76785714,2483027968.0,1.4447553503284656,1343.5126008050554,33002880.0,144965632.0,199031741.0
test,l1config-40_l2config-85,32,32.0,2.0,2.0,16.0,8.0,12.5,7.9764126674701075,12.463144792922042,46.05616784116859,0.0,98.53486853204274,34078720.0,4194304.0,38273024.0,545259520.0,67108864.0,612368384.0,16.0,16.0,545497244.0,250611196.0,796108440.0,17263212.0,0.0,0.0,0.0,30702505.0,30650884.589285713,2483027968.0,1.444175083589314,1343.8787554488013,32993888.0,144965632.0,199035299.0
test,l1config-40_l2config-85,33,32.0,2.0,2.0,16.0,8.0,12.5,7.976454377662866,12.463209965098228,46.05752575974524,0.0,98.49562228968024,34078720.0,4194304.0,38273024.0,545259520.0,67108864.0,612368384.0,16.0,16.0,545500828.0,250611204.0,796112032.0,17406192.0,0.0,0.0,0.0,30692560.0,30640160.30357143,2483027968.0,1.444643248699021,1343.0385902490302,33014528.0,144965632.0,199029076.0
test,l1config-40_l2config-85,34,32.0,2.0,2.0,16.0,8.0,12.5,7.9763760387488505,12.463087560545079,46.056138054603075,0.0,98.54427467928392,34078720.0,4194304.0,38273024.0,545259520.0,67108864.0,612368384.0,16.0,16.0,545497916.0,250616180.0,796114096.0,17435068.0,0.0,0.0,0.0,30707627.0,30649513.89285714,2483027968.0,1.4439342554352963,1343.3953692584912,33005760.0,144965632.0,199032458.0
test,l1config-40_l2config-85,35,32.0,2.0,2.0,16.0,8.0,12.5,7.97639929961749,12.463123905652328,46.056793986508026,0.0,98.53635555340571,34078720.0,4194304.0,38273024.0,545259520.0,67108864.0,612368384.0,16.0,16.0,545501352.0,250618564.0,796119916.0,17410544.0,0.0,0.0,0.0,30700394.0,30636993.32142857,2483027968.0,1.4442743517262913,1342.6924093862085,33023040.0,144965632.0,199028061.0
test,l1config-40_l2config-85,36,32.0,2.0,2.0,16.0,8.0,12.5,7.976453085826084,12.463207946603257,46.0571998881326,0.0,98.51629484001141,34078720.0,4194304.0,38273024.0,545259520.0,67108864.0,612368384.0,16.0,16.0,545500720.0,250655268.0,796155988.0,17411092.0,0.0,0.0,0.0,30702758.0,30647329.42857143,2483027968.0,1.4441633124999274,1343.9139480775434,32993024.0,144965632.0,199032156.0
test,l1config-40_l2config-85,37,32.0,2.0,2.0,16.0,8.0,12.5,7.976413481076762,12.46314606418244,46.05841703954673,0.0,98.53604594139784,34078720.0,4194304.0,38273024.0,545259520.0,67108864.0,612368384.0,16.0,16.0,545499524.0,250586920.0,796086444.0,17382336.0,0.0,0.0,0.0,30700930.0,30644364.910714287,2483027968.0,1.4442491835337774,1343.6598204995464,32999264.0,144965632.0,199038719.0
test,l1config-40_l2config-85,38,32.0,2.0,2.0,16.0,8.0,12.5,7.9763956310186375,12.46311817346662,46.056627897899524,0.0,98.52867597725118,34078720.0,4194304.0,38273024.0,545259520.0,67108864.0,612368384.0,16.0,16.0,545504640.0,250651956.0,796156596.0,17408988.0,0.0,0.0,0.0,30697104.0,30646053.30357143,2483027968.0,1.444429049526293,1343.2351858937793,33009696.0,144965632.0,199025401.0
test,l1config-40_l2config-85,39,32.0,2.0,2.0,16.0,8.0,12.5,7.976376156302834,12.463087744223177,46.05678436108235,0.0,98.53716986236553,34078720.0,4194304.0,38273024.0,545259520.0,67108864.0,612368384.0,16.0,16.0,545501832.0,250603188.0,796105020.0,17331812.0,0.0,0.0,0.0,30693036.0,30641870.10714286,2483027968.0,1.4446205268802297,1343.0320814437846,33014688.0,144965632.0,199029495.0
test,l1config-40_l2config-85,40,32.0,2.0,2.0,16.0,8.0,12.5,7.976392940529576,12.463113969577462,46.05773955508663,0.0,98.50654019356692,34078720.0,4194304.0,38273024.0,545259520.0,67108864.0,612368384.0,16.0,16.0,545500612.0,250595604.0,796096216.0,17434048.0,0.0,0.0,0.0,30694148.0,30649663.48214286,2483027968.0,1.4445684729582824,1342.911029164787,33017664.0,144965632.0,199027633.0
test,l1config-40_l2config-85,41,32.0,2.0,2.0,16.0,8.0,12.5,7.976441332561025,12.463189582126603,46.05714709947023,0.0,98.53552548062564,34078720.0,4194304.0,38273024.0,545259520.0,67108864.0,612368384.0,16.0,16.0,545500264.0,250612936.0,796113200.0,17437736.0,0.0,0.0,0.0,30701433.0,30640439.67857143,2483027968.0,1.444225674411738,1343.7875238833217,32996128.0,144965632.0,199027933.0
test,l1config-40_l2config-85,42,32.0,2.0,2.0,16.0,8.0,12.5,7.976434041027065,12.463178189104788,46.05877515927151,0.0,98.49378136509908,34078720.0,4194304.0,38273024.0,545259520.0,67108864.0,612368384.0,16.0,16.0,545504868.0,250630552.0,796135420.0,17392196.0,0.0,0.0,0.0,30700615.0,30644651.80357143,2483027968.0,1.444263931517752,1342.5831261874725,33025728.0,144965632.0,199036119.0
test,l1config-40_l2config-85,43,32.0,2.0,2.0,16.0,8.0,12.5,7.976398745284968,12.463123039507762,46.05800893301941,0.0,98.50166056103103,34078720.0,4194304.0,38273024.0,545259520.0,67108864.0,612368384.0,16.0,16.0,545501992.0,250634236.0,796136228.0,17243028.0,0.0,0.0,0.0,30699839.0,30640264.14285714,2483027968.0,1.4443006616578,1343.1831019736328,33010976.0,144965632.0,199043948.0
test,l1config-40_l2config-85,44,32.0,2.0,2.0,16.0,8.0,12.5,7.976403527848048,12.463130512262575,46.0575475154451,0.0,98.55246102293863,34078720.0,4194304.0,38273024.0,545259520.0,67108864.0,612368384.0,16.0,16.0,545501260.0,250592176.0,796093436.0,17424040.0,0.0,0.0,0.0,30690344.0,30644116.25,2483027968.0,1.4447473946109959,1343.94132139646,32992352.0,144965632.0,199041150.0
test,l1config-40_l2config-85,45,32.0,2.0,2.0,16.0,8.0,12.5,7.976427676238022,12.46316824412191,46.056454511248205,0.0,98.52691525228704,34078720.0,4194304.0,38273024.0,545259520.0,67108864.0,612368384.0,16.0,16.0,545501964.0,250604448.0,796106412.0,17178364.0,0.0,0.0,0.0,30702509.0,30648360.285714287,2483027968.0,1.4441749659950645,1343.4696135290392,33003936.0,144965632.0,199039360.0
test,l1config-40_l2config-85,46,32.0,2.0,2.0,16.0,8.0,12.5,7.976417090527431,12.463151703949112,46.05701865862197,0.0,98.50868831084289,34078720.0,4194304.0,38273024.0,545259520.0,67108864.0,612368384.0,16.0,16.0,545501296.0,250612828.0,796114124.0,17374844.0,0.0,0.0,0.0,30692686.0,30642850.589285713,2483027968.0,1.4446371886929923,1343.04249556246,33014432.0,144965632.0,199037714.0
test,l1config-40_l2config-85,47,32.0,2.0,2.0,16.0,8.0,12.5,7.976381595485993,12.463096242946865,46.05617250269211,0.0,98.5313845005994,34078720.0,4194304.0,38273024.0,545259520.0,67108864.0,612368384.0,16.0,16.0,545497312.0,250603100.0,796100412.0,17416852.0,0.0,0.0,0.0,30703724.0,30650868.339285713,2483027968.0,1.4441177821805535,1343.4070914924998,33005472.0,144965632.0,199029012.0
test,l1config-40_l2config-85,48,32.0,2.0,2.0,16.0,8.0,12.5,7.9764357219165065,12.46318081549454,46.057460032843395,0.0,98.52029320979496,34078720.0,4194304.0,38273024.0,545259520.0,67108864.0,612368384.0,16.0,16.0,545502192.0,250655584.0,796157776.0,17405108.0,0.0,0.0,0.0,30700428.0,30657792.589285713,2483027968.0,1.444272599333074,1343.0151588453919,33015104.0,144965632.0,199046331.0
test,l1config-40_l2config-85,49,32.0,2.0,2.0,16.0,8.0,12.5,7.97644136636675,12.463189634948046,46.05673787219635,0.0,98.52046561240756,34078720.0,4194304.0,38273024.0,545259520.0,67108864.0,612368384.0,16.0,16.0,545499316.0,250620968.0,796120284.0,17229872.0,0.0,0.0,0.0,30704836.0,30644138.660714287,2483027968.0,1.444065705694161,1343.3589013942262,33006656.0,144965632.0,199037227.0
test,l1config-25_l2config-85,0,32.0,2.0,1.0,16.0,4.0,6.25,3.9982238158454657,6.24722471225854,46.37964881165848,0.0,98.59549682444506,34078720.0,4194304.0,38273024.0,545259520.0,67108864.0,612368384.0,16.0,16.0,545263176.0,276338216.0,821601392.0,17397256.0,0.0,0.0,0.0,40292811.0,40107227.196428575,2483027968.0,1.1004391526199517,1025.159798606616,43251584.0,144965632.0,205402089.0
test,l1config-25_l2config-85,1,32.0,2.0,1.0,16.0,4.0,6.25,3.998222260908972,6.247222282670268,46.37978262211573,0.0,98.59467311403343,34078720.0,4194304.0,38273024.0,545259520.0,67108864.0,612368384.0,16.0,16.0,545263232.0,276335356.0,821598588.0,17401368.0,0.0,0.0,0.0,40254809.0,40113812.66071428,2483027968.0,1.1014779866168445,1025.2720647492538,43246848.0,144965632.0,205400583.0
test,l1config-25_l2config-85,2,32.0,2.0,1.0,16.0,4.0,6.25,3.9982271175552975,6.247229871180152,46.37927281904945,0.0,98.57789798727424,34078720.0,4194304.0,38273024.0,545259520.0,67108864.0,612368384.0,16.0,16.0,545262688.0,276356292.0,821618980.0,17394440.0,0.0,0.0,0.0,40284572.0,40123339.53571428,2483027968.0,1.1006642280867622,1024.785250353364,43267392.0,144965632.0,205401738.0
test,l1config-25_l2config-85,3,32.0,2.0,1.0,16.0,4.0,6.25,3.998209083615673,6.247201693149489,46.37932021635642,0.0,98.59296964849129,34078720.0,4194304.0,38273024.0,545259520.0,67108864.0,612368384.0,16.0,16.0,545262784.0,276356900.0,821619684.0,17403432.0,0.0,0.0,0.0,40227068.0,40131609.58928572,2483027968.0,1.1022377484364851,1023.7978777416198,43309120.0,144965632.0,205402568.0
test,l1config-25_l2config-85,4,32.0,2.0,1.0,16.0,4.0,6.25,3.9982319539288222,6.247237428013785,46.37901388592004,0.0,98.62125268711802,34078720.0,4194304.0,38273024.0,545259520.0,67108864.0,612368384.0,16.0,16.0,545264040.0,276354804.0,821618844.0,17401080.0,0.0,0.0,0.0,40241262.0,40103108.178571425,2483027968.0,1.101848902667104,1024.5094425120596,43279040.0,144965632.0,205400066.0
test,l1config-25_l2config-85,5,32.0,2.0,1.0,16.0,4.0,6.25,3.998215175950408,6.2472112124225125,46.379259663803076,0.0,98.59318201317,34078720.0,4194304.0,38273024.0,545259520.0,67108864.0,612368384.0,16.0,16.0,545262644.0,276337112.0,821599756.0,17401500.0,0.0,0.0,0.0,40222108.0,40148715.428571425,2483027968.0,1.1023737739796038,1025.0452821347276,43256416.0,144965632.0,205404152.0
test,l1config-25_l2config-85,6,32.0,2.0,1.0,16.0,4.0,6.25,3.998202592988264,6.247191551544162,46.37972579156909,0.0,98.59776598777839,34078720.0,4194304.0,38273024.0,545259520.0,67108864.0,612368384.0,16.0,16.0,545263052.0,276350288.0,821613340.0,17333712.0,0.0,0.0,0.0,40237519.0,40142887.321428575,2483027968.0,1.1019514748782897,1024.6685442993846,43272320.0,144965632.0,205403741.0
test,l1config-25_l2config-85,7,32.0,2.0,1.0,16.0,4.0,6.25,3.9982164097344115,6.247213140210018,46.37933522621132,0.0,98.6014121281102,34078720.0,4194304.0,38273024.0,545259520.0,67108864.0,612368384.0,16.0,16.0,545262776.0,276337344.0,821600120.0,17439552.0,0.0,0.0,0.0,40237617.0,40104282.08928572,2483027968.0,1.1019487362677365,1023.8636938220112,43306336.0,144965632.0,205403789.0
test,l1config-25_l2config-85,8,32.0,2.0,1.0,16.0,4.0,6.25,3.998235551495054,6.247243049211022,46.37980916843696,0.0,98.59580878257199,34078720.0,4194304.0,38273024.0,545259520.0,67108864.0,612368384.0,16.0,16.0,545263616.0,276351356.0,821614972.0,17250032.0,0.0,0.0,0.0,40252745.0,40105044.446428575,2483027968.0,1.1015345275821742,1023.1069417024918,43338368.0,144965632.0,205405540.0
test,l1config-25_l2config-85,9,32.0,2.0,1.0,16.0,4.0,6.25,3.998213634513783,6.247208803927786,46.379756742521145,0.0,98.60190270679162,34078720.0,4194304.0,38273024.0,545259520.0,67108864.0,612368384.0,16.0,16.0,545262916.0,276324228.0,821587144.0,17425104.0,0.0,0.0,0.0,40278619.0,40136183.446428575,2483027968.0,1.1008270585013564,1024.4079462387258,43283328.0,144965632.0,205401721.0
test,l1config-25_l2config-85,10,32.0,2.0,1.0,16.0,4.0,6.25,3.9982278324120744,6.247230988143866,46.3789298998161,0.0,98.58905403893037,34078720.0,4194304.0,38273024.0,545259520.0,67108864.0,612368384.0,16.0,16.0,545262396.0,276346676.0,821609072.0,17396860.0,0.0,0.0,0.0,40255395.0,40110947.696428575,2483027968.0,1.1014621028310685,1025.1097419017588,43253696.0,144965632.0,205400115.0
test,l1config-25_l2config-85,11,32.0,2.0,1.0,16.0,4.0,6.25,3.998211775578294,6.247205899341084,46.37948342033721,0.0,98.59606425510918,34078720.0,4194304.0,38273024.0,545259520.0,67108864.0,612368384.0,16.0,16.0,545263472.0,276343588.0,821607060.0,17419928.0,0.0,0.0,0.0,40254147.0,40149882.26785714,2483027968.0,1.101496244643679,1024.3973433107394,43283776.0,144965632.0,205402648.0
test,l1config-25_l2config-85,12,32.0,2.0,1.0,16.0,4.0,6.25,3.9982249978030944,6.247226559067335,46.379436402448945,0.0,98.61353774100469,34078720.0,4194304.0,38273024.0,545259520.0,67108864.0,612368384.0,16.0,16.0,545262756.0,276355668.0,821618424.0,17405188.0,0.0,0.0,0.0,40232450.0,40114457.39285714,2483027968.0,1.1020902170068692,1024.50944251206,43279040.0,144965632.0,205402671.0
test,l1config-25_l2config-85,13,32.0,2.0,1.0,16.0,4.0,6.25,3.998240711588408,6.247251111856888,46.3790385316958,0.0,98.60285328447134,34078720.0,4194304.0,38273024.0,545259520.0,67108864.0,612368384.0,16.0,16.0,545263676.0,276344656.0,821608332.0,17414272.0,0.0,0.0,0.0,40331439.0,40111550.35714286,2483027968.0,1.0993853483234486,1024.9307912443292,43261248.0,144965632.0,205400970.0
test,l1config-25_l2config-85,14,32.0,2.0,1.0,16.0,4.0,6.25,3.998216332677562,6.247213019808691,46.380010568921094,0.0,98.59128243914182,34078720.0,4194304.0,38273024.0,545259520.0,67108864.0,612368384.0,16.0,16.0,545263148.0,276337068.0,821600216.0,17420392.0,0.0,0.0,0.0,40254408.0,40115204.03571428,2483027968.0,1.101489123325543,1023.8833646378331,43305504.0,144965632.0,205401280.0
test,l1config-25_l2config-85,15,32.0,2.0,1.0,16.0,4.0,6.25,3.9982260764907647,6.24722824451682,46.37896135534392,0.0,98.58104615620206,34078720.0,4194304.0,38273024.0,545259520.0,67108864.0,612368384.0,16.0,16.0,545263172.0,276336708.0,821599880.0,17438752.0,0.0,0.0,0.0,40240795.0,40135447.73214286,2483027968.0,1.1018617924591791,1024.0218383035617,43299648.0,144965632.0,205401070.0
test,l1config-25_l2config-85,16,32.0,2.0,1.0,16.0,4.0,6.25,3.9982156743065818,6.247211991104034,46.37906000378359,0.0,98.57530897230158,34078720.0,4194304.0,38273024.0,545259520.0,67108864.0,612368384.0,16.0,16.0,545263512.0,276347184.0,821610696.0,17366560.0,0.0,0.0,0.0,40259466.0,40129605.25,2483027968.0,1.1013507308228303,1024.8936440673936,43262816.0,144965632.0,205401912.0
test,l1config-25_l2config-85,17,32.0,2.0,1.0,16.0,4.0,6.25,3.998222284642848,6.24722231975445,46.379541709854536,0.0,98.6020425914279,34078720.0,4194304.0,38273024.0,545259520.0,67108864.0,612368384.0,16.0,16.0,545262928.0,276342596.0,821605524.0,17396396.0,0.0,0.0,0.0,40255116.0,40134779.73214286,2483027968.0,1.101469565827537,1024.6215662499653,43274304.0,144965632.0,205395119.0
test,l1config-25_l2config-85,18,32.0,2.0,1.0,16.0,4.0,6.25,3.9982231164121083,6.247223619393919,46.379257563064385,0.0,98.57104477428429,34078720.0,4194304.0,38273024.0,545259520.0,67108864.0,612368384.0,16.0,16.0,545262868.0,276332856.0,821595724.0,17414800.0,0.0,0.0,0.0,40230167.0,40115800.28571428,2483027968.0,1.102152649350353,1024.2769397426816,43288864.0,144965632.0,205400237.0
test,l1config-25_l2config-85,19,32.0,2.0,1.0,16.0,4.0,6.25,3.9982162128637446,6.247212832599601,46.37957500386011,0.0,98.57266586102853,34078720.0,4194304.0,38273024.0,545259520.0,67108864.0,612368384.0,16.0,16.0,545262508.0,276355204.0,821617712.0,17396864.0,0.0,0.0,0.0,40264132.0,40137216.23214286,2483027968.0,1.1012231420422096,1024.0960090008437,43296512.0,144965632.0,205400680.0
test,l1config-25_l2config-85,20,32.0,2.0,1.0,16.0,4.0,6.25,3.998214380647383,6.247209969761536,46.379540332909016,0.0,98.56105001067355,34078720.0,4194304.0,38273024.0,545259520.0,67108864.0,612368384.0,16.0,16.0,545263412.0,276347392.0,821610804.0,17432848.0,0.0,0.0,0.0,40252135.0,40144074.16071428,2483027968.0,1.1015513849593221,1025.0043354346672,43258144.0,144965632.0,205398791.0
test,l1config-25_l2config-85,21,32.0,2.0,1.0,16.0,4.0,6.25,3.998229727613836,6.247233949396619,46.379421988511766,0.0,98.60192425280574,34078720.0,4194304.0,38273024.0,545259520.0,67108864.0,612368384.0,16.0,16.0,545264044.0,276333028.0,821597072.0,17344412.0,0.0,0.0,0.0,40228731.0,40101334.83928572,2483027968.0,1.1021920122089148,1024.3564483587193,43285504.0,144965632.0,205401582.0
test,l1config-25_l2config-85,22,32.0,2.0,1.0,16.0,4.0,6.25,3.9982282163996024,6.247231588124379,46.3797412847874,0.0,98.5929888327023,34078720.0,4194304.0,38273024.0,545259520.0,67108864.0,612368384.0,16.0,16.0,545263048.0,276342000.0,821605048.0,17413732.0,0.0,0.0,0.0,40244744.0,40101418.53571428,2483027968.0,1.1017536932047276,1024.1111471979855,43295872.0,144965632.0,205396360.0
test,l1config-25_l2config-85,23,32.0,2.0,1.0,16.0,4.0,6.25,3.998216518832834,6.247213310676303,46.37931478020498,0.0,98.59752255211805,34078720.0,4194304.0,38273024.0,545259520.0,67108864.0,612368384.0,16.0,16.0,545263464.0,276344928.0,821608392.0,17403432.0,0.0,0.0,0.0,40282448.0,40123276.01785714,2483027968.0,1.1007222225724278,1024.2027428360236,43292000.0,144965632.0,205403685.0
test,l1config-25_l2config-85,24,32.0,2.0,1.0,16.0,4.0,6.25,3.9982149374196028,6.24721083971813,46.37921867507776,0.0,98.58929626521041,34078720.0,4194304.0,38273024.0,545259520.0,67108864.0,612368384.0,16.0,16.0,545263564.0,276350192.0,821613756.0,17401420.0,0.0,0.0,0.0,40243780.0,40139589.14285714,2483027968.0,1.1017799135219624,1024.1830597466374,43292832.0,144965632.0,205404437.0
test,l1config-25_l2config-85,25,32.0,2.0,1.0,16.0,4.0,6.25,3.9982244079456892,6.24722563741514,46.37960636051914,0.0,98.59557277794582,34078720.0,4194304.0,38273024.0,545259520.0,67108864.0,612368384.0,16.0,16.0,545262524.0,276343452.0,821605976.0,17322668.0,0.0,0.0,0.0,40248800.0,40112133.60714286,2483027968.0,1.1016425564608276,1024.8057145435182,43266528.0,144965632.0,205402310.0
test,l1config-25_l2config-85,26,32.0,2.0,1.0,16.0,4.0,6.25,3.998213255106155,6.247208211103367,46.38006940220743,0.0,98.59299841617235,34078720.0,4194304.0,38273024.0,545259520.0,67108864.0,612368384.0,16.0,16.0,545262848.0,276342208.0,821605056.0,17249264.0,0.0,0.0,0.0,40262110.0,40146849.625,2483027968.0,1.1012782413414564,1024.2610395005652,43289536.0,144965632.0,205404591.0
test,l1config-25_l2config-85,27,32.0,2.0,1.0,16.0,4.0,6.25,3.9982312140006724,6.247236271876051,46.37976919782102,0.0,98.58209431701476,34078720.0,4194304.0,38273024.0,545259520.0,67108864.0,612368384.0,16.0,16.0,545263144.0,276337980.0,821601124.0,17406432.0,0.0,0.0,0.0,40262202.0,40086735.85714286,2483027968.0,1.101275834307284,1024.414762522622,43283040.0,144965632.0,205403420.0
test,l1config-25_l2config-85,28,32.0,2.0,1.0,16.0,4.0,6.25,3.9982303638863317,6.247234943572393,46.37952268845269,0.0,98.59328481964927,34078720.0,4194304.0,38273024.0,545259520.0,67108864.0,612368384.0,16.0,16.0,545262468.0,276348480.0,821610948.0,17374968.0,0.0,0.0,0.0,40214662.0,40133755.35714286,2483027968.0,1.1025777964313268,1024.1785176026774,43293024.0,144965632.0,205401860.0
test,l1config-25_l2config-85,29,32.0,2.0,1.0,16.0,4.0,6.25,3.998237753033502,6.247246489114847,46.379222352624026,0.0,98.63672038410574,34078720.0,4194304.0,38273024.0,545259520.0,67108864.0,612368384.0,16.0,16.0,545262604.0,276346128.0,821608732.0,17441764.0,0.0,0.0,0.0,40251312.0,40086058.91071428,2483027968.0,1.1015738257749237,1023.8425107117707,43307232.0,144965632.0,205402025.0
test,l1config-25_l2config-85,30,32.0,2.0,1.0,16.0,4.0,6.25,3.998219387856241,6.247217793525377,46.379157721844784,0.0,98.57232124049492,34078720.0,4194304.0,38273024.0,545259520.0,67108864.0,612368384.0,16.0,16.0,545263080.0,276337692.0,821600772.0,17422736.0,0.0,0.0,0.0,40253550.0,40130460.73214286,2483027968.0,1.1015126014492436,1024.6958238533596,43271168.0,144965632.0,205399811.0
test,l1config-25_l2config-85,31,32.0,2.0,1.0,16.0,4.0,6.25,3.9982263836998384,6.247228724530998,46.37928336752427,0.0,98.61075609884104,34078720.0,4194304.0,38273024.0,545259520.0,67108864.0,612368384.0,16.0,16.0,545262916.0,276340928.0,821603844.0,17404300.0,0.0,0.0,0.0,40246262.0,40123149.196428575,2483027968.0,1.1017120827337887,1023.5384783740354,43320096.0,144965632.0,205401493.0
test,l1config-25_l2config-85,32,32.0,2.0,1.0,16.0,4.0,6.25,3.99823004744228,6.2472344491285625,46.37928845671643,0.0,98.59165497316862,34078720.0,4194304.0,38273024.0,545259520.0,67108864.0,612368384.0,16.0,16.0,545262720.0,276335640.0,821598360.0,17407624.0,0.0,0.0,0.0,40226878.0,40105433.321428575,2483027968.0,1.10224296138812,1024.1550505006774,43294016.0,144965632.0,205402973.0
test,l1config-25_l2config-85,33,32.0,2.0,1.0,16.0,4.0,6.25,3.9982044503496077,6.247194453671262,46.379594511204004,0.0,98.6013714140163,34078720.0,4194304.0,38273024.0,545259520.0,67108864.0,612368384.0,16.0,16.0,545263316.0,276344936.0,821608252.0,17421864.0,0.0,0.0,0.0,40265820.0,40159210.928571425,2483027968.0,1.1011769088355867,1023.4507812161189,43323808.0,144965632.0,205405898.0
test,l1config-25_l2config-85,34,32.0,2.0,1.0,16.0,4.0,6.25,3.9982214565169305,6.247221025807704,46.379523335279586,0.0,98.60292265051442,34078720.0,4194304.0,38273024.0,545259520.0,67108864.0,612368384.0,16.0,16.0,545262380.0,276347520.0,821609900.0,17404064.0,0.0,0.0,0.0,40268020.0,40096573.78571428,2483027968.0,1.1011167882273492,1025.3024111709467,43245568.0,144965632.0,205407206.0
test,l1config-25_l2config-85,35,32.0,2.0,1.0,16.0,4.0,6.25,3.998245263321858,6.247258223940403,46.37972192242837,0.0,98.5895926373918,34078720.0,4194304.0,38273024.0,545259520.0,67108864.0,612368384.0,16.0,16.0,545263068.0,276343984.0,821607052.0,17400496.0,0.0,0.0,0.0,40251178.0,40082123.03571428,2483027968.0,1.1015774724938205,1023.9892974091592,43301024.0,144965632.0,205403296.0
test,l1config-25_l2config-85,36,32.0,2.0,1.0,16.0,4.0,6.25,3.998197205479118,6.247183133561122,46.37948782625882,0.0,98.60292420064395,34078720.0,4194304.0,38273024.0,545259520.0,67108864.0,612368384.0,16.0,16.0,545263240.0,276333416.0,821596656.0,17418580.0,0.0,0.0,0.0,40267636.0,40150958.821428575,2483027968.0,1.1011272203297366,1024.0611928457718,43297984.0,144965632.0,205401808.0
test,l1config-25_l2config-85,37,32.0,2.0,1.0,16.0,4.0,6.25,3.9982155951771845,6.247211867464351,46.379823870684035,0.0,98.5673057802465,34078720.0,4194304.0,38273024.0,545259520.0,67108864.0,612368384.0,16.0,16.0,545263060.0,276345816.0,821608876.0,17421348.0,0.0,0.0,0.0,40265083.0,40121801.28571428,2483027968.0,1.1011969345438788,1022.8010810385589,43351328.0,144965632.0,205401644.0
test,l1config-25_l2config-85,38,32.0,2.0,1.0,16.0,4.0,6.25,3.9982320938721188,6.2472376466751856,46.37932237473749,0.0,98.58108262023235,34078720.0,4194304.0,38273024.0,545259520.0,67108864.0,612368384.0,16.0,16.0,545262352.0,276340440.0,821602792.0,17433244.0,0.0,0.0,0.0,40227574.0,40117595.46428572,2483027968.0,1.1022237949570703,1024.284511460056,43288544.0,144965632.0,205402754.0
test,l1config-25_l2config-85,39,32.0,2.0,1.0,16.0,4.0,6.25,3.998212151423924,6.2472064865998815,46.3796647392896,0.0,98.61738642203808,34078720.0,4194304.0,38273024.0,545259520.0,67108864.0,612368384.0,16.0,16.0,545263084.0,276349300.0,821612384.0,17244396.0,0.0,0.0,0.0,40252576.0,40124563.01785714,2483027968.0,1.1015390839489796,1024.5973212001336,43275328.0,144965632.0,205402781.0
test,l1config-25_l2config-85,40,32.0,2.0,1.0,16.0,4.0,6.25,3.9982100711219317,6.247203236128018,46.37941270797445,0.0,98.59401995728231,34078720.0,4194304.0,38273024.0,545259520.0,67108864.0,612368384.0,16.0,16.0,545263208.0,276345824.0,821609032.0,17407700.0,0.0,0.0,0.0,40272050.0,40112328.01785714,2483027968.0,1.1010066137782095,1025.3001351270068,43245664.0,144965632.0,205401462.0
test,l1config-25_l2config-85,41,32.0,2.0,1.0,16.0,4.0,6.25,3.998210865618671,6.2472044775291735,46.379372957436836,0.0,98.60091710014157,34078720.0,4194304.0,38273024.0,545259520.0,67108864.0,612368384.0,16.0,16.0,545263332.0,276342596.0,821605928.0,17398096.0,0.0,0.0,0.0,40277010.0,40136927.60714286,2483027968.0,1.10087084340447,1022.862993616998,43348704.0,144965632.0,205403424.0
test,l1config-25_l2config-85,42,32.0,2.0,1.0,16.0,4.0,6.25,3.998212118261265,6.247206434783227,46.379417932177034,0.0,98.59714273385417,34078720.0,4194304.0,38273024.0,545259520.0,67108864.0,612368384.0,16.0,16.0,545263196.0,276347852.0,821611048.0,17425436.0,0.0,0.0,0.0,40262536.0,40144633.5,2483027968.0,1.101266753318545,1024.9080477551477,43262208.0,144965632.0,205400484.0
test,l1config-25_l2config-85,43,32.0,2.0,1.0,16.0,4.0,6.25,3.99822476348315,6.2472261929424215,46.3795875322033,0.0,98.59608504019441,34078720.0,4194304.0,38273024.0,545259520.0,67108864.0,612368384.0,16.0,16.0,545262716.0,276359816.0,821622532.0,17400076.0,0.0,0.0,0.0,40262409.0,40116867.75,2483027968.0,1.1012700629386625,1024.1406679697031,43294624.0,144965632.0,205403276.0
test,l1config-25_l2config-85,44,32.0,2.0,1.0,16.0,4.0,6.25,3.9982345556611403,6.247241493220532,46.379564172499286,0.0,98.60206879634761,34078720.0,4194304.0,38273024.0,545259520.0,67108864.0,612368384.0,16.0,16.0,545263692.0,276338148.0,821601840.0,17435608.0,0.0,0.0,0.0,40265775.0,40106920.48214286,2483027968.0,1.1011781873414581,1023.6322402329483,43316128.0,144965632.0,205403197.0
test,l1config-25_l2config-85,45,32.0,2.0,1.0,16.0,4.0,6.25,3.998228766605876,6.2472324478216805,46.379254674759366,0.0,98.59964487725354,34078720.0,4194304.0,38273024.0,545259520.0,67108864.0,612368384.0,16.0,16.0,545263476.0,276344268.0,821607744.0,17326192.0,0.0,0.0,0.0,40281404.0,40113411.66071428,2483027968.0,1.1007509078519289,1025.149180109206,43252032.0,144965632.0,205401236.0
test,l1config-25_l2config-85,46,32.0,2.0,1.0,16.0,4.0,6.25,3.9982325025387273,6.247238285216762,46.37902684186766,0.0,98.59820901111297,34078720.0,4194304.0,38273024.0,545259520.0,67108864.0,612368384.0,16.0,16.0,545262992.0,276351804.0,821614796.0,17397316.0,0.0,0.0,0.0,40208759.0,40101714.5,2483027968.0,1.1027396920194559,1024.5601981911352,43276896.0,144965632.0,205404821.0
test,l1config-25_l2config-85,47,32.0,2.0,1.0,16.0,4.0,6.25,3.9982090892274886,6.247201701917951,46.379756576933886,0.0,98.5598296695356,34078720.0,4194304.0,38273024.0,545259520.0,67108864.0,612368384.0,16.0,16.0,545263692.0,276342636.0,821606328.0,17345688.0,0.0,0.0,0.0,40256905.0,40142603.71428572,2483027968.0,1.1014208426996337,1024.9565684190059,43260160.0,144965632.0,205401785.0
test,l1config-25_l2config-85,48,32.0,2.0,1.0,16.0,4.0,6.25,3.998218690278957,6.247216703560871,46.38016402158757,0.0,98.60063529566006,34078720.0,4194304.0,38273024.0,545259520.0,67108864.0,612368384.0,16.0,16.0,545262968.0,276346844.0,821609812.0,17392168.0,0.0,0.0,0.0,40254555.0,40117993.28571428,2483027968.0,1.101484970976007,1023.8167895419895,43308320.0,144965632.0,205401700.0
test,l1config-25_l2config-85,49,32.0,2.0,1.0,16.0,4.0,6.25,3.998211347547642,6.247205230543191,46.379639851171206,0.0,98.60198238780075,34078720.0,4194304.0,38273024.0,545259520.0,67108864.0,612368384.0,16.0,16.0,545262852.0,276350096.0,821612948.0,17402748.0,0.0,0.0,0.0,40260813.0,40124600.053571425,2483027968.0,1.10131377367222,1024.518532711763,43278656.0,144965632.0,205404313.0
test,l1config-40,0,32.0,2.0,2.0,16.0,8.0,12.5,7.9765166816212885,12.463307315033264,46.05665844825986,0.0,98.54667705238155,34078720.0,4194304.0,38273024.0,545259520.0,67108864.0,612368384.0,16.0,16.0,545500008.0,250618216.0,796118224.0,17102220.0,0.0,0.0,0.0,30556962.0,30508168.57142857,2483027968.0,1.451054696898302,1349.5002607359488,32856448.0,144965632.0,199034045.0
test,l1config-40,1,32.0,2.0,2.0,16.0,8.0,12.5,7.976573510534925,12.46339611021082,46.059094350468534,0.0,98.54558819385004,34078720.0,4194304.0,38273024.0,545259520.0,67108864.0,612368384.0,16.0,16.0,545500768.0,250659368.0,796160136.0,17094016.0,0.0,0.0,0.0,30560804.0,30508043.39285714,2483027968.0,1.4508720970652254,1349.5922696677742,32854208.0,144965632.0,199037926.0
test,l1config-40,2,32.0,2.0,2.0,16.0,8.0,12.5,7.9765442967752165,12.463350463711276,46.06003374339957,0.0,98.49203415717884,34078720.0,4194304.0,38273024.0,545259520.0,67108864.0,612368384.0,16.0,16.0,545498268.0,250669956.0,796168224.0,17096564.0,0.0,0.0,0.0,30564160.0,30512056.839285713,2483027968.0,1.4507128004359797,1349.2676655370522,32862112.0,144965632.0,199041548.0
test,l1config-40,3,32.0,2.0,2.0,16.0,8.0,12.5,7.976521848326744,12.463315388010537,46.05910537219107,0.0,98.54318830648376,34078720.0,4194304.0,38273024.0,545259520.0,67108864.0,612368384.0,16.0,16.0,545501388.0,250626428.0,796127816.0,17080348.0,0.0,0.0,0.0,30557128.0,30509614.51785714,2483027968.0,1.451046968443589,1349.6685151448864,32852352.0,144965632.0,199034467.0
test,l1config-40,4,32.0,2.0,2.0,16.0,8.0,12.5,7.976558920007246,12.463373312511322,46.05935578145427,0.0,98.54071762150653,34078720.0,4194304.0,38273024.0,545259520.0,67108864.0,612368384.0,16.0,16.0,545504300.0,250609620.0,796113920.0,17083584.0,0.0,0.0,0.0,30571383.0,30511210.0,2483027968.0,1.4503699145784616,1349.480546168441,32856928.0,144965632.0,199028844.0
test,l1config-40,5,32.0,2.0,2.0,16.0,8.0,12.5,7.976535060100965,12.463336031407758,46.05865801587866,0.0,98.53039072244289,34078720.0,4194304.0,38273024.0,545259520.0,67108864.0,612368384.0,16.0,16.0,545503072.0,250650168.0,796153240.0,17089508.0,0.0,0.0,0.0,30551895.0,30506688.285714287,2483027968.0,1.4512951511305752,1349.3005131035895,32861312.0,144965632.0,199040345.0
test,l1config-40,6,32.0,2.0,2.0,16.0,8.0,12.5,7.976532406748352,12.4633318855443,46.05965090714002,0.0,98.53436169085138,34078720.0,4194304.0,38273024.0,545259520.0,67108864.0,612368384.0,16.0,16.0,545499292.0,250622600.0,796121892.0,17082396.0,0.0,0.0,0.0,30568010.0,30508177.48214286,2483027968.0,1.4505306306668717,1349.646166440156,32852896.0,144965632.0,199026436.0
test,l1config-40,7,32.0,2.0,2.0,16.0,8.0,12.5,7.976555170033533,12.463367453177396,46.05907789247203,0.0,98.53270059851286,34078720.0,4194304.0,38273024.0,545259520.0,67108864.0,612368384.0,16.0,16.0,545501416.0,250635556.0,796136972.0,17095544.0,0.0,0.0,0.0,30561293.0,30512683.589285713,2483027968.0,1.4508493569123937,1349.244016279409,32862688.0,144965632.0,199035480.0
test,l1config-40,8,32.0,2.0,2.0,16.0,8.0,12.5,7.9765315237150425,12.463330505804754,46.05819578218863,0.0,98.53665435059627,34078720.0,4194304.0,38273024.0,545259520.0,67108864.0,612368384.0,16.0,16.0,545499012.0,250626076.0,796125088.0,17084996.0,0.0,0.0,0.0,30552307.0,30509312.26785714,2483027968.0,1.4512756515517782,1349.391180686398,32859104.0,144965632.0,199042223.0
test,l1config-40,9,32.0,2.0,2.0,16.0,8.0,12.5,7.976538144174708,12.463340850272981,46.058932919250026,0.0,98.53865284613936,34078720.0,4194304.0,38273024.0,545259520.0,67108864.0,612368384.0,16.0,16.0,545500300.0,250647524.0,796147824.0,17079440.0,0.0,0.0,0.0,30568536.0,30511427.55357143,2483027968.0,1.4505053863107578,1349.4056360648492,32858752.0,144965632.0,199039630.0
test,l1config-55_l2config-40,0,32.0,2.0,2.0,16.0,8.0,12.5,7.976427687107047,12.46316826110476,46.05691608274534,0.0,98.53850718022319,34078720.0,4194304.0,38273024.0,545259520.0,67108864.0,612368384.0,16.0,16.0,545501132.0,250672136.0,796173268.0,17310592.0,0.0,0.0,0.0,30693557.0,30649592.55357143,2483027968.0,1.44459592316886,1342.9878232411422,33015776.0,144965632.0,199034179.0
test,l1config-55_l2config-40,1,32.0,2.0,2.0,16.0,8.0,12.5,7.976397512779121,12.463121113717376,46.057335686869266,0.0,98.55510040164623,34078720.0,4194304.0,38273024.0,545259520.0,67108864.0,612368384.0,16.0,16.0,545497972.0,250616288.0,796114260.0,17442344.0,0.0,0.0,0.0,30702471.0,30649492.285714287,2483027968.0,1.4441764594434556,1343.486547582111,33003520.0,144965632.0,199034264.0
test,l1config-55_l2config-40,2,32.0,2.0,2.0,16.0,8.0,12.5,7.976400773091916,12.463126207956119,46.05697104144916,0.0,98.53522083392404,34078720.0,4194304.0,38273024.0,545259520.0,67108864.0,612368384.0,16.0,16.0,545499952.0,250632788.0,796132740.0,17403612.0,0.0,0.0,0.0,30696714.0,30642613.964285713,2483027968.0,1.4444473773887294,1342.8329425003396,33019584.0,144965632.0,199028574.0
test,l1config-55_l2config-40,3,32.0,2.0,2.0,16.0,8.0,12.5,7.9764164972826315,12.463150777004111,46.05731182882493,0.0,98.53085794083567,34078720.0,4194304.0,38273024.0,545259520.0,67108864.0,612368384.0,16.0,16.0,545500372.0,250674164.0,796174536.0,17424788.0,0.0,0.0,0.0,30703816.0,30642110.05357143,2483027968.0,1.4441136432029678,1343.2403945079543,33009568.0,144965632.0,199042347.0
test,l1config-55_l2config-40,4,32.0,2.0,2.0,16.0,8.0,12.5,7.976385029353197,12.46310160836437,46.05513618585873,0.0,98.5475233341447,34078720.0,4194304.0,38273024.0,545259520.0,67108864.0,612368384.0,16.0,16.0,545501256.0,250629976.0,796131232.0,17404456.0,0.0,0.0,0.0,30703860.0,30649652.44642857,2483027968.0,1.444111138662712,1343.2768559382557,33008672.0,144965632.0,199050905.0
test,l1config-55_l2config-40,5,32.0,2.0,2.0,16.0,8.0,12.5,7.9764409623015755,12.463189003596211,46.0578232968563,0.0,98.51365185687074,34078720.0,4194304.0,38273024.0,545259520.0,67108864.0,612368384.0,16.0,16.0,545499136.0,250615852.0,796114988.0,17140648.0,0.0,0.0,0.0,30696133.0,30646837.5,2483027968.0,1.4444748112329455,1343.1909143041603,33010784.0,144965632.0,199039519.0
test,l1config-55_l2config-40,6,32.0,2.0,2.0,16.0,8.0,12.5,7.976400991035192,12.463126548492486,46.05754705330563,0.0,98.5286088487777,34078720.0,4194304.0,38273024.0,545259520.0,67108864.0,612368384.0,16.0,16.0,545500192.0,250661920.0,796162112.0,17411968.0,0.0,0.0,0.0,30703693.0,30647585.410714287,2483027968.0,1.4441192402351268,1343.076342563584,33013600.0,144965632.0,199046018.0
test,l1config-55_l2config-40,7,32.0,2.0,2.0,16.0,8.0,12.5,7.976417049686349,12.463151640134921,46.05708893233577,0.0,98.5225503930386,34078720.0,4194304.0,38273024.0,545259520.0,67108864.0,612368384.0,16.0,16.0,545502316.0,250625852.0,796128168.0,17227084.0,0.0,0.0,0.0,30703178.0,30647358.92857143,2483027968.0,1.4441433926319422,1343.2885761040934,33008384.0,144965632.0,199037912.0
test,l1config-55_l2config-40,8,32.0,2.0,2.0,16.0,8.0,12.5,7.976434855754793,12.463179462116864,46.058133785422825,0.0,98.54266431636314,34078720.0,4194304.0,38273024.0,545259520.0,67108864.0,612368384.0,16.0,16.0,545495924.0,250642232.0,796138156.0,17438200.0,0.0,0.0,0.0,30699150.0,30652960.19642857,2483027968.0,1.4443327006157065,1343.4761265758543,33003776.0,144965632.0,199040093.0
test,l1config-55_l2config-40,9,32.0,2.0,2.0,16.0,8.0,12.5,7.97640660186265,12.46313531541039,46.05673314488355,0.0,98.4935061473246,34078720.0,4194304.0,38273024.0,545259520.0,67108864.0,612368384.0,16.0,16.0,545499556.0,250669108.0,796168664.0,17391364.0,0.0,0.0,0.0,30692769.0,30641070.01785714,2483027968.0,1.4446331055719674,1343.1388338171505,33012064.0,144965632.0,199023186.0
test,l1config-55_l2config-40,10,32.0,2.0,2.0,16.0,8.0,12.5,7.976410232771507,12.463140988705481,46.058068314685244,0.0,98.53139147070948,34078720.0,4194304.0,38273024.0,545259520.0,67108864.0,612368384.0,16.0,16.0,545497840.0,250632792.0,796130632.0,17383840.0,0.0,0.0,0.0,30703376.0,30653710.39285714,2483027968.0,1.4441342560168222,1343.0346849583125,33014624.0,144965632.0,199035482.0
test,l1config-55_l2config-40,11,32.0,2.0,2.0,16.0,8.0,12.5,7.976399301567845,12.463123908699759,46.05632144460829,0.0,98.53259967960258,34078720.0,4194304.0,38273024.0,545259520.0,67108864.0,612368384.0,16.0,16.0,545497452.0,250666232.0,796163684.0,17431008.0,0.0,0.0,0.0,30705533.0,30644238.375,2483027968.0,1.4440325028689136,1343.2625315688565,33009024.0,144965632.0,199035639.0
test,l1config-55_l2config-40,12,32.0,2.0,2.0,16.0,8.0,12.5,7.9763991722012,12.463123706564375,46.0564634455273,0.0,98.54077943338248,34078720.0,4194304.0,38273024.0,545259520.0,67108864.0,612368384.0,16.0,16.0,545498960.0,250672792.0,796171752.0,17411412.0,0.0,0.0,0.0,30696640.0,30637965.89285714,2483027968.0,1.4444512947649712,1342.9930299371117,33015648.0,144965632.0,199051240.0
test,l1config-55_l2config-40,13,32.0,2.0,2.0,16.0,8.0,12.5,7.976372515694792,12.463082055773112,46.05911796706037,0.0,98.47356486721252,34078720.0,4194304.0,38273024.0,545259520.0,67108864.0,612368384.0,16.0,16.0,545498876.0,250669108.0,796167984.0,17345392.0,0.0,0.0,0.0,30712309.0,30646591.39285714,2483027968.0,1.4437138733714556,1343.2703448233838,33008832.0,144965632.0,199042179.0
test,l1config-55_l2config-40,14,32.0,2.0,2.0,16.0,8.0,12.5,7.97642419678758,12.463162807480593,46.05733082368506,0.0,98.49138605519184,34078720.0,4194304.0,38273024.0,545259520.0,67108864.0,612368384.0,16.0,16.0,545499392.0,250646620.0,796146012.0,17260348.0,0.0,0.0,0.0,30694422.0,30640925.44642857,2483027968.0,1.4445555188920414,1342.7496600669867,33021632.0,144965632.0,199032537.0
test,l1config-55_l2config-40,15,32.0,2.0,2.0,16.0,8.0,12.5,7.976411223993773,12.46314253749027,46.05681194762858,0.0,98.53188150590768,34078720.0,4194304.0,38273024.0,545259520.0,67108864.0,612368384.0,16.0,16.0,545495768.0,250646936.0,796142704.0,17435084.0,0.0,0.0,0.0,30695494.0,30651413.25,2483027968.0,1.4445050696658506,1343.2208624130792,33010048.0,144965632.0,199028193.0
test,l1config-55_l2config-40,16,32.0,2.0,2.0,16.0,8.0,12.5,7.976423434131838,12.463161615830996,46.05624345233548,0.0,98.53919551250449,34078720.0,4194304.0,38273024.0,545259520.0,67108864.0,612368384.0,16.0,16.0,545496292.0,250629720.0,796126012.0,17438344.0,0.0,0.0,0.0,30704462.0,30643910.67857143,2483027968.0,1.444083095460108,1343.6441850184929,32999648.0,144965632.0,199036482.0
test,l1config-55_l2config-40,17,32.0,2.0,2.0,16.0,8.0,12.5,7.976374488849583,12.463085138827473,46.059190091829095,0.0,98.55705268133951,34078720.0,4194304.0,38273024.0,545259520.0,67108864.0,612368384.0,16.0,16.0,545499276.0,250655924.0,796155200.0,17409960.0,0.0,0.0,0.0,30699415.0,30651014.839285713,2483027968.0,1.4443205858646484,1343.2547184052216,33009216.0,144965632.0,199036020.0
test,l1config-55_l2config-40,18,32.0,2.0,2.0,16.0,8.0,12.5,7.976366173778935,12.463072146529585,46.05541051589904,0.0,98.54369496985869,34078720.0,4194304.0,38273024.0,545259520.0,67108864.0,612368384.0,16.0,16.0,545499376.0,250640008.0,796139384.0,17286552.0,0.0,0.0,0.0,30692751.0,30637616.625,2483027968.0,1.4446342116601099,1343.5568936031455,33001792.0,144965632.0,199037654.0
test,l1config-55_l2config-40,19,32.0,2.0,2.0,16.0,8.0,12.5,7.976416762453219,12.463151191333155,46.056562165787355,0.0,98.53601181122868,34078720.0,4194304.0,38273024.0,545259520.0,67108864.0,612368384.0,16.0,16.0,545499396.0,250623012.0,796122408.0,17436052.0,0.0,0.0,0.0,30683830.0,30648998.285714287,2483027968.0,1.4450540120187145,1343.2625315688565,33009024.0,144965632.0,199033500.0
test,l1config-55_l2config-40,20,32.0,2.0,2.0,16.0,8.0,12.5,7.976390878068709,12.463110746982357,46.05730411234401,0.0,98.53677621520794,34078720.0,4194304.0,38273024.0,545259520.0,67108864.0,612368384.0,16.0,16.0,545497420.0,250652120.0,796149540.0,17419156.0,0.0,0.0,0.0,30705483.0,30648674.17857143,2483027968.0,1.4440352893079496,1343.5243250850463,33002592.0,144965632.0,199029356.0
test,l1config-55_l2config-40,21,32.0,2.0,2.0,16.0,8.0,12.5,7.976435505888869,12.463180477951358,46.05823529544005,0.0,98.50876263680516,34078720.0,4194304.0,38273024.0,545259520.0,67108864.0,612368384.0,16.0,16.0,545498084.0,250664400.0,796162484.0,17388248.0,0.0,0.0,0.0,30696675.0,30647114.535714287,2483027968.0,1.4444496007618268,1343.391461892615,33005856.0,144965632.0,199028644.0
test,l1config-55_l2config-40,22,32.0,2.0,2.0,16.0,8.0,12.5,7.976374195859459,12.463084681030406,46.05689503180025,0.0,98.532800112034,34078720.0,4194304.0,38273024.0,545259520.0,67108864.0,612368384.0,16.0,16.0,545497668.0,250698272.0,796195940.0,17397940.0,0.0,0.0,0.0,30687029.0,30642709.07142857,2483027968.0,1.444903559237924,1343.3211331934242,33007584.0,144965632.0,199046387.0
test,l1config-55_l2config-40,23,32.0,2.0,2.0,16.0,8.0,12.5,7.976417888052569,12.463152950082138,46.056896381636506,0.0,98.53229186522998,34078720.0,4194304.0,38273024.0,545259520.0,67108864.0,612368384.0,16.0,16.0,545500248.0,250646740.0,796146988.0,17401064.0,0.0,0.0,0.0,30700174.0,30648331.85714286,2483027968.0,1.444284819130044,1343.44095687325,33004640.0,144965632.0,199035964.0
test,l1config-55_l2config-40,24,32.0,2.0,2.0,16.0,8.0,12.5,7.976379065484484,12.463092289819507,46.056380235621404,0.0,98.49763062092602,34078720.0,4194304.0,38273024.0,545259520.0,67108864.0,612368384.0,16.0,16.0,545496320.0,250645456.0,796141776.0,17409220.0,0.0,0.0,0.0,30691835.0,30652060.82142857,2483027968.0,1.4446772915807997,1343.1323240402446,33012224.0,144965632.0,199039011.0
test,l1config-55_l2config-40,25,32.0,2.0,2.0,16.0,8.0,12.5,7.97636775868382,12.46307462294347,46.05620415137766,0.0,98.54841923700214,34078720.0,4194304.0,38273024.0,545259520.0,67108864.0,612368384.0,16.0,16.0,545499028.0,250639816.0,796138844.0,17424308.0,0.0,0.0,0.0,30699501.0,30646836.19642857,2483027968.0,1.4443161869665009,1343.1883101838866,33010848.0,144965632.0,199033822.0
test,l1config-55_l2config-40,26,32.0,2.0,2.0,16.0,8.0,12.5,7.976415779619066,12.46314965565479,46.05653618571479,0.0,98.53429157164226,34078720.0,4194304.0,38273024.0,545259520.0,67108864.0,612368384.0,16.0,16.0,545498944.0,250647884.0,796146828.0,17422576.0,0.0,0.0,0.0,30692910.0,30640991.35714286,2483027968.0,1.4446268338488928,1343.1896122427613,33010816.0,144965632.0,199041785.0
test,l1config-55_l2config-40,27,32.0,2.0,2.0,16.0,8.0,12.5,7.976371902689076,12.463081097951681,46.057795291365586,0.0,98.52302426337378,34078720.0,4194304.0,38273024.0,545259520.0,67108864.0,612368384.0,16.0,16.0,545501040.0,250656304.0,796157344.0,17402936.0,0.0,0.0,0.0,30701510.0,30648175.42857143,2483027968.0,1.4442220993046468,1342.9917282593342,33015680.0,144965632.0,199038160.0
test,l1config-55_l2config-40,28,32.0,2.0,2.0,16.0,8.0,12.5,7.976392378378007,12.463113091215636,46.056897007405254,0.0,98.50772953235906,34078720.0,4194304.0,38273024.0,545259520.0,67108864.0,612368384.0,16.0,16.0,545498892.0,250603724.0,796102616.0,17411580.0,0.0,0.0,0.0,30697297.0,30644985.160714287,2483027968.0,1.4444200739841195,1343.3732278190596,33006304.0,144965632.0,199039939.0
test,l1config-55_l2config-40,29,32.0,2.0,2.0,16.0,8.0,12.5,7.9764025941554415,12.463129053367878,46.05631658046799,0.0,98.53670595760258,34078720.0,4194304.0,38273024.0,545259520.0,67108864.0,612368384.0,16.0,16.0,545499328.0,250622976.0,796122304.0,17425992.0,0.0,0.0,0.0,30707795.0,30646415.01785714,2483027968.0,1.4439262382258997,1342.5818253041605,33025760.0,144965632.0,199030526.0
test,l1config-55_l2config-40,30,32.0,2.0,2.0,16.0,8.0,12.5,7.976394676920868,12.463116682688856,46.057820091426166,0.0,98.52044053088214,34078720.0,4194304.0,38273024.0,545259520.0,67108864.0,612368384.0,16.0,16.0,545498764.0,250663588.0,796162352.0,17156096.0,0.0,0.0,0.0,30703456.0,30645037.035714287,2483027968.0,1.44413018749697,1343.2390923506232,33009600.0,144965632.0,199038859.0
test,l1config-55_l2config-40,31,32.0,2.0,2.0,16.0,8.0,12.5,7.976414078473093,12.463146997614208,46.05926716152442,0.0,98.52093555823964,34078720.0,4194304.0,38273024.0,545259520.0,67108864.0,612368384.0,16.0,16.0,545498116.0,250647396.0,796145512.0,17436800.0,0.0,0.0,0.0,30699680.0,30647407.875,2483027968.0,1.4443078244292056,1342.947472716201,33016768.0,144965632.0,199042577.0
test,l1config-55_l2config-40,32,32.0,2.0,2.0,16.0,8.0,12.5,7.9764193841468485,12.463155287729451,46.05690236204766,0.0,98.54582031861405,34078720.0,4194304.0,38273024.0,545259520.0,67108864.0,612368384.0,16.0,16.0,545497968.0,250657092.0,796155060.0,17261704.0,0.0,0.0,0.0,30701933.0,30647401.73214286,2483027968.0,1.4442018485386996,1343.2547184052216,33009216.0,144965632.0,199044780.0
test,l1config-55_l2config-40,33,32.0,2.0,2.0,16.0,8.0,12.5,7.976437246440658,12.463183197563527,46.05483738831113,0.0,98.52758740794634,34078720.0,4194304.0,38273024.0,545259520.0,67108864.0,612368384.0,16.0,16.0,545497616.0,250652292.0,796149908.0,17400888.0,0.0,0.0,0.0,30696307.0,30651967.23214286,2483027968.0,1.4444667527272164,1343.2547184052216,33009216.0,144965632.0,199039241.0
test,l1config-55_l2config-40,34,32.0,2.0,2.0,16.0,8.0,12.5,7.976442560021071,12.463191500032924,46.05751196795423,0.0,98.5116610829265,34078720.0,4194304.0,38273024.0,545259520.0,67108864.0,612368384.0,16.0,16.0,545498748.0,250652564.0,796151312.0,17424400.0,0.0,0.0,0.0,30690241.0,30643911.55357143,2483027968.0,1.4447522551202796,1342.9084261296582,33017728.0,144965632.0,199033019.0
test,l1config-55_l2config-40,35,32.0,2.0,2.0,16.0,8.0,12.5,7.976421502967447,12.463158598386634,46.056231736479845,0.0,98.49039974564417,34078720.0,4194304.0,38273024.0,545259520.0,67108864.0,612368384.0,16.0,16.0,545499116.0,250626816.0,796125932.0,17407752.0,0.0,0.0,0.0,30702712.0,30649237.875,2483027968.0,1.4441653233317768,1343.5360495696643,33002304.0,144965632.0,199042672.0
test,l1config-55_l2config-40,36,32.0,2.0,2.0,16.0,8.0,12.5,7.976418891002605,12.46315451719157,46.05706687008421,0.0,98.49496619557753,34078720.0,4194304.0,38273024.0,545259520.0,67108864.0,612368384.0,16.0,16.0,545499548.0,250685472.0,796185020.0,17263904.0,0.0,0.0,0.0,30703488.0,30649121.964285713,2483027968.0,1.4441287529376332,1343.295087395709,33008224.0,144965632.0,199032085.0
test,l1config-55_l2config-40,37,32.0,2.0,2.0,16.0,8.0,12.5,7.976434166995526,12.46317838593051,46.05696103496592,0.0,98.51283453752356,34078720.0,4194304.0,38273024.0,545259520.0,67108864.0,612368384.0,16.0,16.0,545496404.0,250680488.0,796176892.0,17443808.0,0.0,0.0,0.0,30699153.0,30658015.714285713,2483027968.0,1.4443325477098152,1342.70021600975,33022848.0,144965632.0,199041830.0
test,l1config-55_l2config-40,38,32.0,2.0,2.0,16.0,8.0,12.5,7.976435482975397,12.463180442149058,46.05631046334368,0.0,98.51539232102408,34078720.0,4194304.0,38273024.0,545259520.0,67108864.0,612368384.0,16.0,16.0,545497352.0,250623992.0,796121344.0,17440404.0,0.0,0.0,0.0,30694537.0,30653298.67857143,2483027968.0,1.444550130257161,1343.4227214560717,33005088.0,144965632.0,199049816.0
test,l1config-55_l2config-40,39,32.0,2.0,2.0,16.0,8.0,12.5,7.976409740428545,12.463140219419602,46.0556898215626,0.0,98.53382453816725,34078720.0,4194304.0,38273024.0,545259520.0,67108864.0,612368384.0,16.0,16.0,545499216.0,250644620.0,796143836.0,17405992.0,0.0,0.0,0.0,30707984.0,30648536.375,2483027968.0,1.4439172924419166,1343.3302494612458,33007360.0,144965632.0,199031491.0
test,l1config-55_l2config-40,40,32.0,2.0,2.0,16.0,8.0,12.5,7.97640186208128,12.463127909502001,46.05833359518999,0.0,98.53419195689146,34078720.0,4194304.0,38273024.0,545259520.0,67108864.0,612368384.0,16.0,16.0,545500572.0,250663528.0,796164100.0,17405788.0,0.0,0.0,0.0,30696192.0,30641515.73214286,2483027968.0,1.4444719995689088,1343.1883101838869,33010848.0,144965632.0,199040533.0
test,l1config-55_l2config-40,41,32.0,2.0,2.0,16.0,8.0,12.5,7.976404539780707,12.463132093407355,46.056747931714966,0.0,98.54157706172052,34078720.0,4194304.0,38273024.0,545259520.0,67108864.0,612368384.0,16.0,16.0,545500628.0,250644516.0,796145144.0,17354848.0,0.0,0.0,0.0,30699472.0,30642553.10714286,2483027968.0,1.444317563089512,1343.2807626374777,33008576.0,144965632.0,199039724.0
test,l1config-55_l2config-40,42,32.0,2.0,2.0,16.0,8.0,12.5,7.9764060526900415,12.46313445732819,46.05791635544533,0.0,98.54735359163223,34078720.0,4194304.0,38273024.0,545259520.0,67108864.0,612368384.0,16.0,16.0,545501532.0,250646168.0,796147700.0,17409068.0,0.0,0.0,0.0,30705149.0,30640921.42857143,2483027968.0,1.4440509735156264,1343.2846693594233,33008480.0,144965632.0,199047001.0
test,l1config-55_l2config-40,43,32.0,2.0,2.0,16.0,8.0,12.5,7.976370277716409,12.463078558931889,46.05670630147159,0.0,98.5268141620385,34078720.0,4194304.0,38273024.0,545259520.0,67108864.0,612368384.0,16.0,16.0,545497792.0,250640504.0,796138296.0,17407744.0,0.0,0.0,0.0,30686388.0,30639949.60714286,2483027968.0,1.4449336826030597,1343.0646261009044,33013888.0,144965632.0,199036534.0
test,l1config-55_l2config-40,44,32.0,2.0,2.0,16.0,8.0,12.5,7.976366773232115,12.46307308317518,46.05832559028258,0.0,98.50075702212567,34078720.0,4194304.0,38273024.0,545259520.0,67108864.0,612368384.0,16.0,16.0,545501652.0,250627832.0,796129484.0,17406624.0,0.0,0.0,0.0,30700223.0,30653233.625,2483027968.0,1.4442824551300901,1343.3940668006737,33005792.0,144965632.0,199036706.0
test,l1config-55_l2config-40,45,32.0,2.0,2.0,16.0,8.0,12.5,7.976408433576392,12.463138177463112,46.0572376311596,0.0,98.5096370118179,34078720.0,4194304.0,38273024.0,545259520.0,67108864.0,612368384.0,16.0,16.0,545500836.0,250636228.0,796137064.0,17261604.0,0.0,0.0,0.0,30707169.0,30645255.10714286,2483027968.0,1.443955615502526,1343.3940668006737,33005792.0,144965632.0,199043446.0
test,l1config-55_l2config-40,46,32.0,2.0,2.0,16.0,8.0,12.5,7.9763924571737554,12.463113214333992,46.057778071556285,0.0,98.52753968235871,34078720.0,4194304.0,38273024.0,545259520.0,67108864.0,612368384.0,16.0,16.0,545500000.0,250693468.0,796193468.0,17405320.0,0.0,0.0,0.0,30687041.0,30646184.25,2483027968.0,1.4449027941043262,1343.352389483952,33006816.0,144965632.0,199032581.0
test,l1config-55_l2config-40,47,32.0,2.0,2.0,16.0,8.0,12.5,7.9764095580707846,12.4631399344856,46.058895439726285,0.0,98.49199078208144,34078720.0,4194304.0,38273024.0,545259520.0,67108864.0,612368384.0,16.0,16.0,545496560.0,250648000.0,796144560.0,17406740.0,0.0,0.0,0.0,30698062.0,30646823.375,2483027968.0,1.4443838788601404,1343.1088893658562,33012800.0,144965632.0,199040829.0
test,l1config-55_l2config-40,48,32.0,2.0,2.0,16.0,8.0,12.5,7.976403661830738,12.46313072161053,46.058535761512324,0.0,98.48669564151486,34078720.0,4194304.0,38273024.0,545259520.0,67108864.0,612368384.0,16.0,16.0,545498244.0,250656428.0,796154672.0,17435164.0,0.0,0.0,0.0,30700062.0,30649758.714285713,2483027968.0,1.4442902175470123,1343.726275353854,32997632.0,144965632.0,199025269.0
test,l1config-55_l2config-40,49,32.0,2.0,2.0,16.0,8.0,12.5,7.976379763767824,12.463093380887225,46.05548493022508,0.0,98.56886146636684,34078720.0,4194304.0,38273024.0,545259520.0,67108864.0,612368384.0,16.0,16.0,545495940.0,250632624.0,796128564.0,17410260.0,0.0,0.0,0.0,30694033.0,30643132.80357143,2483027968.0,1.4445737558367306,1343.1297201471507,33012288.0,144965632.0,199043046.0
test,l1config-85_l2config-40,0,32.0,2.0,3.0,16.0,8.0,12.5,7.977449135934855,12.464764274898211,30.243940735159253,0.0,98.60350832409391,34078720.0,4194304.0,38273024.0,545259520.0,67108864.0,612368384.0,16.0,16.0,603074816.0,251779012.0,854853828.0,17136976.0,0.0,0.0,0.0,31375365.0,31321109.0,2483027968.0,1.413204906664109,1314.6919686951508,33726368.0,144965632.0,213729611.0
test,l1config-85_l2config-40,1,32.0,2.0,3.0,16.0,8.0,12.5,7.977420836977402,12.464720057777189,30.247119404069934,0.0,98.54751838327549,34078720.0,4194304.0,38273024.0,545259520.0,67108864.0,612368384.0,16.0,16.0,603064832.0,251783248.0,854848080.0,17138028.0,0.0,0.0,0.0,31369131.0,31319676.05357143,2483027968.0,1.4134854382434856,1313.931497160695,33745888.0,144965632.0,213730483.0
test,l1config-85_l2config-40,2,32.0,2.0,3.0,16.0,8.0,12.5,7.977407456474806,12.464699150741884,30.244708826464965,0.0,98.6411437014144,34078720.0,4194304.0,38273024.0,545259520.0,67108864.0,612368384.0,16.0,16.0,603125988.0,251776256.0,854902244.0,17129892.0,0.0,0.0,0.0,31371215.0,31327037.76785714,2483027968.0,1.4133913371523712,1314.582206994902,33729184.0,144965632.0,213726606.0
test,l1config-85_l2config-40,3,32.0,2.0,3.0,16.0,8.0,12.5,7.977460582309167,12.464782159858073,30.254205189343953,0.0,98.62689399338728,34078720.0,4194304.0,38273024.0,545259520.0,67108864.0,612368384.0,16.0,16.0,603085508.0,251824584.0,854910092.0,17133412.0,0.0,0.0,0.0,31380603.0,31314378.51785714,2483027968.0,1.4129686451084966,1314.4375491169553,33732896.0,144965632.0,213719768.0
test,l1config-85_l2config-40,4,32.0,2.0,3.0,16.0,8.0,12.5,7.977410908419761,12.464704544405876,30.260468335616885,0.0,98.61497988259217,34078720.0,4194304.0,38273024.0,545259520.0,67108864.0,612368384.0,16.0,16.0,603144132.0,251853060.0,854997192.0,17133792.0,0.0,0.0,0.0,31374207.0,31321777.48214286,2483027968.0,1.4132566504396769,1314.582206994902,33729184.0,144965632.0,213732237.0
test,l1config-85_l2config-40,5,32.0,2.0,3.0,16.0,8.0,12.5,7.977490097416077,12.464828277212622,30.252384281393713,0.0,98.63696953277211,34078720.0,4194304.0,38273024.0,545259520.0,67108864.0,612368384.0,16.0,16.0,603071728.0,251852228.0,854923956.0,17133708.0,0.0,0.0,0.0,31362357.0,31317020.089285713,2483027968.0,1.4137902545379915,1314.275470356902,33737056.0,144965632.0,213750865.0
test,l1config-85_l2config-40,6,32.0,2.0,3.0,16.0,8.0,12.5,7.977405486780437,12.464696073094434,30.255672208512618,0.0,98.643115018747,34078720.0,4194304.0,38273024.0,545259520.0,67108864.0,612368384.0,16.0,16.0,603054536.0,251754280.0,854808816.0,17135108.0,0.0,0.0,0.0,31368517.0,31313025.625,2483027968.0,1.4135131956147131,1314.4051301669695,33733728.0,144965632.0,213719143.0
test,l1config-85_l2config-40,7,32.0,2.0,3.0,16.0,8.0,12.5,7.977476066702817,12.464806354223152,30.256580119404408,0.0,98.63326777754168,34078720.0,4194304.0,38273024.0,545259520.0,67108864.0,612368384.0,16.0,16.0,603197236.0,251819196.0,855016432.0,17136716.0,0.0,0.0,0.0,31367270.0,31316540.910714287,2483027968.0,1.4135686572964519,1314.6196236972673,33728224.0,144965632.0,213723375.0
test,l1config-85_l2config-40,8,32.0,2.0,3.0,16.0,8.0,12.5,7.97746436314919,12.46478806742061,30.26126140676386,0.0,98.60555510299413,34078720.0,4194304.0,38273024.0,545259520.0,67108864.0,612368384.0,16.0,16.0,603093712.0,251760656.0,854854368.0,17134308.0,0.0,0.0,0.0,31367817.0,31317895.25,2483027968.0,1.4135448182665862,1314.496156661935,33731392.0,144965632.0,213717504.0
test,l1config-85_l2config-40,9,32.0,2.0,3.0,16.0,8.0,12.5,7.977492018337137,12.464831278651776,30.252157417504744,0.0,98.64140175375493,34078720.0,4194304.0,38273024.0,545259520.0,67108864.0,612368384.0,16.0,16.0,603165344.0,251861576.0,855026920.0,17136348.0,0.0,0.0,0.0,31371260.0,31312554.07142857,2483027968.0,1.413389749008294,1314.2717305496665,33737152.0,144965632.0,213691255.0
test,l1config-85_l2config-40,10,32.0,2.0,3.0,16.0,8.0,12.5,7.9774482257224655,12.464762852691353,30.255994726577523,0.0,98.61966078547162,34078720.0,4194304.0,38273024.0,545259520.0,67108864.0,612368384.0,16.0,16.0,603160992.0,251809424.0,854970416.0,17139976.0,0.0,0.0,0.0,31384309.0,31315496.125,2483027968.0,1.412801513994534,1314.6557952009298,33727296.0,144965632.0,213717668.0
test,l1config-85_l2config-40,11,32.0,2.0,3.0,16.0,8.0,12.5,7.9774978164003345,12.464840338125523,30.265879894428,0.0,98.63104371331269,34078720.0,4194304.0,38273024.0,545259520.0,67108864.0,612368384.0,16.0,16.0,603052288.0,251826956.0,854879244.0,17133052.0,0.0,0.0,0.0,31370388.0,31323012.51785714,2483027968.0,1.4134286314055415,1314.8978212938187,33721088.0,144965632.0,213738142.0
test,l1config-85_l2config-40,12,32.0,2.0,3.0,16.0,8.0,12.5,7.977444868124972,12.46475760644527,30.25821016438738,0.0,98.6376877946777,34078720.0,4194304.0,38273024.0,545259520.0,67108864.0,612368384.0,16.0,16.0,603009608.0,251819320.0,854828928.0,17132532.0,0.0,0.0,0.0,31375574.0,31311412.39285714,2483027968.0,1.4131952565032222,1314.6994531149082,33726176.0,144965632.0,213717234.0
test,l1config-85_l2config-40,13,32.0,2.0,3.0,16.0,8.0,12.5,7.977426726402784,12.464729260004349,30.256882851003326,0.0,98.63183503643323,34078720.0,4194304.0,38273024.0,545259520.0,67108864.0,612368384.0,16.0,16.0,603110556.0,251823564.0,854934120.0,17135392.0,0.0,0.0,0.0,31380692.0,31315620.589285713,2483027968.0,1.4129647502976102,1314.9976518208964,33718528.0,144965632.0,213760706.0
test,l1config-85_l2config-40,14,32.0,2.0,3.0,16.0,8.0,12.5,7.977504719734386,12.464851124584978,30.24531679318963,0.0,98.64987131081189,34078720.0,4194304.0,38273024.0,545259520.0,67108864.0,612368384.0,16.0,16.0,603046556.0,251826976.0,854873532.0,17138932.0,0.0,0.0,0.0,31375119.0,31313571.69642857,2483027968.0,1.413215942015448,1314.7481039205522,33724928.0,144965632.0,213742553.0
test,l1config-85_l2config-40,15,32.0,2.0,3.0,16.0,8.0,12.5,7.977491554659248,12.464830554155075,30.247520762453274,0.0,98.62844778394427,34078720.0,4194304.0,38273024.0,545259520.0,67108864.0,612368384.0,16.0,16.0,603157852.0,251821348.0,854979200.0,17133472.0,0.0,0.0,0.0,31367680.0,31319493.48214286,2483027968.0,1.4135507441507107,1314.102214971127,33741504.0,144965632.0,213712643.0
test,l1config-85_l2config-40,16,32.0,2.0,3.0,16.0,8.0,12.5,7.977500360339205,12.464844313030007,30.25317725347989,0.0,98.6165403311368,34078720.0,4194304.0,38273024.0,545259520.0,67108864.0,612368384.0,16.0,16.0,603088004.0,251783248.0,854871252.0,17133604.0,0.0,0.0,0.0,31369994.0,31321306.375,2483027968.0,1.4134463499629515,1314.7169170924092,33725728.0,144965632.0,213745505.0
test,l1config-85_l2config-40,17,32.0,2.0,3.0,16.0,8.0,12.5,7.977388319957099,12.464669249932967,30.255356450847508,0.0,98.61393780082331,34078720.0,4194304.0,38273024.0,545259520.0,67108864.0,612368384.0,16.0,16.0,603054340.0,251809388.0,854863728.0,17130840.0,0.0,0.0,0.0,31368971.0,31322351.92857143,2483027968.0,1.4134922986287008,1314.1396043542495,33740544.0,144965632.0,213731724.0
test,l1config-85_l2config-40,18,32.0,2.0,3.0,16.0,8.0,12.5,7.977548236105733,12.464919118915208,30.2504651569455,0.0,98.61853841409884,34078720.0,4194304.0,38273024.0,545259520.0,67108864.0,612368384.0,16.0,16.0,603071328.0,251794548.0,854865876.0,17130544.0,0.0,0.0,0.0,31368431.0,31316015.48214286,2483027968.0,1.413517003326153,1314.4749575849173,33731936.0,144965632.0,213721369.0
test,l1config-85_l2config-40,19,32.0,2.0,3.0,16.0,8.0,12.5,7.977461885880011,12.464784196687518,30.26121345838881,0.0,98.59053144621431,34078720.0,4194304.0,38273024.0,545259520.0,67108864.0,612368384.0,16.0,16.0,603113412.0,251867260.0,854980672.0,17140488.0,0.0,0.0,0.0,31364874.0,31321444.285714287,2483027968.0,1.4136769119292039,1314.570982399521,33729472.0,144965632.0,213722640.0
test,l1config-85_l2config-40,20,32.0,2.0,3.0,16.0,8.0,12.5,7.977414043019786,12.464709442218416,30.25529256057407,0.0,98.6097715445629,34078720.0,4194304.0,38273024.0,545259520.0,67108864.0,612368384.0,16.0,16.0,603146736.0,251760300.0,854907036.0,17137024.0,0.0,0.0,0.0,31373237.0,31315492.089285713,2483027968.0,1.4133007060157214,1314.2991562969858,33736448.0,144965632.0,213728473.0
test,l1config-85_l2config-40,21,32.0,2.0,3.0,16.0,8.0,12.5,7.977418964589044,12.464717132170382,30.25688275309408,0.0,98.62134306866915,34078720.0,4194304.0,38273024.0,545259520.0,67108864.0,612368384.0,16.0,16.0,603065036.0,251843928.0,854908964.0,17134740.0,0.0,0.0,0.0,31368447.0,31316357.85714286,2483027968.0,1.413516248541486,1314.2829500352238,33736864.0,144965632.0,213713714.0
test,l1config-85_l2config-40,22,32.0,2.0,3.0,16.0,8.0,12.5,7.977388638588625,12.464669747794726,30.260528799556614,0.0,98.61128615095683,34078720.0,4194304.0,38273024.0,545259520.0,67108864.0,612368384.0,16.0,16.0,603160848.0,251756828.0,854917676.0,17133124.0,0.0,0.0,0.0,31373795.0,31312907.32142857,2483027968.0,1.4132751755197988,1314.8366825809076,33722656.0,144965632.0,213707736.0
test,l1config-85_l2config-40,23,32.0,2.0,3.0,16.0,8.0,12.5,7.977475966807797,12.464806198137182,30.247214653478416,0.0,98.63672852172802,34078720.0,4194304.0,38273024.0,545259520.0,67108864.0,612368384.0,16.0,16.0,603094092.0,251755232.0,854849324.0,17134016.0,0.0,0.0,0.0,31370270.0,31315856.57142857,2483027968.0,1.4134339142601586,1314.7955107331345,33723712.0,144965632.0,213751545.0
test,l1config-85_l2config-40,24,32.0,2.0,3.0,16.0,8.0,12.5,7.977415144212531,12.46471116283208,30.256287884306293,0.0,98.62239020372535,34078720.0,4194304.0,38273024.0,545259520.0,67108864.0,612368384.0,16.0,16.0,603053596.0,251806108.0,854859704.0,17132984.0,0.0,0.0,0.0,31371386.0,31311292.94642857,2483027968.0,1.413384106057145,1314.4886745566746,33731584.0,144965632.0,213720358.0
test,l1config-85_l2config-40,25,32.0,2.0,3.0,16.0,8.0,12.5,7.977449086616467,12.46476419783823,30.24863639302066,0.0,98.61095533842918,34078720.0,4194304.0,38273024.0,545259520.0,67108864.0,612368384.0,16.0,16.0,603063352.0,251789456.0,854852808.0,17145736.0,0.0,0.0,0.0,31371571.0,31323118.339285713,2483027968.0,1.413375275661142,1314.554769433481,33729888.0,144965632.0,213692875.0
test,l1config-85_l2config-40,26,32.0,2.0,3.0,16.0,8.0,12.5,7.977491727966146,12.464830824947102,30.257343669912018,0.0,98.59945145201358,34078720.0,4194304.0,38273024.0,545259520.0,67108864.0,612368384.0,16.0,16.0,603067964.0,251803368.0,854871332.0,17128476.0,0.0,0.0,0.0,31370280.0,31318271.67857143,2483027968.0,1.4134335650723873,1314.5634994424238,33729664.0,144965632.0,213722719.0
test,l1config-85_l2config-40,27,32.0,2.0,3.0,16.0,8.0,12.5,7.977464054521724,12.464787585190194,30.249082800351662,0.0,98.63212037884168,34078720.0,4194304.0,38273024.0,545259520.0,67108864.0,612368384.0,16.0,16.0,603064796.0,251776788.0,854841584.0,17132532.0,0.0,0.0,0.0,31363795.0,31322322.089285713,2483027968.0,1.4137258280003258,1314.3340634490623,33735552.0,144965632.0,213710119.0
test,l1config-85_l2config-40,28,32.0,2.0,3.0,16.0,8.0,12.5,7.977446155393277,12.464759617801995,30.255728788441044,0.0,98.62032727182107,34078720.0,4194304.0,38273024.0,545259520.0,67108864.0,612368384.0,16.0,16.0,603117316.0,251799560.0,854916876.0,17140248.0,0.0,0.0,0.0,31386540.0,31313337.26785714,2483027968.0,1.4127014951054033,1314.3739596077094,33734528.0,144965632.0,213724945.0
test,l1config-85_l2config-40,29,32.0,2.0,3.0,16.0,8.0,12.5,7.977420750262263,12.464719922284786,30.255430582597675,0.0,98.6345206106612,34078720.0,4194304.0,38273024.0,545259520.0,67108864.0,612368384.0,16.0,16.0,603138648.0,251837180.0,854975828.0,17135464.0,0.0,0.0,0.0,31369245.0,31318348.910714287,2483027968.0,1.4134803352415164,1314.7855300674328,33723968.0,144965632.0,213706692.0
test,l1config-85_l2config-40,30,32.0,2.0,3.0,16.0,8.0,12.5,7.977420797437675,12.464719995996369,30.254115263410412,0.0,98.6211203814546,34078720.0,4194304.0,38273024.0,545259520.0,67108864.0,612368384.0,16.0,16.0,603095436.0,251782284.0,854877720.0,17129504.0,0.0,0.0,0.0,31366723.0,31311215.875,2483027968.0,1.4135939392633585,1314.3378036110475,33735456.0,144965632.0,213712909.0
test,l1config-85_l2config-40,31,32.0,2.0,3.0,16.0,8.0,12.5,7.977427772350578,12.464730894297778,30.257799764038417,0.0,98.62180282380632,34078720.0,4194304.0,38273024.0,545259520.0,67108864.0,612368384.0,16.0,16.0,603054844.0,251787600.0,854842444.0,17144864.0,0.0,0.0,0.0,31372038.0,31316481.51785714,2483027968.0,1.4133542701242814,1314.3390503364399,33735424.0,144965632.0,213717873.0
test,l1config-85_l2config-40,32,32.0,2.0,3.0,16.0,8.0,12.5,7.977495603102186,12.464836879847166,30.250988428782282,0.0,98.632409767667,34078720.0,4194304.0,38273024.0,545259520.0,67108864.0,612368384.0,16.0,16.0,603121668.0,251847464.0,854969132.0,17142892.0,0.0,0.0,0.0,31375356.0,31311422.464285713,2483027968.0,1.4132047602779536,1314.4026364678225,33733792.0,144965632.0,213732467.0
test,l1config-85_l2config-40,33,32.0,2.0,3.0,16.0,8.0,12.5,7.977397436088688,12.464683493888575,30.24272963910129,0.0,98.62523072543536,34078720.0,4194304.0,38273024.0,545259520.0,67108864.0,612368384.0,16.0,16.0,603129240.0,251822452.0,854951692.0,17129116.0,0.0,0.0,0.0,31370979.0,31311247.125,2483027968.0,1.4134021726703259,1314.4101175936498,33733600.0,144965632.0,213722315.0
test,l1config-85_l2config-40,34,32.0,2.0,3.0,16.0,8.0,12.5,7.977378717956763,12.464654246807443,30.260693325582178,0.0,98.5812025891817,34078720.0,4194304.0,38273024.0,545259520.0,67108864.0,612368384.0,16.0,16.0,603153044.0,251781368.0,854934412.0,17136640.0,0.0,0.0,0.0,31375162.0,31312702.035714287,2483027968.0,1.413213847537555,1314.4724636208095,33732000.0,144965632.0,213712236.0
test,l1config-85_l2config-40,35,32.0,2.0,3.0,16.0,8.0,12.5,7.977463538375126,12.464786778711135,30.25679156678257,0.0,98.60726360930326,34078720.0,4194304.0,38273024.0,545259520.0,67108864.0,612368384.0,16.0,16.0,603101588.0,251757040.0,854858628.0,17136424.0,0.0,0.0,0.0,31363023.0,31316441.660714287,2483027968.0,1.4137601309917647,1314.3752064016946,33734496.0,144965632.0,213727361.0
test,l1config-85_l2config-40,36,32.0,2.0,3.0,16.0,8.0,12.5,7.9774430635970175,12.46475478687034,30.251521872540266,0.0,98.63933455232913,34078720.0,4194304.0,38273024.0,545259520.0,67108864.0,612368384.0,16.0,16.0,603087724.0,251763448.0,854851172.0,17144700.0,0.0,0.0,0.0,31361328.0,31315038.035714287,2483027968.0,1.4138371497509874,1314.642074741089,33727648.0,144965632.0,213743722.0
test,l1config-85_l2config-40,37,32.0,2.0,3.0,16.0,8.0,12.5,7.977509351356832,12.46485836149505,30.2644783152072,0.0,98.62969677749963,34078720.0,4194304.0,38273024.0,545259520.0,67108864.0,612368384.0,16.0,16.0,603115084.0,251773852.0,854888936.0,17128732.0,0.0,0.0,0.0,31375226.0,31315399.30357143,2483027968.0,1.4132106495295234,1314.2480455980817,33737760.0,144965632.0,213736259.0
test,l1config-85_l2config-40,38,32.0,2.0,3.0,16.0,8.0,12.5,7.977480708282556,12.464813606691493,30.24796943404389,0.0,98.62419302069986,34078720.0,4194304.0,38273024.0,545259520.0,67108864.0,612368384.0,16.0,16.0,603126940.0,251850900.0,854977840.0,17146220.0,0.0,0.0,0.0,31357729.0,31316157.160714287,2483027968.0,1.4139992952406213,1314.9290167052293,33720288.0,144965632.0,213726708.0
test,l1config-85_l2config-40,39,32.0,2.0,3.0,16.0,8.0,12.5,7.977399124098962,12.464686131404628,30.26528854128217,0.0,98.6142171299527,34078720.0,4194304.0,38273024.0,545259520.0,67108864.0,612368384.0,16.0,16.0,603105324.0,251818564.0,854923888.0,17135252.0,0.0,0.0,0.0,31373223.0,31318386.39285714,2483027968.0,1.4133009537797954,1314.3178563264332,33735968.0,144965632.0,213722926.0
test,l1config-85_l2config-40,40,32.0,2.0,3.0,16.0,8.0,12.5,7.977471878801322,12.464799810627065,30.255006059928334,0.0,98.61980520371482,34078720.0,4194304.0,38273024.0,545259520.0,67108864.0,612368384.0,16.0,16.0,603085176.0,251789396.0,854874572.0,17130820.0,0.0,0.0,0.0,31366456.0,31318794.89285714,2483027968.0,1.4136060285092031,1314.397649097915,33733920.0,144965632.0,213729750.0
test,l1config-85_l2config-40,41,32.0,2.0,3.0,16.0,8.0,12.5,7.977466022594357,12.464790660303683,30.246527279201572,0.0,98.62796996669873,34078720.0,4194304.0,38273024.0,545259520.0,67108864.0,612368384.0,16.0,16.0,603133396.0,251794388.0,854927784.0,17154424.0,0.0,0.0,0.0,31371191.0,31322699.375,2483027968.0,1.4133923058093762,1314.5210976279786,33730752.0,144965632.0,213750844.0
test,l1config-85_l2config-40,42,32.0,2.0,3.0,16.0,8.0,12.5,7.977391026914757,12.464673479554309,30.243776226904167,0.0,98.6198797341254,34078720.0,4194304.0,38273024.0,545259520.0,67108864.0,612368384.0,16.0,16.0,603160860.0,251858264.0,855019124.0,17136336.0,0.0,0.0,0.0,31366179.0,31313019.464285713,2483027968.0,1.4136184109054635,1314.4949096384767,33731424.0,144965632.0,213729700.0
test,l1config-85_l2config-40,43,32.0,2.0,3.0,16.0,8.0,12.5,7.977437200291166,12.464745625454947,30.25188060755729,0.0,98.65653487061013,34078720.0,4194304.0,38273024.0,545259520.0,67108864.0,612368384.0,16.0,16.0,603100372.0,251795336.0,854895708.0,17132676.0,0.0,0.0,0.0,31376380.0,31323425.625,2483027968.0,1.4131587177067333,1314.3714660268352,33734592.0,144965632.0,213726099.0
test,l1config-85_l2config-40,44,32.0,2.0,3.0,16.0,8.0,12.5,7.977434963913523,12.46474213111488,30.272856457671583,0.0,98.63825776598291,34078720.0,4194304.0,38273024.0,545259520.0,67108864.0,612368384.0,16.0,16.0,603074228.0,251799364.0,854873592.0,17134096.0,0.0,0.0,0.0,31365998.0,31318892.01785714,2483027968.0,1.413626252826388,1313.9838292927338,33744544.0,144965632.0,213742664.0
test,l1config-85_l2config-40,45,32.0,2.0,3.0,16.0,8.0,12.5,7.977444824267886,12.464757537918572,30.24998225673495,0.0,98.59983439537888,34078720.0,4194304.0,38273024.0,545259520.0,67108864.0,612368384.0,16.0,16.0,603167196.0,251857852.0,855025048.0,17136188.0,0.0,0.0,0.0,31364296.0,31309069.80357143,2483027968.0,1.413702885141397,1314.5847013754624,33729120.0,144965632.0,213720161.0
test,l1config-85_l2config-40,46,32.0,2.0,3.0,16.0,8.0,12.5,7.977435188373365,12.464742481833383,30.241325189389173,0.0,98.63690547661946,34078720.0,4194304.0,38273024.0,545259520.0,67108864.0,612368384.0,16.0,16.0,603098376.0,251886756.0,854985132.0,17134040.0,0.0,0.0,0.0,31370804.0,31315196.05357143,2483027968.0,1.413410057247278,1314.5048858923928,33731168.0,144965632.0,213708288.0
test,l1config-85_l2config-40,47,32.0,2.0,3.0,16.0,8.0,12.5,7.977394963439353,12.464679630373988,30.243253034917366,0.0,98.65181828999188,34078720.0,4194304.0,38273024.0,545259520.0,67108864.0,612368384.0,16.0,16.0,603042508.0,251809988.0,854852496.0,17131416.0,0.0,0.0,0.0,31372363.0,31323841.01785714,2483027968.0,1.4133397299279928,1314.2841966565545,33736832.0,144965632.0,213739839.0
test,l1config-85_l2config-40,48,32.0,2.0,3.0,16.0,8.0,12.5,7.977485213760892,12.464820646501394,30.254452965480134,0.0,98.62070896989896,34078720.0,4194304.0,38273024.0,545259520.0,67108864.0,612368384.0,16.0,16.0,603109332.0,251793440.0,854902772.0,17133828.0,0.0,0.0,0.0,31368239.0,31312206.80357143,2483027968.0,1.4135256777749678,1314.4612408994356,33732288.0,144965632.0,213764162.0
test,l1config-85_l2config-40,49,32.0,2.0,3.0,16.0,8.0,12.5,7.977466075647078,12.46479074319856,30.258733371448987,0.0,98.63360216742618,34078720.0,4194304.0,38273024.0,545259520.0,67108864.0,612368384.0,16.0,16.0,603127300.0,251832084.0,854959384.0,17135108.0,0.0,0.0,0.0,31372021.0,31312236.625,2483027968.0,1.4133553175705778,1314.406377020091,33733696.0,144965632.0,213747796.0
test,l1config-10_l2config-40,0,32.0,2.0,1.0,16.0,4.0,6.25,3.9982261463008038,6.2472283535950055,46.37907811202783,0.0,98.59625695287131,34078720.0,4194304.0,38273024.0,545259520.0,67108864.0,612368384.0,16.0,16.0,545263304.0,276354292.0,821617596.0,17389760.0,0.0,0.0,0.0,40239090.0,40142805.64285714,2483027968.0,1.1019084254952562,1024.2330259893376,43290720.0,144965632.0,205403193.0
test,l1config-10_l2config-40,1,32.0,2.0,1.0,16.0,4.0,6.25,3.998236673938466,6.2472448030288525,46.379239447391896,0.0,98.57561795110945,34078720.0,4194304.0,38273024.0,545259520.0,67108864.0,612368384.0,16.0,16.0,545262748.0,276357428.0,821620176.0,17403928.0,0.0,0.0,0.0,40257199.0,40108476.23214286,2483027968.0,1.1014125937802226,1024.4405137470958,43281952.0,144965632.0,205400404.0
test,l1config-10_l2config-40,2,32.0,2.0,1.0,16.0,4.0,6.25,3.9982251202867403,6.247226750448032,46.37939226838217,0.0,98.58226972021184,34078720.0,4194304.0,38273024.0,545259520.0,67108864.0,612368384.0,16.0,16.0,545263084.0,276349936.0,821613020.0,17380592.0,0.0,0.0,0.0,40216779.0,40113241.5,2483027968.0,1.1025196816439633,1024.6488433025895,43273152.0,144965632.0,205402325.0
test,l1config-10_l2config-40,3,32.0,2.0,1.0,16.0,4.0,6.25,3.998228980222002,6.247232781596878,46.37887900346098,0.0,98.57451179660356,34078720.0,4194304.0,38273024.0,545259520.0,67108864.0,612368384.0,16.0,16.0,545262732.0,276337068.0,821599800.0,17407040.0,0.0,0.0,0.0,40262986.0,40099697.375,2483027968.0,1.1012543834475732,1024.2920832893753,43288224.0,144965632.0,205402572.0
test,l1config-10_l2config-40,4,32.0,2.0,1.0,16.0,4.0,6.25,3.9982301292740177,6.247234576990652,46.379425597646126,0.0,98.63274148466306,34078720.0,4194304.0,38273024.0,545259520.0,67108864.0,612368384.0,16.0,16.0,545262596.0,276343260.0,821605856.0,17403996.0,0.0,0.0,0.0,40238277.0,40116105.875,2483027968.0,1.1019307302423258,1024.7132532177432,43270432.0,144965632.0,205401695.0
test,l1config-10_l2config-40,5,32.0,2.0,1.0,16.0,4.0,6.25,3.998201667280354,6.247190105125553,46.37990607997415,0.0,98.5748734353461,34078720.0,4194304.0,38273024.0,545259520.0,67108864.0,612368384.0,16.0,16.0,545263916.0,276358964.0,821622880.0,17374080.0,0.0,0.0,0.0,40271182.0,40148100.553571425,2483027968.0,1.101030337905828,1023.7320701222727,43311904.0,144965632.0,205403439.0
test,l1config-10_l2config-40,6,32.0,2.0,1.0,16.0,4.0,6.25,3.9982240145290455,6.247225022701634,46.378960145150295,0.0,98.59287154980416,34078720.0,4194304.0,38273024.0,545259520.0,67108864.0,612368384.0,16.0,16.0,545263764.0,276360736.0,821624500.0,17398380.0,0.0,0.0,0.0,40256524.0,40121266.125,2483027968.0,1.1014310548415127,1024.7352302179645,43269504.0,144965632.0,205405567.0
test,l1config-10_l2config-40,7,32.0,2.0,1.0,16.0,4.0,6.25,3.998222792185827,6.247223112790355,46.379466627967986,0.0,98.5920074297722,34078720.0,4194304.0,38273024.0,545259520.0,67108864.0,612368384.0,16.0,16.0,545263840.0,276332932.0,821596772.0,17320360.0,0.0,0.0,0.0,40240885.0,40089109.446428575,2483027968.0,1.1018592185838763,1024.1126610423148,43295808.0,144965632.0,205400733.0
test,l1config-10_l2config-40,8,32.0,2.0,1.0,16.0,4.0,6.25,3.9982077498080826,6.247199609075129,46.37949983448865,0.0,98.6401627021611,34078720.0,4194304.0,38273024.0,545259520.0,67108864.0,612368384.0,16.0,16.0,545263180.0,276345864.0,821609044.0,17430148.0,0.0,0.0,0.0,40239828.0,40145044.821428575,2483027968.0,1.1018880863795266,1024.2337830911151,43290688.0,144965632.0,205398811.0
test,l1config-10_l2config-40,9,32.0,2.0,1.0,16.0,4.0,6.25,3.998215526844979,6.247211760695279,46.37912697550296,0.0,98.53052131275622,34078720.0,4194304.0,38273024.0,545259520.0,67108864.0,612368384.0,16.0,16.0,545262864.0,276348676.0,821611540.0,17410236.0,0.0,0.0,0.0,40242572.0,40119384.303571425,2483027968.0,1.1018131099189055,1024.1838167745477,43292800.0,144965632.0,205399192.0
test,l1config-10_l2config-40,10,32.0,2.0,1.0,16.0,4.0,6.25,3.9982462760168187,6.247259806276279,46.37906636444707,0.0,98.59821948682713,34078720.0,4194304.0,38273024.0,545259520.0,67108864.0,612368384.0,16.0,16.0,545264192.0,276337444.0,821601636.0,17157696.0,0.0,0.0,0.0,40246164.0,40081054.83928572,2483027968.0,1.1017145806421311,1024.2655823765115,43289344.0,144965632.0,205406216.0
test,l1config-10_l2config-40,11,32.0,2.0,1.0,16.0,4.0,6.25,3.998218421447266,6.247216283511353,46.37924703850142,0.0,98.61027931061722,34078720.0,4194304.0,38273024.0,545259520.0,67108864.0,612368384.0,16.0,16.0,545263008.0,276341092.0,821604100.0,17397576.0,0.0,0.0,0.0,40232195.0,40130863.5,2483027968.0,1.1020972228291037,1024.653389619225,43272960.0,144965632.0,205406225.0
test,l1config-10_l2config-40,12,32.0,2.0,1.0,16.0,4.0,6.25,3.9981891415159345,6.247170533618648,46.37950031660857,0.0,98.596299119863,34078720.0,4194304.0,38273024.0,545259520.0,67108864.0,612368384.0,16.0,16.0,545263156.0,276337692.0,821600848.0,17391384.0,0.0,0.0,0.0,40210076.0,40176997.696428575,2483027968.0,1.1027033477512695,1025.594587361494,43233248.0,144965632.0,205405710.0
test,l1config-10_l2config-40,13,32.0,2.0,1.0,16.0,4.0,6.25,3.9982305414604604,6.2472352210319695,46.379303193619734,0.0,98.63062504916098,34078720.0,4194304.0,38273024.0,545259520.0,67108864.0,612368384.0,16.0,16.0,545262836.0,276364912.0,821627748.0,17325972.0,0.0,0.0,0.0,40277255.0,40118103.83928572,2483027968.0,1.1008641948170903,1023.7101361291067,43312832.0,144965632.0,205402208.0
test,l1config-10_l2config-40,14,32.0,2.0,1.0,16.0,4.0,6.25,3.998219710349512,6.247218297421112,46.379473862721994,0.0,98.59825521736705,34078720.0,4194304.0,38273024.0,545259520.0,67108864.0,612368384.0,16.0,16.0,545262928.0,276355236.0,821618164.0,17322184.0,0.0,0.0,0.0,40230639.0,40138332.053571425,2483027968.0,1.1021399308234106,1024.3768954265795,43284640.0,144965632.0,205402927.0
test,l1config-10_l2config-40,15,32.0,2.0,1.0,16.0,4.0,6.25,3.9982228922844736,6.24722326919449,46.37915439258815,0.0,98.58940005352311,34078720.0,4194304.0,38273024.0,545259520.0,67108864.0,612368384.0,16.0,16.0,545262936.0,276350788.0,821613724.0,17409908.0,0.0,0.0,0.0,40238155.0,40108047.928571425,2483027968.0,1.1019340370082051,1024.591260116955,43275584.0,144965632.0,205400398.0
test,l1config-10_l2config-40,16,32.0,2.0,1.0,16.0,4.0,6.25,3.9982067118662123,6.247197987290956,46.379395535624404,0.0,98.55533585891048,34078720.0,4194304.0,38273024.0,545259520.0,67108864.0,612368384.0,16.0,16.0,545263300.0,276352708.0,821616008.0,17350892.0,0.0,0.0,0.0,40236752.0,40112110.303571425,2483027968.0,1.1019722819165476,1025.0680317150543,43255456.0,144965632.0,205404435.0
test,l1config-10_l2config-40,17,32.0,2.0,1.0,16.0,4.0,6.25,3.9982261657134224,6.247228383927222,46.379248275667265,0.0,98.56862919601548,34078720.0,4194304.0,38273024.0,545259520.0,67108864.0,612368384.0,16.0,16.0,545262592.0,276344652.0,821607244.0,17431524.0,0.0,0.0,0.0,40259777.0,40118097.66071428,2483027968.0,1.1013420794540105,1024.725378342672,43269920.0,144965632.0,205403243.0
test,l1config-10_l2config-40,18,32.0,2.0,1.0,16.0,4.0,6.25,3.9982173672253802,6.247214636289657,46.37940816687471,0.0,98.57948042813551,34078720.0,4194304.0,38273024.0,545259520.0,67108864.0,612368384.0,16.0,16.0,545263340.0,276355792.0,821619132.0,17420768.0,0.0,0.0,0.0,40216874.0,40112840.571428575,2483027968.0,1.1025169607691443,1024.6071706132443,43274912.0,144965632.0,205399356.0
test,l1config-10_l2config-40,19,32.0,2.0,1.0,16.0,4.0,6.25,3.9982351834898915,6.247242474202955,46.37966356356098,0.0,98.58885255975109,34078720.0,4194304.0,38273024.0,545259520.0,67108864.0,612368384.0,16.0,16.0,545263180.0,276348676.0,821611856.0,17269944.0,0.0,0.0,0.0,40222273.0,40096803.03571428,2483027968.0,1.1023692038532973,1023.6919845696766,43313600.0,144965632.0,205407215.0
test,l1config-10_l2config-40,20,32.0,2.0,1.0,16.0,4.0,6.25,3.9982211683561335,6.247220575556459,46.37979479584164,0.0,98.59675250055014,34078720.0,4194304.0,38273024.0,545259520.0,67108864.0,612368384.0,16.0,16.0,545264024.0,276349504.0,821613528.0,17402680.0,0.0,0.0,0.0,40254769.0,40121118.0,2483027968.0,1.1014791837338196,1025.0293580293046,43257088.0,144965632.0,205401995.0
test,l1config-10_l2config-40,21,32.0,2.0,1.0,16.0,4.0,6.25,3.998214488624666,6.24721013847604,46.37936792266954,0.0,98.53347833113327,34078720.0,4194304.0,38273024.0,545259520.0,67108864.0,612368384.0,16.0,16.0,545262804.0,276340208.0,821603012.0,17423920.0,0.0,0.0,0.0,40228632.0,40114598.21428572,2483027968.0,1.1021948821705863,1023.577039639659,43318464.0,144965632.0,205405706.0
test,l1config-10_l2config-40,22,32.0,2.0,1.0,16.0,4.0,6.25,3.9982163958031363,6.2472131184424,46.37991343995289,0.0,98.61594317065155,34078720.0,4194304.0,38273024.0,545259520.0,67108864.0,612368384.0,16.0,16.0,545262600.0,276351560.0,821614160.0,17321020.0,0.0,0.0,0.0,40233273.0,40109555.446428575,2483027968.0,1.1020677688431018,1024.2822399330894,43288640.0,144965632.0,205401398.0
test,l1config-10_l2config-40,23,32.0,2.0,1.0,16.0,4.0,6.25,3.998227313448776,6.247230177263712,46.37969103963958,0.0,98.58534350760159,34078720.0,4194304.0,38273024.0,545259520.0,67108864.0,612368384.0,16.0,16.0,545263832.0,276344324.0,821608156.0,17182836.0,0.0,0.0,0.0,40236332.0,40109117.321428575,2483027968.0,1.101983928449759,1024.2898117288253,43288320.0,144965632.0,205402582.0
test,l1config-10_l2config-40,24,32.0,2.0,1.0,16.0,4.0,6.25,3.9981998994358254,6.247187342868477,46.37992513442463,0.0,98.57893479777842,34078720.0,4194304.0,38273024.0,545259520.0,67108864.0,612368384.0,16.0,16.0,545263380.0,276351548.0,821614928.0,17425308.0,0.0,0.0,0.0,40251817.0,40165077.446428575,2483027968.0,1.1015598617331246,1024.5685316936845,43276544.0,144965632.0,205402153.0
test,l1config-10_l2config-40,25,32.0,2.0,1.0,16.0,4.0,6.25,3.998224267332813,6.24722541770752,46.37963621949372,0.0,98.60645057286308,34078720.0,4194304.0,38273024.0,545259520.0,67108864.0,612368384.0,16.0,16.0,545263364.0,276351604.0,821614968.0,17420824.0,0.0,0.0,0.0,40257089.0,40121849.35714286,2483027968.0,1.1014157401196507,1024.0876831831781,43296864.0,144965632.0,205399499.0
test,l1config-10_l2config-40,26,32.0,2.0,1.0,16.0,4.0,6.25,3.998222393950929,6.247222490548326,46.3791169475176,0.0,98.56167741101962,34078720.0,4194304.0,38273024.0,545259520.0,67108864.0,612368384.0,16.0,16.0,545263928.0,276339484.0,821603412.0,17424972.0,0.0,0.0,0.0,40234962.0,40099054.26785714,2483027968.0,1.102021437300334,1024.2867829970974,43288448.0,144965632.0,205403068.0
test,l1config-10_l2config-40,27,32.0,2.0,1.0,16.0,4.0,6.25,3.998221249019101,6.2472207015923455,46.37981629470343,0.0,98.58939187097029,34078720.0,4194304.0,38273024.0,545259520.0,67108864.0,612368384.0,16.0,16.0,545262652.0,276344796.0,821607448.0,17454728.0,0.0,0.0,0.0,40266594.0,40123338.98214286,2483027968.0,1.101155742132392,1024.4155198930985,43283008.0,144965632.0,205405211.0
test,l1config-10_l2config-40,28,32.0,2.0,1.0,16.0,4.0,6.25,3.9982172302111945,6.2472144222049915,46.379514158385845,0.0,98.59327223125362,34078720.0,4194304.0,38273024.0,545259520.0,67108864.0,612368384.0,16.0,16.0,545263920.0,276347336.0,821611256.0,17396388.0,0.0,0.0,0.0,40242013.0,40120415.28571428,2483027968.0,1.1018282440329823,1023.949191710293,43302720.0,144965632.0,205402585.0
test,l1config-10_l2config-40,29,32.0,2.0,1.0,16.0,4.0,6.25,3.998212098616465,6.247206404088226,46.37940951789601,0.0,98.58299093559944,34078720.0,4194304.0,38273024.0,545259520.0,67108864.0,612368384.0,16.0,16.0,545263564.0,276348840.0,821612404.0,17382952.0,0.0,0.0,0.0,40290651.0,40133705.25,2483027968.0,1.1004982978891362,1024.209556389388,43291712.0,144965632.0,205404979.0
test,l1config-10_l2config-40,30,32.0,2.0,1.0,16.0,4.0,6.25,3.998217143338974,6.2472142864671465,46.37952424214318,0.0,98.57006865990618,34078720.0,4194304.0,38273024.0,545259520.0,67108864.0,612368384.0,16.0,16.0,545264256.0,276350320.0,821614576.0,17427928.0,0.0,0.0,0.0,40229450.0,40139413.89285714,2483027968.0,1.102172361249981,1024.2057710707716,43291872.0,144965632.0,205404914.0
test,l1config-10_l2config-40,31,32.0,2.0,1.0,16.0,4.0,6.25,3.998216690815398,6.24721357939906,46.37984643321941,0.0,98.61348070725593,34078720.0,4194304.0,38273024.0,545259520.0,67108864.0,612368384.0,16.0,16.0,545263436.0,276330340.0,821593776.0,17322948.0,0.0,0.0,0.0,40253692.0,40163995.14285714,2483027968.0,1.1015085378562115,1024.9141125869019,43261952.0,144965632.0,205403506.0
test,l1config-10_l2config-40,32,32.0,2.0,1.0,16.0,4.0,6.25,3.9982269154022094,6.247229555315952,46.379237698514245,0.0,98.59448088762157,34078720.0,4194304.0,38273024.0,545259520.0,67108864.0,612368384.0,16.0,16.0,545263548.0,276346808.0,821610356.0,17451628.0,0.0,0.0,0.0,40263550.0,40125492.571428575,2483027968.0,1.1012390120990565,1024.52913814863,43278208.0,144965632.0,205405919.0
test,l1config-10_l2config-40,33,32.0,2.0,1.0,16.0,4.0,6.25,3.998206259479861,6.247197280437282,46.37953179282259,0.0,98.58982406720307,34078720.0,4194304.0,38273024.0,545259520.0,67108864.0,612368384.0,16.0,16.0,545262528.0,276355868.0,821618396.0,17420384.0,0.0,0.0,0.0,40277346.0,40135483.39285714,2483027968.0,1.1008616392663295,1025.306204599969,43245408.0,144965632.0,205403223.0
test,l1config-10_l2config-40,34,32.0,2.0,1.0,16.0,4.0,6.25,3.9982317118417883,6.247237049752794,46.379414934646654,0.0,98.58639448978563,34078720.0,4194304.0,38273024.0,545259520.0,67108864.0,612368384.0,16.0,16.0,545262956.0,276362860.0,821625816.0,17434444.0,0.0,0.0,0.0,40263494.0,40109029.23214286,2483027968.0,1.1012404822050235,1024.3481183058304,43285856.0,144965632.0,205404043.0
test,l1config-10_l2config-40,35,32.0,2.0,1.0,16.0,4.0,6.25,3.9982320754357152,6.247237617868305,46.37881130691057,0.0,98.5871368483529,34078720.0,4194304.0,38273024.0,545259520.0,67108864.0,612368384.0,16.0,16.0,545263636.0,276346824.0,821610460.0,17220116.0,0.0,0.0,0.0,40228650.0,40083582.428571425,2483027968.0,1.1021944300992597,1024.3852259475111,43284288.0,144965632.0,205403212.0
test,l1config-10_l2config-40,36,32.0,2.0,1.0,16.0,4.0,6.25,3.9982150203925544,6.247210969363366,46.379381043048205,0.0,98.63259267742777,34078720.0,4194304.0,38273024.0,545259520.0,67108864.0,612368384.0,16.0,16.0,545264276.0,276345396.0,821609672.0,17229492.0,0.0,0.0,0.0,40263363.0,40139134.03571428,2483027968.0,1.1012440378263797,1024.1277997317654,43295168.0,144965632.0,205406004.0
test,l1config-10_l2config-40,37,32.0,2.0,1.0,16.0,4.0,6.25,3.9982347413394312,6.2472417833428615,46.37991119045449,0.0,98.55756961771067,34078720.0,4194304.0,38273024.0,545259520.0,67108864.0,612368384.0,16.0,16.0,545263428.0,276348344.0,821611772.0,17428824.0,0.0,0.0,0.0,40238387.0,40120182.71428572,2483027968.0,1.1019276973461423,1024.160349429709,43293792.0,144965632.0,205404646.0
test,l1config-10_l2config-40,38,32.0,2.0,1.0,16.0,4.0,6.25,3.998233405342797,6.24723969584812,46.37926316651645,0.0,98.59662411722388,34078720.0,4194304.0,38273024.0,545259520.0,67108864.0,612368384.0,16.0,16.0,545263036.0,276352724.0,821615760.0,17402860.0,0.0,0.0,0.0,40254063.0,40112403.178571425,2483027968.0,1.101498433732118,1024.4980799892683,43279520.0,144965632.0,205404873.0
test,l1config-10_l2config-40,39,32.0,2.0,1.0,16.0,4.0,6.25,3.9982083708554974,6.2472005794617145,46.37937535296812,0.0,98.58099342714318,34078720.0,4194304.0,38273024.0,545259520.0,67108864.0,612368384.0,16.0,16.0,545262808.0,276344588.0,821607396.0,17319220.0,0.0,0.0,0.0,40294643.0,40148116.553571425,2483027968.0,1.1003893258555753,1024.4692960595019,43280736.0,144965632.0,205403983.0
test,l1config-10_l2config-40,40,32.0,2.0,1.0,16.0,4.0,6.25,3.9982308954706216,6.247235774172847,46.37929036751315,0.0,98.61461047821943,34078720.0,4194304.0,38273024.0,545259520.0,67108864.0,612368384.0,16.0,16.0,545262632.0,276338056.0,821600688.0,17428352.0,0.0,0.0,0.0,40258121.0,40098555.25,2483027968.0,1.1013874989468184,1024.8352753722415,43265280.0,144965632.0,205403699.0
test,l1config-10_l2config-40,41,32.0,2.0,1.0,16.0,4.0,6.25,3.9982380483948674,6.24724695061698,46.37935434255219,0.0,98.58896070342237,34078720.0,4194304.0,38273024.0,545259520.0,67108864.0,612368384.0,16.0,16.0,545263544.0,276352612.0,821616156.0,17398092.0,0.0,0.0,0.0,40253882.0,40086799.08928572,2483027968.0,1.1015033592129202,1025.013434418637,43257760.0,144965632.0,205404019.0
test,l1config-10_l2config-40,42,32.0,2.0,1.0,16.0,4.0,6.25,3.9982288797154384,6.247232624555372,46.379638399567824,0.0,98.59360206742205,34078720.0,4194304.0,38273024.0,545259520.0,67108864.0,612368384.0,16.0,16.0,545263308.0,276358780.0,821622088.0,17418336.0,0.0,0.0,0.0,40236005.0,40125108.08928572,2483027968.0,1.101992939105266,1024.4473304644002,43281664.0,144965632.0,205402885.0
test,l1config-10_l2config-40,43,32.0,2.0,1.0,16.0,4.0,6.25,3.998198375220622,6.247184961282222,46.379330120956126,0.0,98.55199616868087,34078720.0,4194304.0,38273024.0,545259520.0,67108864.0,612368384.0,16.0,16.0,545263244.0,276358288.0,821621532.0,17401048.0,0.0,0.0,0.0,40251745.0,40151534.78571428,2483027968.0,1.101562016865909,1024.6965816394822,43271136.0,144965632.0,205403632.0
test,l1config-10_l2config-40,44,32.0,2.0,1.0,16.0,4.0,6.25,3.9982278950449976,6.247231086007809,46.37927240101156,0.0,98.59720729821466,34078720.0,4194304.0,38273024.0,545259520.0,67108864.0,612368384.0,16.0,16.0,545262968.0,276346076.0,821609044.0,17448892.0,0.0,0.0,0.0,40261847.0,40113816.428571425,2483027968.0,1.1012855992725206,1024.7056751603748,43270752.0,144965632.0,205403671.0
test,l1config-10_l2config-40,45,32.0,2.0,1.0,16.0,4.0,6.25,3.9982329417100693,6.247238971421983,46.37994605295668,0.0,98.59518011371597,34078720.0,4194304.0,38273024.0,545259520.0,67108864.0,612368384.0,16.0,16.0,545262916.0,276359808.0,821622724.0,17412872.0,0.0,0.0,0.0,40253223.0,40086720.303571425,2483027968.0,1.1015213786388691,1024.2769397426816,43288864.0,144965632.0,205404148.0
test,l1config-10_l2config-40,46,32.0,2.0,1.0,16.0,4.0,6.25,3.998199451031023,6.247186642235973,46.37986733517111,0.0,98.5926703234717,34078720.0,4194304.0,38273024.0,545259520.0,67108864.0,612368384.0,16.0,16.0,545262500.0,276346404.0,821608904.0,17421928.0,0.0,0.0,0.0,40244309.0,40161441.928571425,2483027968.0,1.101765389871776,1024.977039451986,43259296.0,144965632.0,205397311.0
test,l1config-10_l2config-40,47,32.0,2.0,1.0,16.0,4.0,6.25,3.998227997136141,6.247231245525221,46.379203743486855,0.0,98.59524208979138,34078720.0,4194304.0,38273024.0,545259520.0,67108864.0,612368384.0,16.0,16.0,545263336.0,276357404.0,821620740.0,17340096.0,0.0,0.0,0.0,40269623.0,40112157.03571428,2483027968.0,1.1010727786896224,1024.7996509945629,43266784.0,144965632.0,205402116.0
test,l1config-10_l2config-40,48,32.0,2.0,1.0,16.0,4.0,6.25,3.998235044644567,6.2472422572571356,46.37911518398086,0.0,98.58390197055388,34078720.0,4194304.0,38273024.0,545259520.0,67108864.0,612368384.0,16.0,16.0,545263172.0,276348552.0,821611724.0,17402976.0,0.0,0.0,0.0,40239469.0,40107853.83928572,2483027968.0,1.1018980196606534,1023.2981030642305,43330272.0,144965632.0,205403683.0
test,l1config-10_l2config-40,49,32.0,2.0,1.0,16.0,4.0,6.25,3.998237547089105,6.247246167326727,46.379206544201416,0.0,98.58454634166877,34078720.0,4194304.0,38273024.0,545259520.0,67108864.0,612368384.0,16.0,16.0,545262960.0,276348284.0,821611244.0,17270616.0,0.0,0.0,0.0,40224453.0,40093148.178571425,2483027968.0,1.1023094188546898,1024.235297298028,43290624.0,144965632.0,205403284.0
test,l1config-40_l2config-10,0,32.0,2.0,2.0,16.0,8.0,12.5,7.9763435340332585,12.463036771926966,46.052538144096765,0.0,98.53061304903467,34078720.0,4194304.0,38273024.0,545259520.0,67108864.0,612368384.0,16.0,16.0,545500332.0,250651548.0,796151880.0,17353776.0,0.0,0.0,0.0,30699804.0,30643935.375,2483027968.0,1.4443023553116203,1343.3237378287474,33007520.0,144965632.0,199039669.0
test,l1config-40_l2config-10,1,32.0,2.0,2.0,16.0,8.0,12.5,7.976399572050589,12.463124331329045,46.05461804449148,0.0,98.52765488035125,34078720.0,4194304.0,38273024.0,545259520.0,67108864.0,612368384.0,16.0,16.0,545500068.0,250628900.0,796128968.0,17408000.0,0.0,0.0,0.0,30703186.0,30656143.55357143,2483027968.0,1.4441429105168009,1343.3250401501966,33007488.0,144965632.0,199046194.0
test,l1config-40_l2config-10,2,32.0,2.0,2.0,16.0,8.0,12.5,7.976409086380302,12.463139197469223,46.05394778636341,0.0,98.53111140799668,34078720.0,4194304.0,38273024.0,545259520.0,67108864.0,612368384.0,16.0,16.0,545500360.0,250641164.0,796141524.0,17410324.0,0.0,0.0,0.0,30697647.0,30651668.214285713,2483027968.0,1.4444035818632082,1343.4696135290392,33003936.0,144965632.0,199036890.0
test,l1config-40_l2config-10,3,32.0,2.0,2.0,16.0,8.0,12.5,7.976397837565103,12.463121621195473,46.053293110955444,0.0,98.54714607769141,34078720.0,4194304.0,38273024.0,545259520.0,67108864.0,612368384.0,16.0,16.0,545503208.0,250658148.0,796161356.0,17233568.0,0.0,0.0,0.0,30701096.0,30649629.57142857,2483027968.0,1.4442413039528739,1343.7223660628133,32997728.0,144965632.0,199024437.0
test,l1config-40_l2config-10,4,32.0,2.0,2.0,16.0,8.0,12.5,7.976418594327464,12.463154053636663,46.0537933145262,0.0,98.54291711420521,34078720.0,4194304.0,38273024.0,545259520.0,67108864.0,612368384.0,16.0,16.0,545501908.0,250637932.0,796139840.0,17434648.0,0.0,0.0,0.0,30695557.0,30656007.535714287,2483027968.0,1.444502222589754,1342.987823241142,33015776.0,144965632.0,199036916.0
test,l1config-40_l2config-10,5,32.0,2.0,2.0,16.0,8.0,12.5,7.976389451411348,12.46310851783023,46.05465216698516,0.0,98.49484136889723,34078720.0,4194304.0,38273024.0,545259520.0,67108864.0,612368384.0,16.0,16.0,545506000.0,250666264.0,796172264.0,17164616.0,0.0,0.0,0.0,30698730.0,30637489.25,2483027968.0,1.444352590419578,1343.1883101838869,33010848.0,144965632.0,199032847.0
test,l1config-40_l2config-10,6,32.0,2.0,2.0,16.0,8.0,12.5,7.976438058867954,12.463184466981177,46.05192182496517,0.0,98.51848523249454,34078720.0,4194304.0,38273024.0,545259520.0,67108864.0,612368384.0,16.0,16.0,545502068.0,250597112.0,796099180.0,17430604.0,0.0,0.0,0.0,30697466.0,30650946.01785714,2483027968.0,1.4444123689877475,1342.9917282593344,33015680.0,144965632.0,199037436.0
test,l1config-40_l2config-10,7,32.0,2.0,2.0,16.0,8.0,12.5,7.9764328691166995,12.463176357994843,46.05424502400968,0.0,98.54859481514927,34078720.0,4194304.0,38273024.0,545259520.0,67108864.0,612368384.0,16.0,16.0,545504284.0,250633528.0,796137812.0,17406908.0,0.0,0.0,0.0,30697137.0,30653814.75,2483027968.0,1.4444278614074897,1343.2013308862295,33010528.0,144965632.0,199034259.0
test,l1config-40_l2config-10,8,32.0,2.0,2.0,16.0,8.0,12.5,7.976435508909501,12.463180482671095,46.053670808365716,0.0,98.50735814068982,34078720.0,4194304.0,38273024.0,545259520.0,67108864.0,612368384.0,16.0,16.0,545503536.0,250669608.0,796173144.0,17403024.0,0.0,0.0,0.0,30698144.0,30648843.214285713,2483027968.0,1.44438032649529,1343.1922163680833,33010752.0,144965632.0,199033197.0
test,l1config-40_l2config-10,9,32.0,2.0,2.0,16.0,8.0,12.5,7.976411699349957,12.463143280234307,46.054857388296725,0.0,98.50634165742383,34078720.0,4194304.0,38273024.0,545259520.0,67108864.0,612368384.0,16.0,16.0,545503756.0,250604196.0,796107952.0,17410020.0,0.0,0.0,0.0,30689304.0,30638066.69642857,2483027968.0,1.4447960953318861,1343.2807626374777,33008576.0,144965632.0,199033738.0
test,l1config-40_l2config-10,10,32.0,2.0,2.0,16.0,8.0,12.5,7.976403291955471,12.463130143680424,46.05381907446533,0.0,98.52771638528652,34078720.0,4194304.0,38273024.0,545259520.0,67108864.0,612368384.0,16.0,16.0,545504112.0,250606184.0,796110296.0,17406620.0,0.0,0.0,0.0,30699527.0,30646012.089285713,2483027968.0,1.4443151166504165,1343.2677403951086,33008896.0,144965632.0,199052352.0
test,l1config-40_l2config-10,11,32.0,2.0,2.0,16.0,8.0,12.5,7.976427215615035,12.463167524398493,46.05290597795905,0.0,98.54330925761265,34078720.0,4194304.0,38273024.0,545259520.0,67108864.0,612368384.0,16.0,16.0,545503424.0,250620648.0,796124072.0,17412136.0,0.0,0.0,0.0,30691827.0,30653530.76785714,2483027968.0,1.4446773151160122,1343.1883101838866,33010848.0,144965632.0,199032346.0
test,l1config-40_l2config-10,12,32.0,2.0,2.0,16.0,8.0,12.5,7.97635543343699,12.463055364745298,46.054991110342506,0.0,98.5411008186744,34078720.0,4194304.0,38273024.0,545259520.0,67108864.0,612368384.0,16.0,16.0,545501556.0,250686876.0,796188432.0,17235576.0,0.0,0.0,0.0,30694542.0,30640089.80357143,2483027968.0,1.4445500243673588,1343.1388338171507,33012064.0,144965632.0,199032194.0
test,l1config-40_l2config-10,13,32.0,2.0,2.0,16.0,8.0,12.5,7.976428977645568,12.463170277571201,46.055232677032336,0.0,98.50012688038083,34078720.0,4194304.0,38273024.0,545259520.0,67108864.0,612368384.0,16.0,16.0,545505336.0,250671224.0,796176560.0,17402076.0,0.0,0.0,0.0,30688930.0,30644812.964285713,2483027968.0,1.44481412649442,1343.0034434501683,33015392.0,144965632.0,199042099.0
test,l1config-40_l2config-10,14,32.0,2.0,2.0,16.0,8.0,12.5,7.976410421828103,12.46314128410641,46.053687956445806,0.0,98.50672601695744,34078720.0,4194304.0,38273024.0,545259520.0,67108864.0,612368384.0,16.0,16.0,545500180.0,250675016.0,796175196.0,17405448.0,0.0,0.0,0.0,30702394.0,30650873.589285713,2483027968.0,1.4441804576669504,1343.0333831997868,33014656.0,144965632.0,199031836.0
test,l1config-40_l2config-10,15,32.0,2.0,2.0,16.0,8.0,12.5,7.976407909240895,12.463137358188899,46.05437208066775,0.0,98.49797472972591,34078720.0,4194304.0,38273024.0,545259520.0,67108864.0,612368384.0,16.0,16.0,545501892.0,250646328.0,796148220.0,17416120.0,0.0,0.0,0.0,30714093.0,30643332.67857143,2483027968.0,1.4436302633304616,1343.0112536909405,33015200.0,144965632.0,199027501.0
test,l1config-40_l2config-10,16,32.0,2.0,2.0,16.0,8.0,12.5,7.97639724948478,12.46312070231997,46.055157247098975,0.0,98.5265567039916,34078720.0,4194304.0,38273024.0,545259520.0,67108864.0,612368384.0,16.0,16.0,545499608.0,250642520.0,796142128.0,17319912.0,0.0,0.0,0.0,30695677.0,30648717.625,2483027968.0,1.4444961167082007,1343.2000288046352,33010560.0,144965632.0,199036318.0
test,l1config-40_l2config-10,17,32.0,2.0,2.0,16.0,8.0,12.5,7.976343092225839,12.463036081602874,46.056089685460734,0.0,98.52753645843462,34078720.0,4194304.0,38273024.0,545259520.0,67108864.0,612368384.0,16.0,16.0,545504248.0,250619068.0,796123316.0,17442124.0,0.0,0.0,0.0,30695445.0,30643308.73214286,2483027968.0,1.44450745792429,1343.0333831997868,33014656.0,144965632.0,199022611.0
test,l1config-40_l2config-10,18,32.0,2.0,2.0,16.0,8.0,12.5,7.976407227859394,12.463136293530303,46.05433187129738,0.0,98.5180718114567,34078720.0,4194304.0,38273024.0,545259520.0,67108864.0,612368384.0,16.0,16.0,545503020.0,250606988.0,796110008.0,17168144.0,0.0,0.0,0.0,30694944.0,30648472.51785714,2483027968.0,1.444530882099276,1343.2403945079543,33009568.0,144965632.0,199040395.0
test,l1config-40_l2config-10,19,32.0,2.0,2.0,16.0,8.0,12.5,7.976361169423641,12.463064327224439,46.053705219629286,0.0,98.5362593166323,34078720.0,4194304.0,38273024.0,545259520.0,67108864.0,612368384.0,16.0,16.0,545503724.0,250634580.0,796138304.0,17407060.0,0.0,0.0,0.0,30690478.0,30652649.39285714,2483027968.0,1.4447411336641822,1343.1635715448947,33011456.0,144965632.0,199038406.0
test,l1config-40_l2config-10,20,32.0,2.0,2.0,16.0,8.0,12.5,7.976458863670887,12.46321697448576,46.053596468602485,0.0,98.50241252341611,34078720.0,4194304.0,38273024.0,545259520.0,67108864.0,612368384.0,16.0,16.0,545497756.0,250610092.0,796107848.0,17428988.0,0.0,0.0,0.0,30696840.0,30647821.14285714,2483027968.0,1.4444418248678168,1343.0164605685895,33015072.0,144965632.0,199032595.0
test,l1config-40_l2config-10,21,32.0,2.0,2.0,16.0,8.0,12.5,7.976435617384421,12.463180652163159,46.05471042553912,0.0,98.5477997942027,34078720.0,4194304.0,38273024.0,545259520.0,67108864.0,612368384.0,16.0,16.0,545502432.0,250608640.0,796111072.0,17404148.0,0.0,0.0,0.0,30706451.0,30647168.60714286,2483027968.0,1.4439893320735266,1343.4969687500345,33003264.0,144965632.0,199025128.0
test,l1config-40_l2config-10,22,32.0,2.0,2.0,16.0,8.0,12.5,7.976403352772175,12.463130238706524,46.05694648816745,0.0,98.50072061380999,34078720.0,4194304.0,38273024.0,545259520.0,67108864.0,612368384.0,16.0,16.0,545500840.0,250650384.0,796151224.0,17408040.0,0.0,0.0,0.0,30694160.0,30644698.625,2483027968.0,1.444567555223872,1343.2117476298629,33010272.0,144965632.0,199037544.0
test,l1config-40_l2config-10,23,32.0,2.0,2.0,16.0,8.0,12.5,7.976396698163783,12.46311984088091,46.05423211685241,0.0,98.52986475782676,34078720.0,4194304.0,38273024.0,545259520.0,67108864.0,612368384.0,16.0,16.0,545501444.0,250599632.0,796101076.0,17393788.0,0.0,0.0,0.0,30699071.0,30654241.785714287,2483027968.0,1.4443363938909175,1343.1596655273022,33011552.0,144965632.0,199032725.0
test,l1config-40_l2config-10,24,32.0,2.0,2.0,16.0,8.0,12.5,7.976365344833553,12.463070851302426,46.05412143009412,0.0,98.51130189713939,34078720.0,4194304.0,38273024.0,545259520.0,67108864.0,612368384.0,16.0,16.0,545502704.0,250645792.0,796148496.0,17426220.0,0.0,0.0,0.0,30705088.0,30640540.42857143,2483027968.0,1.444053771783396,1343.189612242761,33010816.0,144965632.0,199037212.0
test,l1config-40_l2config-10,25,32.0,2.0,2.0,16.0,8.0,12.5,7.976428047875967,12.463168824806198,46.05351401217971,0.0,98.50199115830887,34078720.0,4194304.0,38273024.0,545259520.0,67108864.0,612368384.0,16.0,16.0,545504988.0,250641964.0,796146952.0,17388108.0,0.0,0.0,0.0,30708721.0,30653411.57142857,2483027968.0,1.443882674125259,1343.0477026823628,33014304.0,144965632.0,199026211.0
test,l1config-40_l2config-10,26,32.0,2.0,2.0,16.0,8.0,12.5,7.9764210724573354,12.463157925714587,46.05457745554482,0.0,98.53434862578376,34078720.0,4194304.0,38273024.0,545259520.0,67108864.0,612368384.0,16.0,16.0,545497360.0,250643000.0,796140360.0,17404644.0,0.0,0.0,0.0,30697220.0,30655800.25,2483027968.0,1.444423673598383,1342.9136322100073,33017600.0,144965632.0,199039184.0
test,l1config-40_l2config-10,27,32.0,2.0,2.0,16.0,8.0,12.5,7.976421502044037,12.463158596943808,46.05283945158361,0.0,98.5361949406406,34078720.0,4194304.0,38273024.0,545259520.0,67108864.0,612368384.0,16.0,16.0,545499156.0,250608192.0,796107348.0,17440536.0,0.0,0.0,0.0,30703538.0,30646897.98214286,2483027968.0,1.4441263894485485,1343.4591927854844,33004192.0,144965632.0,199035673.0
test,l1config-40_l2config-10,28,32.0,2.0,2.0,16.0,8.0,12.5,7.976421921821601,12.463159252846252,46.054508425473976,0.0,98.53300024191596,34078720.0,4194304.0,38273024.0,545259520.0,67108864.0,612368384.0,16.0,16.0,545500012.0,250628964.0,796128976.0,17446824.0,0.0,0.0,0.0,30702449.0,30649034.07142857,2483027968.0,1.4441775765919094,1343.1140970006045,33012672.0,144965632.0,199032791.0
test,l1config-40_l2config-10,29,32.0,2.0,2.0,16.0,8.0,12.5,7.976394591641855,12.463116549440398,46.05450007041313,0.0,98.52635873657837,34078720.0,4194304.0,38273024.0,545259520.0,67108864.0,612368384.0,16.0,16.0,545501616.0,250669636.0,796171252.0,17440036.0,0.0,0.0,0.0,30700229.0,30646265.30357143,2483027968.0,1.444282055250266,1343.1140970006043,33012672.0,144965632.0,199027003.0
test,l1config-40_l2config-10,30,32.0,2.0,2.0,16.0,8.0,12.5,7.976432754820212,12.463176179406581,46.05392610250729,0.0,98.53557640842251,34078720.0,4194304.0,38273024.0,545259520.0,67108864.0,612368384.0,16.0,16.0,545501356.0,250649132.0,796150488.0,17340628.0,0.0,0.0,0.0,30702867.0,30654263.160714287,2483027968.0,1.444157915031598,1343.6024921812846,33000672.0,144965632.0,199043363.0
test,l1config-40_l2config-10,31,32.0,2.0,2.0,16.0,8.0,12.5,7.976443170003684,12.463192453130755,46.05411865227697,0.0,98.53194659873861,34078720.0,4194304.0,38273024.0,545259520.0,67108864.0,612368384.0,16.0,16.0,545499344.0,250678376.0,796177720.0,17401396.0,0.0,0.0,0.0,30703404.0,30645866.375,2483027968.0,1.4441328920018317,1343.144041684109,33011936.0,144965632.0,199038797.0
test,l1config-40_l2config-10,32,32.0,2.0,2.0,16.0,8.0,12.5,7.976420117997723,12.463156434371442,46.05352481851483,0.0,98.52931017698799,34078720.0,4194304.0,38273024.0,545259520.0,67108864.0,612368384.0,16.0,16.0,545503912.0,250626024.0,796129936.0,17413848.0,0.0,0.0,0.0,30694079.0,30651012.160714287,2483027968.0,1.4445717673991052,1343.1844040224096,33010944.0,144965632.0,199038879.0
test,l1config-40_l2config-10,33,32.0,2.0,2.0,16.0,8.0,12.5,7.9764428662117375,12.46319197845584,46.05627202849919,0.0,98.51154373291038,34078720.0,4194304.0,38273024.0,545259520.0,67108864.0,612368384.0,16.0,16.0,545500764.0,250622880.0,796123644.0,17399768.0,0.0,0.0,0.0,30703991.0,30659177.964285713,2483027968.0,1.4441051066366264,1343.2898783573667,33008352.0,144965632.0,199032624.0
test,l1config-40_l2config-10,34,32.0,2.0,2.0,16.0,8.0,12.5,7.976438514825556,12.463185179414932,46.05385938543519,0.0,98.56929390883573,34078720.0,4194304.0,38273024.0,545259520.0,67108864.0,612368384.0,16.0,16.0,545500900.0,250620820.0,796121720.0,17411352.0,0.0,0.0,0.0,30704961.0,30641550.10714286,2483027968.0,1.444059344836387,1343.1036817714908,33012928.0,144965632.0,199033942.0
test,l1config-40_l2config-10,35,32.0,2.0,2.0,16.0,8.0,12.5,7.976374316060149,12.463084868843982,46.054494744558724,0.0,98.49807924859836,34078720.0,4194304.0,38273024.0,545259520.0,67108864.0,612368384.0,16.0,16.0,545506712.0,250650256.0,796156968.0,17399908.0,0.0,0.0,0.0,30704284.0,30647327.42857143,2483027968.0,1.4440915964920207,1343.0828517978478,33013440.0,144965632.0,199038161.0
test,l1config-40_l2config-10,36,32.0,2.0,2.0,16.0,8.0,12.5,7.976376122228778,12.463087690982466,46.05301544457816,0.0,98.51432980823414,34078720.0,4194304.0,38273024.0,545259520.0,67108864.0,612368384.0,16.0,16.0,545496956.0,250630944.0,796127900.0,17431764.0,0.0,0.0,0.0,30685845.0,30645588.75,2483027968.0,1.4449593690905689,1343.480034434255,33003680.0,144965632.0,199031676.0
test,l1config-40_l2config-10,37,32.0,2.0,2.0,16.0,8.0,12.5,7.976426544429505,12.463166475671102,46.053712358775265,0.0,98.50657598801884,34078720.0,4194304.0,38273024.0,545259520.0,67108864.0,612368384.0,16.0,16.0,545503112.0,250633912.0,796137024.0,17398276.0,0.0,0.0,0.0,30700708.0,30642010.42857143,2483027968.0,1.444259709376736,1342.8693818136303,33018688.0,144965632.0,199037228.0
test,l1config-40_l2config-10,38,32.0,2.0,2.0,16.0,8.0,12.5,7.976400362855874,12.463125566962303,46.053435276233984,0.0,98.50096903197345,34078720.0,4194304.0,38273024.0,545259520.0,67108864.0,612368384.0,16.0,16.0,545504268.0,250655316.0,796159584.0,17402088.0,0.0,0.0,0.0,30702102.0,30651622.910714287,2483027968.0,1.4441939577145564,1343.015158845392,33015104.0,144965632.0,199040805.0
test,l1config-40_l2config-10,39,32.0,2.0,2.0,16.0,8.0,12.5,7.976403753095678,12.463130864211996,46.05159492795936,0.0,98.52677562778526,34078720.0,4194304.0,38273024.0,545259520.0,67108864.0,612368384.0,16.0,16.0,545503260.0,250631352.0,796134612.0,17418732.0,0.0,0.0,0.0,30700954.0,30643556.64285714,2483027968.0,1.4442479251471774,1343.5855552052446,33001088.0,144965632.0,199044346.0
test,l1config-40_l2config-10,40,32.0,2.0,2.0,16.0,8.0,12.5,7.97637286857382,12.463082607146594,46.0538885391696,0.0,98.53290706368128,34078720.0,4194304.0,38273024.0,545259520.0,67108864.0,612368384.0,16.0,16.0,545500360.0,250644540.0,796144900.0,17419652.0,0.0,0.0,0.0,30690967.0,30644323.73214286,2483027968.0,1.4447179733401043,1343.5008767296868,33003168.0,144965632.0,199029461.0
test,l1config-40_l2config-10,41,32.0,2.0,2.0,16.0,8.0,12.5,7.976479935498331,12.463249899216141,46.05476791992789,0.0,98.55589241953956,34078720.0,4194304.0,38273024.0,545259520.0,67108864.0,612368384.0,16.0,16.0,545503844.0,250631616.0,796135460.0,17315900.0,0.0,0.0,0.0,30711287.0,30638276.94642857,2483027968.0,1.4437623986641825,1343.5777382833978,33001280.0,144965632.0,199044557.0
test,l1config-40_l2config-10,42,32.0,2.0,2.0,16.0,8.0,12.5,7.976423598444045,12.46316187256882,46.05239558701647,0.0,98.49124367952969,34078720.0,4194304.0,38273024.0,545259520.0,67108864.0,612368384.0,16.0,16.0,545499024.0,250621112.0,796120136.0,17428248.0,0.0,0.0,0.0,30698102.0,30651839.285714287,2483027968.0,1.444382255591915,1343.5621047125728,33001664.0,144965632.0,199039932.0
test,l1config-40_l2config-10,43,32.0,2.0,2.0,16.0,8.0,12.5,7.976388273816653,12.463106677838521,46.054560408586184,0.0,98.53502464596767,34078720.0,4194304.0,38273024.0,545259520.0,67108864.0,612368384.0,16.0,16.0,545502364.0,250619464.0,796121828.0,17407908.0,0.0,0.0,0.0,30691582.0,30650153.660714287,2483027968.0,1.444689200496183,1343.4552850483287,33004288.0,144965632.0,199026360.0
test,l1config-40_l2config-10,44,32.0,2.0,2.0,16.0,8.0,12.5,7.97642925390754,12.463170709230532,46.05476579589719,0.0,98.51311091667075,34078720.0,4194304.0,38273024.0,545259520.0,67108864.0,612368384.0,16.0,16.0,545502832.0,250634688.0,796137520.0,17394808.0,0.0,0.0,0.0,30704117.0,30648249.5,2483027968.0,1.4440994979558277,1343.2195602936174,33010080.0,144965632.0,199032910.0
test,l1config-40_l2config-10,45,32.0,2.0,2.0,16.0,8.0,12.5,7.976427807466863,12.463168449166973,46.052291776696606,0.0,98.52774514117385,34078720.0,4194304.0,38273024.0,545259520.0,67108864.0,612368384.0,16.0,16.0,545504072.0,250649268.0,796153340.0,17441996.0,0.0,0.0,0.0,30695400.0,30646653.69642857,2483027968.0,1.4445092344172166,1343.455285048329,33004288.0,144965632.0,199046760.0
test,l1config-40_l2config-10,46,32.0,2.0,2.0,16.0,8.0,12.5,7.976426166260023,12.463165884781285,46.05537364040679,0.0,98.53557867441941,34078720.0,4194304.0,38273024.0,545259520.0,67108864.0,612368384.0,16.0,16.0,545500888.0,250643460.0,796144348.0,17229724.0,0.0,0.0,0.0,30700876.0,30652716.214285713,2483027968.0,1.4442516062281727,1343.68978952204,32998528.0,144965632.0,199021030.0
test,l1config-40_l2config-10,47,32.0,2.0,2.0,16.0,8.0,12.5,7.9763832584485135,12.463098841325802,46.0539001462832,0.0,98.52068428114514,34078720.0,4194304.0,38273024.0,545259520.0,67108864.0,612368384.0,16.0,16.0,545502380.0,250606460.0,796108840.0,17438740.0,0.0,0.0,0.0,30695293.0,30648576.07142857,2483027968.0,1.444514399212861,1343.3029010289717,33008032.0,144965632.0,199035448.0
test,l1config-40_l2config-10,48,32.0,2.0,2.0,16.0,8.0,12.5,7.976411395463368,12.463142805411513,46.05285519223594,0.0,98.53696016595272,34078720.0,4194304.0,38273024.0,545259520.0,67108864.0,612368384.0,16.0,16.0,545502012.0,250661656.0,796163668.0,17205684.0,0.0,0.0,0.0,30694719.0,30647990.23214286,2483027968.0,1.4445417061836194,1343.6064007748573,33000576.0,144965632.0,199031811.0
test,l1config-40_l2config-10,49,32.0,2.0,2.0,16.0,8.0,12.5,7.976421260361433,12.463158219314739,46.05425575741134,0.0,98.59159508733163,34078720.0,4194304.0,38273024.0,545259520.0,67108864.0,612368384.0,16.0,16.0,545503740.0,250619872.0,796123612.0,17204952.0,0.0,0.0,0.0,30704598.0,30642168.55357143,2483027968.0,1.4440766639021934,1343.2260709161712,33009920.0,144965632.0,199032942.0
test,l1config-75_l2config-0,0,32.0,2.0,2.0,16.0,8.0,12.5,7.976617237002065,12.463464432815726,45.521895409336146,0.0,98.5369908967205,34078720.0,4194304.0,38273024.0,545259520.0,67108864.0,612368384.0,16.0,16.0,546801488.0,250735564.0,797537052.0,17444492.0,0.0,0.0,0.0,30817014.0,30762368.785714287,2483027968.0,1.4388152186065326,1338.2237532685276,33133312.0,144965632.0,199387352.0
test,l1config-75_l2config-0,1,32.0,2.0,2.0,16.0,8.0,12.5,7.976602852301193,12.463441956720613,45.52054713341805,0.0,98.53471007984486,34078720.0,4194304.0,38273024.0,545259520.0,67108864.0,612368384.0,16.0,16.0,546800964.0,250755904.0,797556868.0,17395412.0,0.0,0.0,0.0,30814434.0,30767466.76785714,2483027968.0,1.4389378582509254,1338.3581816054345,33129984.0,144965632.0,199382281.0
test,l1config-10_l2config-70,0,32.0,2.0,1.0,16.0,4.0,6.25,3.9982352765356914,6.247242619587018,46.37946041884122,0.0,98.59439988333473,34078720.0,4194304.0,38273024.0,545259520.0,67108864.0,612368384.0,16.0,16.0,545264016.0,276354024.0,821618040.0,17396936.0,0.0,0.0,0.0,40256995.0,40095537.428571425,2483027968.0,1.1014182503642167,1024.4708109628505,43280672.0,144965632.0,205402521.0
test,l1config-10_l2config-70,1,32.0,2.0,1.0,16.0,4.0,6.25,3.9982215074179193,6.247221105340499,46.37958351499403,0.0,98.60380080944793,34078720.0,4194304.0,38273024.0,545259520.0,67108864.0,612368384.0,16.0,16.0,545262888.0,276336892.0,821599780.0,17231524.0,0.0,0.0,0.0,40241864.0,40117762.41071428,2483027968.0,1.1018324674216924,1024.246653992584,43290144.0,144965632.0,205402969.0
test,l1config-10_l2config-70,2,32.0,2.0,1.0,16.0,4.0,6.25,3.9982219505386234,6.247221797716599,46.3794832194866,0.0,98.55784407755753,34078720.0,4194304.0,38273024.0,545259520.0,67108864.0,612368384.0,16.0,16.0,545263364.0,276352400.0,821615764.0,17441144.0,0.0,0.0,0.0,40260616.0,40105826.303571425,2483027968.0,1.101319100984121,1024.7761554200783,43267776.0,144965632.0,205399816.0
test,l1config-10_l2config-70,3,32.0,2.0,1.0,16.0,4.0,6.25,3.998210701028039,6.247204220356311,46.38002092773013,0.0,98.62220844630548,34078720.0,4194304.0,38273024.0,545259520.0,67108864.0,612368384.0,16.0,16.0,545263356.0,276347108.0,821610464.0,17434004.0,0.0,0.0,0.0,40224261.0,40135511.0,2483027968.0,1.102314632484268,1025.2644784245097,43247168.0,144965632.0,205404492.0
test,l1config-10_l2config-70,4,32.0,2.0,1.0,16.0,4.0,6.25,3.9982404597721475,6.24725071839398,46.3796138096907,0.0,98.60061964997688,34078720.0,4194304.0,38273024.0,545259520.0,67108864.0,612368384.0,16.0,16.0,545263708.0,276356248.0,821619956.0,17310272.0,0.0,0.0,0.0,40288497.0,40102988.446428575,2483027968.0,1.100556950982718,1024.8777246729885,43263488.0,144965632.0,205401666.0
test,l1config-10_l2config-70,5,32.0,2.0,1.0,16.0,4.0,6.25,3.9982018742308902,6.247190428485766,46.37905039765406,0.0,98.55733154091662,34078720.0,4194304.0,38273024.0,545259520.0,67108864.0,612368384.0,16.0,16.0,545262996.0,276350728.0,821613724.0,17418672.0,0.0,0.0,0.0,40205236.0,40157706.64285714,2483027968.0,1.1028361074658093,1025.7327649886595,43227424.0,144965632.0,205404570.0
test,l1config-10_l2config-70,6,32.0,2.0,1.0,16.0,4.0,6.25,3.9982178634082004,6.247215411575313,46.37981168062377,0.0,98.56219027374111,34078720.0,4194304.0,38273024.0,545259520.0,67108864.0,612368384.0,16.0,16.0,545263292.0,276349224.0,821612516.0,17398280.0,0.0,0.0,0.0,40235684.0,40115652.053571425,2483027968.0,1.102001730798714,1024.1232580779358,43295360.0,144965632.0,205405230.0
test,l1config-10_l2config-70,7,32.0,2.0,1.0,16.0,4.0,6.25,3.9982231613263988,6.247223689572498,46.379683828002364,0.0,98.5451709764278,34078720.0,4194304.0,38273024.0,545259520.0,67108864.0,612368384.0,16.0,16.0,545263084.0,276340888.0,821603972.0,17396332.0,0.0,0.0,0.0,40265208.0,40115467.625,2483027968.0,1.1011935569919977,1024.6344468993946,43273760.0,144965632.0,205402873.0
test,l1config-10_l2config-70,8,32.0,2.0,1.0,16.0,4.0,6.25,3.9982084558403983,6.247200712250622,46.379059210779026,0.0,98.59826134651925,34078720.0,4194304.0,38273024.0,545259520.0,67108864.0,612368384.0,16.0,16.0,545263496.0,276337016.0,821600512.0,17400676.0,0.0,0.0,0.0,40266657.0,40138319.25,2483027968.0,1.1011538825642786,1023.8326759942528,43307648.0,144965632.0,205405920.0
test,l1config-10_l2config-70,9,32.0,2.0,1.0,16.0,4.0,6.25,3.998221175260755,6.2472205863449295,46.3797283202666,0.0,98.54738677522589,34078720.0,4194304.0,38273024.0,545259520.0,67108864.0,612368384.0,16.0,16.0,545262932.0,276368844.0,821631776.0,17394512.0,0.0,0.0,0.0,40283772.0,40131493.16071428,2483027968.0,1.1006860521495276,1024.3647785470903,43285152.0,144965632.0,205399253.0
test,l1config-10_l2config-70,10,32.0,2.0,1.0,16.0,4.0,6.25,3.9982261737431655,6.247228396473696,46.37953953031167,0.0,98.60158495669448,34078720.0,4194304.0,38273024.0,545259520.0,67108864.0,612368384.0,16.0,16.0,545262984.0,276353500.0,821616484.0,17395360.0,0.0,0.0,0.0,40280809.0,40111876.64285714,2483027968.0,1.1007672561925477,1024.3511474002967,43285728.0,144965632.0,205400921.0
test,l1config-10_l2config-70,11,32.0,2.0,1.0,16.0,4.0,6.25,3.9982116250930257,6.247205664207852,46.379829248115435,0.0,98.62811813663237,34078720.0,4194304.0,38273024.0,545259520.0,67108864.0,612368384.0,16.0,16.0,545263288.0,276352780.0,821616068.0,17427604.0,0.0,0.0,0.0,40253544.0,40137956.53571428,2483027968.0,1.1015126356546994,1024.4518749930025,43281472.0,144965632.0,205405790.0
test,l1config-10_l2config-70,12,32.0,2.0,1.0,16.0,4.0,6.25,3.9982253370655196,6.247227089164874,46.37946010941711,0.0,98.57346391628842,34078720.0,4194304.0,38273024.0,545259520.0,67108864.0,612368384.0,16.0,16.0,545263024.0,276359072.0,821622096.0,17331172.0,0.0,0.0,0.0,40276155.0,40108884.125,2483027968.0,1.1008944250130073,1024.5958059226164,43275392.0,144965632.0,205406503.0
test,l1config-10_l2config-70,13,32.0,2.0,1.0,16.0,4.0,6.25,3.998239374521759,6.247249022690248,46.37979678434548,0.0,98.59442061492568,34078720.0,4194304.0,38273024.0,545259520.0,67108864.0,612368384.0,16.0,16.0,545262816.0,276347980.0,821610796.0,17399492.0,0.0,0.0,0.0,40268040.0,40068106.16071428,2483027968.0,1.101116077265574,1024.4571769939985,43281248.0,144965632.0,205402623.0
test,l1config-10_l2config-70,14,32.0,2.0,1.0,16.0,4.0,6.25,3.99821911805835,6.247217371966172,46.37933755771657,0.0,98.58649148505128,34078720.0,4194304.0,38273024.0,545259520.0,67108864.0,612368384.0,16.0,16.0,545262876.0,276344064.0,821606940.0,17438052.0,0.0,0.0,0.0,40256744.0,40100055.26785714,2483027968.0,1.101425097165736,1024.861047742603,43264192.0,144965632.0,205403947.0
test,l1config-10_l2config-70,15,32.0,2.0,1.0,16.0,4.0,6.25,3.99821304423467,6.247207881616672,46.37946181826514,0.0,98.60614321334569,34078720.0,4194304.0,38273024.0,545259520.0,67108864.0,612368384.0,16.0,16.0,545263904.0,276359476.0,821623380.0,17399844.0,0.0,0.0,0.0,40247256.0,40150925.928571425,2483027968.0,1.1016846954515525,1024.2239408553116,43291104.0,144965632.0,205404528.0
test,l1config-10_l2config-70,16,32.0,2.0,1.0,16.0,4.0,6.25,3.998219602368488,6.247218128700763,46.3792575943628,0.0,98.62977448590237,34078720.0,4194304.0,38273024.0,545259520.0,67108864.0,612368384.0,16.0,16.0,545262448.0,276359312.0,821621760.0,17169152.0,0.0,0.0,0.0,40256612.0,40115737.64285714,2483027968.0,1.101428653979342,1023.4991639965028,43321760.0,144965632.0,205403556.0
test,l1config-10_l2config-70,17,32.0,2.0,1.0,16.0,4.0,6.25,3.9982345841631375,6.247241537754903,46.37948863339068,0.0,98.58669180745716,34078720.0,4194304.0,38273024.0,545259520.0,67108864.0,612368384.0,16.0,16.0,545263352.0,276349280.0,821612632.0,17415208.0,0.0,0.0,0.0,40313340.0,40083716.875,2483027968.0,1.0998787762970024,1025.2606853042375,43247328.0,144965632.0,205402818.0
test,l1config-10_l2config-70,18,32.0,2.0,1.0,16.0,4.0,6.25,3.9982086192588038,6.247200967591881,46.37942468216137,0.0,98.59500182516095,34078720.0,4194304.0,38273024.0,545259520.0,67108864.0,612368384.0,16.0,16.0,545262816.0,276345272.0,821608088.0,17452168.0,0.0,0.0,0.0,40217821.0,40151650.178571425,2483027968.0,1.1024911782340319,1024.2845114600561,43288544.0,144965632.0,205403894.0
test,l1config-10_l2config-70,19,32.0,2.0,1.0,16.0,4.0,6.25,3.998191976826392,6.247174963791237,46.379628170739615,0.0,98.63533229227355,34078720.0,4194304.0,38273024.0,545259520.0,67108864.0,612368384.0,16.0,16.0,545262916.0,276353808.0,821616724.0,17401480.0,0.0,0.0,0.0,40261219.0,40161364.98214286,2483027968.0,1.101302770440196,1025.0323911540972,43256960.0,144965632.0,205406088.0
test,l1config-10_l2config-70,20,32.0,2.0,1.0,16.0,4.0,6.25,3.9982205510875946,6.2472196110743665,46.37994808934188,0.0,98.58459435649097,34078720.0,4194304.0,38273024.0,545259520.0,67108864.0,612368384.0,16.0,16.0,545263244.0,276341284.0,821604528.0,17418300.0,0.0,0.0,0.0,40238926.0,40127531.821428575,2483027968.0,1.1019128617266032,1024.1815456941745,43292896.0,144965632.0,205402249.0
test,l1config-10_l2config-70,21,32.0,2.0,1.0,16.0,4.0,6.25,3.9982216344247314,6.247221303788643,46.379537755587535,0.0,98.56774859612464,34078720.0,4194304.0,38273024.0,545259520.0,67108864.0,612368384.0,16.0,16.0,545262000.0,276354784.0,821616784.0,17416388.0,0.0,0.0,0.0,40257636.0,40121149.678571425,2483027968.0,1.1014007951674636,1023.9272484123541,43303648.0,144965632.0,205403038.0
test,l1config-10_l2config-70,22,32.0,2.0,1.0,16.0,4.0,6.25,3.9982180301080694,6.2472156720438585,46.379425356682624,0.0,98.60252349486402,34078720.0,4194304.0,38273024.0,545259520.0,67108864.0,612368384.0,16.0,16.0,545263032.0,276351804.0,821614836.0,17425860.0,0.0,0.0,0.0,40286681.0,40122491.26785714,2483027968.0,1.1006066290128336,1024.6192932278009,43274400.0,144965632.0,205404449.0
test,l1config-10_l2config-70,23,32.0,2.0,1.0,16.0,4.0,6.25,3.9982295508989836,6.247233673279662,46.37949932203514,0.0,98.60664714671302,34078720.0,4194304.0,38273024.0,545259520.0,67108864.0,612368384.0,16.0,16.0,545263100.0,276346756.0,821609856.0,17424296.0,0.0,0.0,0.0,40235803.0,40112804.446428575,2483027968.0,1.10199836884953,1024.7655448686116,43268224.0,144965632.0,205401821.0
test,l1config-10_l2config-70,24,32.0,2.0,1.0,16.0,4.0,6.25,3.9982198337058206,6.247218490165345,46.37914006468968,0.0,98.56549218522893,34078720.0,4194304.0,38273024.0,545259520.0,67108864.0,612368384.0,16.0,16.0,545263632.0,276344112.0,821607744.0,17130904.0,0.0,0.0,0.0,40266053.0,40137301.58928572,2483027968.0,1.1011704069612918,1024.8185998232962,43265984.0,144965632.0,205402287.0
test,l1config-10_l2config-70,25,32.0,2.0,1.0,16.0,4.0,6.25,3.998217982474837,6.247215597616933,46.37999242158528,0.0,98.60212540007105,34078720.0,4194304.0,38273024.0,545259520.0,67108864.0,612368384.0,16.0,16.0,545263072.0,276334784.0,821597856.0,17400556.0,0.0,0.0,0.0,40225446.0,40133343.48214286,2483027968.0,1.102282200535529,1024.130827523364,43295040.0,144965632.0,205402068.0
test,l1config-10_l2config-70,26,32.0,2.0,1.0,16.0,4.0,6.25,3.998228581872809,6.2472321591762645,46.37944619860082,0.0,98.5807464296657,34078720.0,4194304.0,38273024.0,545259520.0,67108864.0,612368384.0,16.0,16.0,545263068.0,276357088.0,821620156.0,17415168.0,0.0,0.0,0.0,40222740.0,40141164.08928572,2483027968.0,1.1023562199680736,1024.9596011130352,43260032.0,144965632.0,205402472.0
test,l1config-10_l2config-70,27,32.0,2.0,1.0,16.0,4.0,6.25,3.9982233875043107,6.2472240429754855,46.37932036843336,0.0,98.59148738190974,34078720.0,4194304.0,38273024.0,545259520.0,67108864.0,612368384.0,16.0,16.0,545262984.0,276349380.0,821612364.0,17455560.0,0.0,0.0,0.0,40241502.0,40128113.08928572,2483027968.0,1.1018422148800073,1024.6003517686142,43275200.0,144965632.0,205407025.0
test,l1config-10_l2config-70,28,32.0,2.0,1.0,16.0,4.0,6.25,3.998218977378465,6.247217152153851,46.37969753282468,0.0,98.59362409115991,34078720.0,4194304.0,38273024.0,545259520.0,67108864.0,612368384.0,16.0,16.0,545262964.0,276341080.0,821604044.0,17403124.0,0.0,0.0,0.0,40237308.0,40143229.58928572,2483027968.0,1.1019572739310655,1024.1929011967625,43292416.0,144965632.0,205403470.0
test,l1config-10_l2config-70,29,32.0,2.0,1.0,16.0,4.0,6.25,3.998222799586181,6.2472231243534075,46.37889403252674,0.0,98.60515665480833,34078720.0,4194304.0,38273024.0,545259520.0,67108864.0,612368384.0,16.0,16.0,545263184.0,276358060.0,821621244.0,17230944.0,0.0,0.0,0.0,40204899.0,40132040.26785714,2483027968.0,1.1028454749456251,1025.341105464062,43243936.0,144965632.0,205403756.0
test,l1config-10_l2config-70,30,32.0,2.0,1.0,16.0,4.0,6.25,3.9982249617506396,6.247226502735375,46.37996783153406,0.0,98.56294720365266,34078720.0,4194304.0,38273024.0,545259520.0,67108864.0,612368384.0,16.0,16.0,545262072.0,276346996.0,821609068.0,17424088.0,0.0,0.0,0.0,40264774.0,40137646.14285714,2483027968.0,1.1012055699579717,1024.3201000312597,43287040.0,144965632.0,205403444.0
test,l1config-10_l2config-70,31,32.0,2.0,1.0,16.0,4.0,6.25,3.998217430893578,6.247214735771216,46.379351132082,0.0,98.59248487285754,34078720.0,4194304.0,38273024.0,545259520.0,67108864.0,612368384.0,16.0,16.0,545263072.0,276342584.0,821605656.0,17429616.0,0.0,0.0,0.0,40246336.0,40132745.821428575,2483027968.0,1.1017100501975507,1023.7766973546521,43310016.0,144965632.0,205405586.0
test,l1config-10_l2config-70,32,32.0,2.0,1.0,16.0,4.0,6.25,3.998220711047797,6.247219861012183,46.37920366152877,0.0,98.5969752144097,34078720.0,4194304.0,38273024.0,545259520.0,67108864.0,612368384.0,16.0,16.0,545262884.0,276359048.0,821621932.0,17427088.0,0.0,0.0,0.0,40263366.0,40126301.928571425,2483027968.0,1.101244024150869,1025.0225335641521,43257376.0,144965632.0,205403565.0
test,l1config-10_l2config-70,33,32.0,2.0,1.0,16.0,4.0,6.25,3.9982433670111726,6.247255260954957,46.37980723645922,0.0,98.56705173255985,34078720.0,4194304.0,38273024.0,545259520.0,67108864.0,612368384.0,16.0,16.0,545263308.0,276356656.0,821619964.0,17406848.0,0.0,0.0,0.0,40236872.0,40090677.78571428,2483027968.0,1.101969187170756,1023.992324381859,43300896.0,144965632.0,205401639.0
test,l1config-10_l2config-70,34,32.0,2.0,1.0,16.0,4.0,6.25,3.9982245482434626,6.24722585663041,46.379553941269734,0.0,98.58099743689789,34078720.0,4194304.0,38273024.0,545259520.0,67108864.0,612368384.0,16.0,16.0,545262360.0,276345084.0,821607444.0,17438668.0,0.0,0.0,0.0,40238534.0,40139160.41071428,2483027968.0,1.1019235348431207,1024.5306532289633,43278144.0,144965632.0,205403098.0
test,l1config-10_l2config-70,35,32.0,2.0,1.0,16.0,4.0,6.25,3.9982159619845885,6.2472124406009195,46.379489218589285,0.0,98.60591828956328,34078720.0,4194304.0,38273024.0,545259520.0,67108864.0,612368384.0,16.0,16.0,545263068.0,276350920.0,821613988.0,17313972.0,0.0,0.0,0.0,40226726.0,40159137.83928572,2483027968.0,1.1022469618995552,1023.7192121502146,43312448.0,144965632.0,205403231.0
test,l1config-10_l2config-70,36,32.0,2.0,1.0,16.0,4.0,6.25,3.9982133669806585,6.247208385907279,46.37921715189245,0.0,98.57212341422013,34078720.0,4194304.0,38273024.0,545259520.0,67108864.0,612368384.0,16.0,16.0,545262280.0,276351676.0,821613956.0,17406728.0,0.0,0.0,0.0,40291407.0,40139268.71428572,2483027968.0,1.1004774781931852,1023.5982117661162,43317568.0,144965632.0,205399928.0
test,l1config-10_l2config-70,37,32.0,2.0,1.0,16.0,4.0,6.25,3.9981965031016924,6.247182036096395,46.380349508609754,0.0,98.59681366355161,34078720.0,4194304.0,38273024.0,545259520.0,67108864.0,612368384.0,16.0,16.0,545262740.0,276359072.0,821621812.0,17446688.0,0.0,0.0,0.0,40241182.0,40184175.41071428,2483027968.0,1.1018511684557601,1025.2826857925083,43246400.0,144965632.0,205404876.0
test,l1config-10_l2config-70,38,32.0,2.0,1.0,16.0,4.0,6.25,3.998223091716443,6.247223580806942,46.37928243362451,0.0,98.59721611978983,34078720.0,4194304.0,38273024.0,545259520.0,67108864.0,612368384.0,16.0,16.0,545263004.0,276352488.0,821615492.0,17415052.0,0.0,0.0,0.0,40266410.0,40114800.571428575,2483027968.0,1.1011608012833116,1024.51474510895,43278816.0,144965632.0,205399525.0
test,l1config-10_l2config-70,39,32.0,2.0,1.0,16.0,4.0,6.25,3.9982070784126624,6.247198560019785,46.37917780395631,0.0,98.60667524410435,34078720.0,4194304.0,38273024.0,545259520.0,67108864.0,612368384.0,16.0,16.0,545263240.0,276349568.0,821612808.0,17408252.0,0.0,0.0,0.0,40285571.0,40160767.571428575,2483027968.0,1.1006368928760024,1023.7487103302874,43311200.0,144965632.0,205400941.0
test,l1config-10_l2config-70,40,32.0,2.0,1.0,16.0,4.0,6.25,3.9982318816761087,6.2472373151189196,46.379622811468565,0.0,98.6031239134107,34078720.0,4194304.0,38273024.0,545259520.0,67108864.0,612368384.0,16.0,16.0,545263624.0,276350704.0,821614328.0,17434436.0,0.0,0.0,0.0,40238425.0,40107933.08928572,2483027968.0,1.1019266430249688,1023.6307278086018,43316192.0,144965632.0,205402447.0
test,l1config-10_l2config-70,41,32.0,2.0,1.0,16.0,4.0,6.25,3.998205534403507,6.24719614750548,46.37966715343339,0.0,98.59637942754611,34078720.0,4194304.0,38273024.0,545259520.0,67108864.0,612368384.0,16.0,16.0,545262616.0,276343744.0,821606360.0,17278712.0,0.0,0.0,0.0,40285637.0,40130948.89285714,2483027968.0,1.1006353014375416,1023.9612987600342,43302208.0,144965632.0,205402684.0
test,l1config-10_l2config-70,42,32.0,2.0,1.0,16.0,4.0,6.25,3.9982218904327427,6.24722170380116,46.379347707159596,0.0,98.63825096093608,34078720.0,4194304.0,38273024.0,545259520.0,67108864.0,612368384.0,16.0,16.0,545263636.0,276339836.0,821603472.0,17440728.0,0.0,0.0,0.0,40251778.0,40115798.83928572,2483027968.0,1.101560935877617,1025.4071201169002,43241152.0,144965632.0,205401728.0
test,l1config-10_l2config-70,43,32.0,2.0,1.0,16.0,4.0,6.25,3.9982150315699934,6.247210986828114,46.379255942887035,0.0,98.58052024391574,34078720.0,4194304.0,38273024.0,545259520.0,67108864.0,612368384.0,16.0,16.0,545263032.0,276337556.0,821600588.0,17397176.0,0.0,0.0,0.0,40242043.0,40122898.5,2483027968.0,1.1018275800672,1025.1620740275373,43251488.0,144965632.0,205404109.0
test,l1config-10_l2config-70,44,32.0,2.0,1.0,16.0,4.0,6.25,3.9982290729336025,6.247232926458754,46.379173361299856,0.0,98.56477893592789,34078720.0,4194304.0,38273024.0,545259520.0,67108864.0,612368384.0,16.0,16.0,545261924.0,276350880.0,821612804.0,17401852.0,0.0,0.0,0.0,40246075.0,40109944.14285714,2483027968.0,1.1017171333108515,1024.7034017650208,43270848.0,144965632.0,205404351.0
test,l1config-10_l2config-70,45,32.0,2.0,1.0,16.0,4.0,6.25,3.998243192023789,6.24725498753717,46.37943593736773,0.0,98.57184008542285,34078720.0,4194304.0,38273024.0,545259520.0,67108864.0,612368384.0,16.0,16.0,545262872.0,276347928.0,821610800.0,17427744.0,0.0,0.0,0.0,40240965.0,40104513.14285714,2483027968.0,1.101857041751915,1023.2338709235019,43332992.0,144965632.0,205404199.0
test,l1config-10_l2config-70,46,32.0,2.0,1.0,16.0,4.0,6.25,3.9982156164909664,6.247211900767135,46.37941836723256,0.0,98.61404871694711,34078720.0,4194304.0,38273024.0,545259520.0,67108864.0,612368384.0,16.0,16.0,545263392.0,276357268.0,821620660.0,17449972.0,0.0,0.0,0.0,40279403.0,40141895.14285714,2483027968.0,1.1008055841267221,1024.560955776674,43276864.0,144965632.0,205400425.0
test,l1config-10_l2config-70,47,32.0,2.0,1.0,16.0,4.0,6.25,3.998243833549424,6.247255989920975,46.3795033622074,0.0,98.59726372613235,34078720.0,4194304.0,38273024.0,545259520.0,67108864.0,612368384.0,16.0,16.0,545262744.0,276353476.0,821616220.0,17434140.0,0.0,0.0,0.0,40253850.0,40089594.0,2483027968.0,1.1015042143356026,1024.9520194116114,43260352.0,144965632.0,205404918.0
test,l1config-10_l2config-70,48,32.0,2.0,1.0,16.0,4.0,6.25,3.998236973543042,6.247245271161003,46.37926823805947,0.0,98.58163048101845,34078720.0,4194304.0,38273024.0,545259520.0,67108864.0,612368384.0,16.0,16.0,545263128.0,276351652.0,821614780.0,17429732.0,0.0,0.0,0.0,40283615.0,40082292.91071428,2483027968.0,1.1006903487571185,1024.8034407042514,43266624.0,144965632.0,205403359.0
test,l1config-10_l2config-70,49,32.0,2.0,1.0,16.0,4.0,6.25,3.998230375621674,6.247234961908866,46.37921094910089,0.0,98.59061491395951,34078720.0,4194304.0,38273024.0,545259520.0,67108864.0,612368384.0,16.0,16.0,545262596.0,276349560.0,821612156.0,17415596.0,0.0,0.0,0.0,40240279.0,40108007.10714286,2483027968.0,1.1018757162377741,1024.0120001406267,43300064.0,144965632.0,205401745.0
test,l1config-40_l2config-55,0,32.0,2.0,2.0,16.0,8.0,12.5,7.976396943092732,12.463120223582393,46.057604954436556,0.0,98.53582769498495,34078720.0,4194304.0,38273024.0,545259520.0,67108864.0,612368384.0,16.0,16.0,545502096.0,250644792.0,796146888.0,17405476.0,0.0,0.0,0.0,30706118.0,30644966.69642857,2483027968.0,1.4440050387962098,1343.0828517978478,33013440.0,144965632.0,199033543.0
test,l1config-40_l2config-55,1,32.0,2.0,2.0,16.0,8.0,12.5,7.976377456713514,12.463089776114867,46.05452928018436,0.0,98.53142718149445,34078720.0,4194304.0,38273024.0,545259520.0,67108864.0,612368384.0,16.0,16.0,545500132.0,250651156.0,796151288.0,17394676.0,0.0,0.0,0.0,30697813.0,30665672.60714286,2483027968.0,1.444395782938614,1343.3289471296955,33007392.0,144965632.0,199031134.0
test,l1config-40_l2config-55,2,32.0,2.0,2.0,16.0,8.0,12.5,7.976379001059322,12.46309218915519,46.05706062894161,0.0,98.55746771901207,34078720.0,4194304.0,38273024.0,545259520.0,67108864.0,612368384.0,16.0,16.0,545498584.0,250641144.0,796139728.0,17334700.0,0.0,0.0,0.0,30694072.0,30651460.125,2483027968.0,1.4445719556533203,1343.1635715448947,33011456.0,144965632.0,199029522.0
test,l1config-40_l2config-55,3,32.0,2.0,2.0,16.0,8.0,12.5,7.97644518246008,12.463195597593876,46.05781175543188,0.0,98.52492567595831,34078720.0,4194304.0,38273024.0,545259520.0,67108864.0,612368384.0,16.0,16.0,545498104.0,250613404.0,796111508.0,17231540.0,0.0,0.0,0.0,30699238.0,30647402.089285713,2483027968.0,1.444328960311654,1343.19091430416,33010784.0,144965632.0,199031687.0
test,l1config-40_l2config-55,4,32.0,2.0,2.0,16.0,8.0,12.5,7.976406158386311,12.463134622478611,46.05687596693049,0.0,98.49367986419881,34078720.0,4194304.0,38273024.0,545259520.0,67108864.0,612368384.0,16.0,16.0,545501240.0,250662788.0,796164028.0,17416672.0,0.0,0.0,0.0,30695277.0,30645257.73214286,2483027968.0,1.4445152462899318,1343.0021417522046,33015424.0,144965632.0,199036602.0
test,l1config-40_l2config-55,5,32.0,2.0,2.0,16.0,8.0,12.5,7.976451053595615,12.463204771243149,46.05640293457014,0.0,98.49529303831804,34078720.0,4194304.0,38273024.0,545259520.0,67108864.0,612368384.0,16.0,16.0,545501712.0,250638468.0,796140180.0,17417332.0,0.0,0.0,0.0,30698936.0,30639883.07142857,2483027968.0,1.4443432041517394,1343.4435619732592,33004576.0,144965632.0,199045378.0
test,l1config-40_l2config-55,6,32.0,2.0,2.0,16.0,8.0,12.5,7.976398301513282,12.463122346114504,46.056669394100666,0.0,98.52401240380807,34078720.0,4194304.0,38273024.0,545259520.0,67108864.0,612368384.0,16.0,16.0,545498560.0,250608532.0,796107092.0,17403428.0,0.0,0.0,0.0,30709365.0,30635930.73214286,2483027968.0,1.4438525005322975,1342.6976137918164,33022912.0,144965632.0,199043108.0
test,l1config-40_l2config-55,7,32.0,2.0,2.0,16.0,8.0,12.5,7.97639476170647,12.46311681516636,46.05625245635032,0.0,98.5296024272206,34078720.0,4194304.0,38273024.0,545259520.0,67108864.0,612368384.0,16.0,16.0,545497420.0,250620964.0,796118384.0,17449320.0,0.0,0.0,0.0,30704258.0,30645967.14285714,2483027968.0,1.444092713509186,1343.0216674866128,33014944.0,144965632.0,199032281.0
test,l1config-40_l2config-55,8,32.0,2.0,2.0,16.0,8.0,12.5,7.976402112416969,12.463128300651514,46.05974897067207,0.0,98.56111854122776,34078720.0,4194304.0,38273024.0,545259520.0,67108864.0,612368384.0,16.0,16.0,545499860.0,250675844.0,796175704.0,17409408.0,0.0,0.0,0.0,30695993.0,30654739.94642857,2483027968.0,1.4444816227991497,1343.01776229431,33015040.0,144965632.0,199039535.0
test,l1config-40_l2config-55,9,32.0,2.0,2.0,16.0,8.0,12.5,7.976456532205656,12.463213331571337,46.056001334209014,0.0,98.55030141773769,34078720.0,4194304.0,38273024.0,545259520.0,67108864.0,612368384.0,16.0,16.0,545497424.0,250635984.0,796133408.0,17256812.0,0.0,0.0,0.0,30707186.0,30655703.64285714,2483027968.0,1.4439549806867933,1342.895411105379,33018048.0,144965632.0,199031504.0
test,l1config-40_l2config-55,10,32.0,2.0,2.0,16.0,8.0,12.5,7.97642871942312,12.463169874098625,46.05474532963692,0.0,98.51243527419841,34078720.0,4194304.0,38273024.0,545259520.0,67108864.0,612368384.0,16.0,16.0,545500744.0,250632492.0,796133236.0,17436764.0,0.0,0.0,0.0,30684680.0,30639831.76785714,2483027968.0,1.4450140648100305,1342.9722033954627,33016160.0,144965632.0,199030179.0
test,l1config-40_l2config-55,11,32.0,2.0,2.0,16.0,8.0,12.5,7.976399163411367,12.46312369283026,46.056970211247325,0.0,98.4945728335383,34078720.0,4194304.0,38273024.0,545259520.0,67108864.0,612368384.0,16.0,16.0,545505836.0,250649036.0,796154872.0,17406812.0,0.0,0.0,0.0,30687615.0,30646731.410714287,2483027968.0,1.4448760737931226,1343.2612293686054,33009056.0,144965632.0,199023499.0
test,l1config-40_l2config-55,12,32.0,2.0,2.0,16.0,8.0,12.5,7.9764263717490635,12.463166205857911,46.05699866269744,0.0,98.51863664468708,34078720.0,4194304.0,38273024.0,545259520.0,67108864.0,612368384.0,16.0,16.0,545504968.0,250600188.0,796105156.0,17410868.0,0.0,0.0,0.0,30699246.0,30646312.82142857,2483027968.0,1.4443282075484005,1343.467008327995,33004000.0,144965632.0,199025294.0
test,l1config-40_l2config-55,13,32.0,2.0,2.0,16.0,8.0,12.5,7.9763977383350975,12.46312146614859,46.056002346375,0.0,98.55456049107147,34078720.0,4194304.0,38273024.0,545259520.0,67108864.0,612368384.0,16.0,16.0,545496824.0,250636960.0,796133784.0,17429820.0,0.0,0.0,0.0,30696864.0,30641529.32142857,2483027968.0,1.4444403543980295,1343.029477939351,33014752.0,144965632.0,199039472.0
test,l1config-40_l2config-55,14,32.0,2.0,2.0,16.0,8.0,12.5,7.9764365000120385,12.46318203126881,46.057626024044495,0.0,98.54636670452994,34078720.0,4194304.0,38273024.0,545259520.0,67108864.0,612368384.0,16.0,16.0,545498040.0,250633472.0,796131512.0,17241828.0,0.0,0.0,0.0,30696905.0,30648722.76785714,2483027968.0,1.4444383075090703,1343.2924828714881,33008288.0,144965632.0,199035062.0
test,l1config-40_l2config-55,15,32.0,2.0,2.0,16.0,8.0,12.5,7.976414712377213,12.463147988089396,46.05463143177253,0.0,98.57376949452413,34078720.0,4194304.0,38273024.0,545259520.0,67108864.0,612368384.0,16.0,16.0,545503024.0,250618976.0,796122000.0,17405812.0,0.0,0.0,0.0,30694645.0,30648178.589285713,2483027968.0,1.4445449887369055,1343.2443009950944,33009472.0,144965632.0,199030715.0
test,l1config-40_l2config-55,16,32.0,2.0,2.0,16.0,8.0,12.5,7.976431978344456,12.463174966163212,46.057575186514924,0.0,98.53816389676511,34078720.0,4194304.0,38273024.0,545259520.0,67108864.0,612368384.0,16.0,16.0,545497704.0,250674352.0,796172056.0,17421104.0,0.0,0.0,0.0,30697840.0,30648305.535714287,2483027968.0,1.444394489007536,1342.870683254253,33018656.0,144965632.0,199039619.0
test,l1config-40_l2config-55,17,32.0,2.0,2.0,16.0,8.0,12.5,7.976381131405517,12.46309551782112,46.05668578861563,0.0,98.52555901106287,34078720.0,4194304.0,38273024.0,545259520.0,67108864.0,612368384.0,16.0,16.0,545495808.0,250659828.0,796155636.0,17416560.0,0.0,0.0,0.0,30690332.0,30638899.57142857,2483027968.0,1.4447477241360154,1343.397974181703,33005696.0,144965632.0,199023622.0
test,l1config-40_l2config-55,18,32.0,2.0,2.0,16.0,8.0,12.5,7.976352674193199,12.463051053426874,46.056892120532275,0.0,98.55311029518752,34078720.0,4194304.0,38273024.0,545259520.0,67108864.0,612368384.0,16.0,16.0,545498080.0,250622040.0,796120120.0,17404924.0,0.0,0.0,0.0,30688392.0,30640850.660714287,2483027968.0,1.4448391849082114,1343.3367611568729,33007200.0,144965632.0,199033357.0
test,l1config-40_l2config-55,19,32.0,2.0,2.0,16.0,8.0,12.5,7.976369488288256,12.4630773254504,46.05566117622878,0.0,98.51696129375303,34078720.0,4194304.0,38273024.0,545259520.0,67108864.0,612368384.0,16.0,16.0,545497156.0,250634804.0,796131960.0,17398368.0,0.0,0.0,0.0,30690373.0,30641090.285714287,2483027968.0,1.4447458411379277,1342.4257376067874,33029600.0,144965632.0,199037484.0
test,l1config-40_l2config-55,20,32.0,2.0,2.0,16.0,8.0,12.5,7.976417938559018,12.463153028998466,46.05624724622545,0.0,98.53617486397745,34078720.0,4194304.0,38273024.0,545259520.0,67108864.0,612368384.0,16.0,16.0,545498696.0,250634076.0,796132772.0,17280524.0,0.0,0.0,0.0,30698152.0,30648476.25,2483027968.0,1.444379703068824,1342.969600123174,33016224.0,144965632.0,199036709.0
test,l1config-40_l2config-55,21,32.0,2.0,2.0,16.0,8.0,12.5,7.97643956747525,12.463186824180077,46.0570208981808,0.0,98.5025134223812,34078720.0,4194304.0,38273024.0,545259520.0,67108864.0,612368384.0,16.0,16.0,545502580.0,250622544.0,796125124.0,17402592.0,0.0,0.0,0.0,30703280.0,30635908.285714287,2483027968.0,1.4441384774243695,1343.1635715448945,33011456.0,144965632.0,199035614.0
test,l1config-40_l2config-55,22,32.0,2.0,2.0,16.0,8.0,12.5,7.976388651319817,12.463107267687214,46.05557826552667,0.0,98.51589708460786,34078720.0,4194304.0,38273024.0,545259520.0,67108864.0,612368384.0,16.0,16.0,545502748.0,250656640.0,796159388.0,17498156.0,0.0,0.0,0.0,30691516.0,30655245.0,2483027968.0,1.444692460184125,1343.0034434501683,33015392.0,144965632.0,199041017.0
test,l1config-40_l2config-55,23,32.0,2.0,2.0,16.0,8.0,12.5,7.976409432465019,12.463139738226591,46.05566423821561,0.0,98.5320766386125,34078720.0,4194304.0,38273024.0,545259520.0,67108864.0,612368384.0,16.0,16.0,545496396.0,250619712.0,796116108.0,17375988.0,0.0,0.0,0.0,30693812.0,30646729.839285713,2483027968.0,1.4445842158147322,1343.2716470413086,33008800.0,144965632.0,199034329.0
test,l1config-40_l2config-55,24,32.0,2.0,2.0,16.0,8.0,12.5,7.9764030292090125,12.463129733139082,46.05668568198823,0.0,98.50782221418035,34078720.0,4194304.0,38273024.0,545259520.0,67108864.0,612368384.0,16.0,16.0,545499408.0,250674356.0,796173764.0,17406912.0,0.0,0.0,0.0,30688853.0,30651870.19642857,2483027968.0,1.4448176692235097,1342.9513774997413,33016672.0,144965632.0,199032615.0
test,l1config-40_l2config-55,25,32.0,2.0,2.0,16.0,8.0,12.5,7.976379922154237,12.463093628365996,46.05742071169391,0.0,98.50649360914251,34078720.0,4194304.0,38273024.0,545259520.0,67108864.0,612368384.0,16.0,16.0,545500240.0,250642168.0,796142408.0,17324484.0,0.0,0.0,0.0,30703136.0,30652430.125,2483027968.0,1.4441454269262055,1343.0724370533108,33013696.0,144965632.0,199031708.0
test,l1config-40_l2config-55,26,32.0,2.0,2.0,16.0,8.0,12.5,7.976440678933526,12.463188560833634,46.05548125866923,0.0,98.50870758635936,34078720.0,4194304.0,38273024.0,545259520.0,67108864.0,612368384.0,16.0,16.0,545500152.0,250628844.0,796128996.0,17211512.0,0.0,0.0,0.0,30699113.0,30641011.535714287,2483027968.0,1.444334900111726,1342.5024761889995,33027712.0,144965632.0,199035044.0
test,l1config-40_l2config-55,27,32.0,2.0,2.0,16.0,8.0,12.5,7.976427052988027,12.463167270293791,46.057998308415556,0.0,98.54219144939084,34078720.0,4194304.0,38273024.0,545259520.0,67108864.0,612368384.0,16.0,16.0,545498416.0,250626832.0,796125248.0,17441472.0,0.0,0.0,0.0,30701503.0,30645515.25,2483027968.0,1.4442223815493,1343.3875545494684,33005952.0,144965632.0,199040149.0
test,l1config-40_l2config-55,28,32.0,2.0,2.0,16.0,8.0,12.5,7.976437761044293,12.463184001631708,46.05639826073242,0.0,98.53911784248945,34078720.0,4194304.0,38273024.0,545259520.0,67108864.0,612368384.0,16.0,16.0,545502684.0,250664664.0,796167348.0,17401192.0,0.0,0.0,0.0,30703978.0,30644853.339285713,2483027968.0,1.4441057415843677,1342.4686581054598,33028544.0,144965632.0,199029274.0
test,l1config-40_l2config-55,29,32.0,2.0,2.0,16.0,8.0,12.5,7.9764246510905235,12.463163517328942,46.05654261641328,0.0,98.5249441464449,34078720.0,4194304.0,38273024.0,545259520.0,67108864.0,612368384.0,16.0,16.0,545502296.0,250618600.0,796120896.0,17321988.0,0.0,0.0,0.0,30697090.0,30648537.464285713,2483027968.0,1.4444296024139274,1342.8251343333507,33019776.0,144965632.0,199031557.0
test,l1config-40_l2config-55,30,32.0,2.0,2.0,16.0,8.0,12.5,7.976418510691747,12.463153922955856,46.057858415170905,0.0,98.54344609990223,34078720.0,4194304.0,38273024.0,545259520.0,67108864.0,612368384.0,16.0,16.0,545501924.0,250672324.0,796174248.0,17407488.0,0.0,0.0,0.0,30703213.0,30642621.14285714,2483027968.0,1.4441416405565057,1343.18179992738,33011008.0,144965632.0,199032092.0
test,l1config-40_l2config-55,31,32.0,2.0,2.0,16.0,8.0,12.5,7.976396617352796,12.463119714613743,46.05602615224995,0.0,98.54861787434676,34078720.0,4194304.0,38273024.0,545259520.0,67108864.0,612368384.0,16.0,16.0,545502144.0,250679784.0,796181928.0,17325452.0,0.0,0.0,0.0,30691887.0,30642383.07142857,2483027968.0,1.4446748203877786,1343.386252106804,33005984.0,144965632.0,199036390.0
test,l1config-40_l2config-55,32,32.0,2.0,2.0,16.0,8.0,12.5,7.976439753644423,12.463187115069411,46.05695067443229,0.0,98.53758119503779,34078720.0,4194304.0,38273024.0,545259520.0,67108864.0,612368384.0,16.0,16.0,545499388.0,250687996.0,796187384.0,17433968.0,0.0,0.0,0.0,30691550.0,30646608.35714286,2483027968.0,1.4446906950083231,1342.8121209234866,33020096.0,144965632.0,199033809.0
test,l1config-40_l2config-55,33,32.0,2.0,2.0,16.0,8.0,12.5,7.976440717003309,12.463188620317672,46.05544530450724,0.0,98.54631850156755,34078720.0,4194304.0,38273024.0,545259520.0,67108864.0,612368384.0,16.0,16.0,545502252.0,250624768.0,796127020.0,17434556.0,0.0,0.0,0.0,30694997.0,30647485.57142857,2483027968.0,1.4445283643463893,1342.9201398672078,33017440.0,144965632.0,199036015.0
test,l1config-40_l2config-55,34,32.0,2.0,2.0,16.0,8.0,12.5,7.976398416666662,12.463122526041658,46.05632847084229,0.0,98.52682765291824,34078720.0,4194304.0,38273024.0,545259520.0,67108864.0,612368384.0,16.0,16.0,545500996.0,250631160.0,796132156.0,17437824.0,0.0,0.0,0.0,30700902.0,30649700.660714287,2483027968.0,1.4442502655127942,1343.0437973386504,33014400.0,144965632.0,199031101.0
test,l1config-40_l2config-55,35,32.0,2.0,2.0,16.0,8.0,12.5,7.976413589182004,12.46314623309688,46.05594349256009,0.0,98.5090709957591,34078720.0,4194304.0,38273024.0,545259520.0,67108864.0,612368384.0,16.0,16.0,545501848.0,250645916.0,796147764.0,17424812.0,0.0,0.0,0.0,30710746.0,30643343.98214286,2483027968.0,1.443787655671554,1342.9487743081913,33016736.0,144965632.0,199027967.0
test,l1config-40_l2config-55,36,32.0,2.0,2.0,16.0,8.0,12.5,7.976360424636787,12.46306316349498,46.0578134283063,0.0,98.49443043054383,34078720.0,4194304.0,38273024.0,545259520.0,67108864.0,612368384.0,16.0,16.0,545499020.0,250596496.0,796095516.0,17409012.0,0.0,0.0,0.0,30700964.0,30638340.410714287,2483027968.0,1.444247501765263,1343.1284182043898,33012320.0,144965632.0,199024886.0
test,l1config-40_l2config-55,37,32.0,2.0,2.0,16.0,8.0,12.5,7.976468375486631,12.46323183669786,46.0552024067654,0.0,98.52799098367163,34078720.0,4194304.0,38273024.0,545259520.0,67108864.0,612368384.0,16.0,16.0,545498652.0,250653876.0,796152528.0,17423784.0,0.0,0.0,0.0,30699897.0,30646510.535714287,2483027968.0,1.4442975919203744,1343.7705822421021,32996544.0,144965632.0,199028425.0
test,l1config-40_l2config-55,38,32.0,2.0,2.0,16.0,8.0,12.5,7.976383582638513,12.463099347872676,46.05610821336919,0.0,98.50988965782456,34078720.0,4194304.0,38273024.0,545259520.0,67108864.0,612368384.0,16.0,16.0,545500252.0,250629816.0,796130068.0,17426984.0,0.0,0.0,0.0,30704061.0,30643542.05357143,2483027968.0,1.4441018143239583,1343.1388338171505,33012064.0,144965632.0,199031977.0
test,l1config-40_l2config-55,39,32.0,2.0,2.0,16.0,8.0,12.5,7.976397680060056,12.463121375093838,46.05915860361171,0.0,98.49977825141362,34078720.0,4194304.0,38273024.0,545259520.0,67108864.0,612368384.0,16.0,16.0,545502064.0,250594196.0,796096260.0,17424060.0,0.0,0.0,0.0,30701888.0,30647662.19642857,2483027968.0,1.4442041887549868,1343.276855938256,33008672.0,144965632.0,199039278.0
test,l1config-40_l2config-55,40,32.0,2.0,2.0,16.0,8.0,12.5,7.976458267021502,12.463216042221097,46.056078246028356,0.0,98.49442889765608,34078720.0,4194304.0,38273024.0,545259520.0,67108864.0,612368384.0,16.0,16.0,545500940.0,250625752.0,796126692.0,17381132.0,0.0,0.0,0.0,30698741.0,30646263.10714286,2483027968.0,1.4443519905416684,1343.8409580116204,32994816.0,144965632.0,199043581.0
test,l1config-40_l2config-55,41,32.0,2.0,2.0,16.0,8.0,12.5,7.9764335038419,12.463177349752968,46.0592725622486,0.0,98.54289293222675,34078720.0,4194304.0,38273024.0,545259520.0,67108864.0,612368384.0,16.0,16.0,545499336.0,250657828.0,796157164.0,17409332.0,0.0,0.0,0.0,30693806.0,30652705.10714286,2483027968.0,1.4445845923297005,1343.4552850483287,33004288.0,144965632.0,199042573.0
test,l1config-40_l2config-55,42,32.0,2.0,2.0,16.0,8.0,12.5,7.976387582817301,12.463105598152033,46.055344862483,0.0,98.5295132098116,34078720.0,4194304.0,38273024.0,545259520.0,67108864.0,612368384.0,16.0,16.0,545501604.0,250697548.0,796199152.0,17433284.0,0.0,0.0,0.0,30700798.0,30646207.464285713,2483027968.0,1.4442556283892438,1343.3354588126972,33007232.0,144965632.0,199040139.0
test,l1config-40_l2config-55,43,32.0,2.0,2.0,16.0,8.0,12.5,7.97642449002994,12.463163265671781,46.05613442649953,0.0,98.57853816307566,34078720.0,4194304.0,38273024.0,545259520.0,67108864.0,612368384.0,16.0,16.0,545501256.0,250640624.0,796141880.0,17428868.0,0.0,0.0,0.0,30701736.0,30646757.14285714,2483027968.0,1.4442111859293263,1343.1791958424476,33011072.0,144965632.0,199024816.0
test,l1config-40_l2config-55,44,32.0,2.0,2.0,16.0,8.0,12.5,7.976439526115585,12.463186759555601,46.055902533267165,0.0,98.5029975169398,34078720.0,4194304.0,38273024.0,545259520.0,67108864.0,612368384.0,16.0,16.0,545502404.0,250635724.0,796138128.0,17392300.0,0.0,0.0,0.0,30698446.0,30649588.160714287,2483027968.0,1.4443662583610821,1343.3276448006711,33007424.0,144965632.0,199043609.0
test,l1config-40_l2config-55,45,32.0,2.0,2.0,16.0,8.0,12.5,7.976410736433844,12.463141775677881,46.05769332518075,0.0,98.5055349028704,34078720.0,4194304.0,38273024.0,545259520.0,67108864.0,612368384.0,16.0,16.0,545500980.0,250605056.0,796106036.0,17444432.0,0.0,0.0,0.0,30699228.0,30649211.214285713,2483027968.0,1.4443290544071161,1343.361506176013,33006592.0,144965632.0,199016944.0
test,l1config-40_l2config-55,46,32.0,2.0,2.0,16.0,8.0,12.5,7.9763963243031775,12.463119256723715,46.05675183909122,0.0,98.53460725310977,34078720.0,4194304.0,38273024.0,545259520.0,67108864.0,612368384.0,16.0,16.0,545500224.0,250660060.0,796160284.0,17405316.0,0.0,0.0,0.0,30695877.0,30644624.80357143,2483027968.0,1.4444871873905476,1343.4969687500343,33003264.0,144965632.0,199029918.0
test,l1config-40_l2config-55,47,32.0,2.0,2.0,16.0,8.0,12.5,7.976418305015108,12.463153601586106,46.05682169160452,0.0,98.49273691510011,34078720.0,4194304.0,38273024.0,545259520.0,67108864.0,612368384.0,16.0,16.0,545499040.0,250621228.0,796120268.0,17439516.0,0.0,0.0,0.0,30691434.0,30639576.30357143,2483027968.0,1.4446959317091186,1343.0464008986016,33014336.0,144965632.0,199043911.0
test,l1config-40_l2config-55,48,32.0,2.0,2.0,16.0,8.0,12.5,7.976439074999797,12.463186054687183,46.05620332687656,0.0,98.50495153201113,34078720.0,4194304.0,38273024.0,545259520.0,67108864.0,612368384.0,16.0,16.0,545500572.0,250599468.0,796100040.0,17409192.0,0.0,0.0,0.0,30695702.0,30655613.35714286,2483027968.0,1.4444951755364448,1343.1010779894516,33012992.0,144965632.0,199035210.0
test,l1config-40_l2config-55,49,32.0,2.0,2.0,16.0,8.0,12.5,7.976409394100188,12.463139678281545,46.05466832508314,0.0,98.55547996129508,34078720.0,4194304.0,38273024.0,545259520.0,67108864.0,612368384.0,16.0,16.0,545499040.0,250620076.0,796119116.0,17407964.0,0.0,0.0,0.0,30690320.0,30639820.42857143,2483027968.0,1.4447483596489779,1343.5073900796299,33003008.0,144965632.0,199042270.0
test,l1config-85_l2config-70,0,32.0,2.0,3.0,16.0,8.0,12.5,7.977450236199821,12.464765994062219,30.21113737812143,0.0,98.63890162301111,34078720.0,4194304.0,38273024.0,545259520.0,67108864.0,612368384.0,16.0,16.0,603192260.0,251803516.0,854995776.0,17134136.0,0.0,0.0,0.0,31370425.0,31313321.339285713,2483027968.0,1.4134269643295525,1313.7981936596852,33749312.0,144965632.0,213761615.0
test,l1config-85_l2config-70,1,32.0,2.0,3.0,16.0,8.0,12.5,7.97738737152343,12.46466776800536,30.19899297944412,0.0,98.58546685375126,34078720.0,4194304.0,38273024.0,545259520.0,67108864.0,612368384.0,16.0,16.0,603142956.0,251794012.0,854936968.0,17136684.0,0.0,0.0,0.0,31367018.0,31319833.10714286,2483027968.0,1.4135806672446194,1314.002520350161,33744064.0,144965632.0,213748128.0
test,l1config-85_l2config-70,2,32.0,2.0,3.0,16.0,8.0,12.5,7.977443783696389,12.464755912025607,30.223385940214477,0.0,98.63657715551389,34078720.0,4194304.0,38273024.0,545259520.0,67108864.0,612368384.0,16.0,16.0,603205096.0,251870344.0,855075440.0,17133760.0,0.0,0.0,0.0,31376261.0,31322765.39285714,2483027968.0,1.4131644714565852,1314.5086270266518,33731072.0,144965632.0,213737848.0
test,l1config-85_l2config-70,3,32.0,2.0,3.0,16.0,8.0,12.5,7.97752768510355,12.464887007974298,30.20765778939221,0.0,98.62599647532835,34078720.0,4194304.0,38273024.0,545259520.0,67108864.0,612368384.0,16.0,16.0,603176252.0,251791484.0,854967736.0,17135304.0,0.0,0.0,0.0,31376089.0,31320821.214285713,2483027968.0,1.4131719818033033,1314.1196630851487,33741056.0,144965632.0,213753439.0
test,l1config-85_l2config-70,4,32.0,2.0,3.0,16.0,8.0,12.5,7.97749153306293,12.464830520410828,30.20762237902937,0.0,98.63479556981011,34078720.0,4194304.0,38273024.0,545259520.0,67108864.0,612368384.0,16.0,16.0,603218620.0,251765120.0,854983740.0,17136096.0,0.0,0.0,0.0,31374834.0,31319904.535714287,2483027968.0,1.4132288580996415,1314.3203497038983,33735904.0,144965632.0,213761443.0
test,l1config-85_l2config-70,5,32.0,2.0,3.0,16.0,8.0,12.5,7.977428384428556,12.464731850669619,30.21792999008432,0.0,98.60455992195249,34078720.0,4194304.0,38273024.0,545259520.0,67108864.0,612368384.0,16.0,16.0,603246264.0,251799408.0,855045672.0,17139712.0,0.0,0.0,0.0,31374175.0,31311985.839285713,2483027968.0,1.413258339636586,1314.6071512264846,33728544.0,144965632.0,213741593.0
test,l1config-85_l2config-70,6,32.0,2.0,3.0,16.0,8.0,12.5,7.977418009473831,12.464715639802861,30.210962452118416,0.0,98.61479961183313,34078720.0,4194304.0,38273024.0,545259520.0,67108864.0,612368384.0,16.0,16.0,603187452.0,251822096.0,855009548.0,17134856.0,0.0,0.0,0.0,31376452.0,31319771.60714286,2483027968.0,1.4131557451419952,1313.9476947561184,33745472.0,144965632.0,213742022.0
test,l1config-85_l2config-70,7,32.0,2.0,3.0,16.0,8.0,12.5,7.977357888677499,12.464621701058592,30.20975937872608,0.0,98.6168886344327,34078720.0,4194304.0,38273024.0,545259520.0,67108864.0,612368384.0,16.0,16.0,603186348.0,251798932.0,854985280.0,17136500.0,0.0,0.0,0.0,31380074.0,31321449.660714287,2483027968.0,1.412992689849992,1314.1321263074146,33740736.0,144965632.0,213771620.0
test,l1config-85_l2config-70,8,32.0,2.0,3.0,16.0,8.0,12.5,7.977346933425162,12.464604583476815,30.208902703566142,0.0,98.62581432851229,34078720.0,4194304.0,38273024.0,545259520.0,67108864.0,612368384.0,16.0,16.0,603207712.0,251790584.0,854998296.0,17133732.0,0.0,0.0,0.0,31378618.0,31322719.17857143,2483027968.0,1.4130583217506252,1314.3851808387305,33734240.0,144965632.0,213767503.0
test,l1config-85_l2config-70,9,32.0,2.0,3.0,16.0,8.0,12.5,7.977450078745385,12.464765748039664,30.203582770438477,0.0,98.6163132292555,34078720.0,4194304.0,38273024.0,545259520.0,67108864.0,612368384.0,16.0,16.0,603214196.0,251775284.0,854989480.0,17133248.0,0.0,0.0,0.0,31386685.0,31320123.625,2483027968.0,1.412694428599839,1314.3515177204474,33735104.0,144965632.0,213772615.0
test,l1config-85_l2config-70,10,32.0,2.0,3.0,16.0,8.0,12.5,7.977461912265254,12.46478423791446,30.220817347467253,0.0,98.61479631387398,34078720.0,4194304.0,38273024.0,545259520.0,67108864.0,612368384.0,16.0,16.0,603217444.0,251892932.0,855110376.0,17147124.0,0.0,0.0,0.0,31375221.0,31323775.48214286,2483027968.0,1.4132113026426636,1314.3402970641973,33735392.0,144965632.0,213743518.0
test,l1config-85_l2config-70,11,32.0,2.0,3.0,16.0,8.0,12.5,7.97743822794416,12.46474723116275,30.22162675411285,0.0,98.63155858478483,34078720.0,4194304.0,38273024.0,545259520.0,67108864.0,612368384.0,16.0,16.0,603195952.0,251850476.0,855046428.0,17146088.0,0.0,0.0,0.0,31371609.0,31316220.5,2483027968.0,1.4133739466059907,1314.185720857098,33739360.0,144965632.0,213763748.0
test,l1config-85_l2config-70,12,32.0,2.0,3.0,16.0,8.0,12.5,7.977453143287797,12.464770536387183,30.208628836759523,0.0,98.6494560912488,34078720.0,4194304.0,38273024.0,545259520.0,67108864.0,612368384.0,16.0,16.0,603134724.0,251893008.0,855027732.0,17132312.0,0.0,0.0,0.0,31370137.0,31320422.19642857,2483027968.0,1.4134400757630867,1314.442536789662,33732768.0,144965632.0,213759060.0
test,l1config-85_l2config-70,13,32.0,2.0,3.0,16.0,8.0,12.5,7.977409360973722,12.46470212652144,30.213157711610926,0.0,98.6284829243565,34078720.0,4194304.0,38273024.0,545259520.0,67108864.0,612368384.0,16.0,16.0,603224572.0,251858920.0,855083492.0,17133492.0,0.0,0.0,0.0,31377364.0,31316217.14285714,2483027968.0,1.4131144232834945,1314.3652321160428,33734752.0,144965632.0,213740877.0
test,l1config-85_l2config-70,14,32.0,2.0,3.0,16.0,8.0,12.5,7.977455697199598,12.464774526874372,30.217040674611695,0.0,98.61393641011753,34078720.0,4194304.0,38273024.0,545259520.0,67108864.0,612368384.0,16.0,16.0,603265016.0,251738212.0,855003228.0,17151340.0,0.0,0.0,0.0,31367806.0,31314763.035714287,2483027968.0,1.4135448295324784,1314.4275738850952,33733152.0,144965632.0,213746553.0
test,l1config-85_l2config-70,15,32.0,2.0,3.0,16.0,8.0,12.5,7.977439126782788,12.464748635598106,30.211230839077093,0.0,98.63017147461186,34078720.0,4194304.0,38273024.0,545259520.0,67108864.0,612368384.0,16.0,16.0,603200868.0,251796696.0,854997564.0,17134612.0,0.0,0.0,0.0,31381604.0,31315441.89285714,2483027968.0,1.4129235409118037,1314.2393197784768,33737984.0,144965632.0,213764400.0
test,l1config-85_l2config-70,16,32.0,2.0,3.0,16.0,8.0,12.5,7.977488343740141,12.46482553709397,30.214525128544423,0.0,98.63564383911687,34078720.0,4194304.0,38273024.0,545259520.0,67108864.0,612368384.0,16.0,16.0,603150488.0,251763032.0,854913520.0,17143928.0,0.0,0.0,0.0,31375299.0,31312654.48214286,2483027968.0,1.413207834393586,1314.5210976279786,33730752.0,144965632.0,213767339.0
test,l1config-85_l2config-70,17,32.0,2.0,3.0,16.0,8.0,12.5,7.977439585404285,12.464749352194197,30.21338627008846,0.0,98.5930211701726,34078720.0,4194304.0,38273024.0,545259520.0,67108864.0,612368384.0,16.0,16.0,603267064.0,251776116.0,855043180.0,17133304.0,0.0,0.0,0.0,31379820.0,31317400.339285713,2483027968.0,1.4130038907463265,1314.8691228225714,33721824.0,144965632.0,213744962.0
test,l1config-85_l2config-70,18,32.0,2.0,3.0,16.0,8.0,12.5,7.977492590676883,12.46483217293263,30.209772907973676,0.0,98.61593674018586,34078720.0,4194304.0,38273024.0,545259520.0,67108864.0,612368384.0,16.0,16.0,603181568.0,251858220.0,855039788.0,17142348.0,0.0,0.0,0.0,31369719.0,31322277.535714287,2483027968.0,1.4134587633555291,1314.5447924223845,33730144.0,144965632.0,213747520.0
test,l1config-85_l2config-70,19,32.0,2.0,3.0,16.0,8.0,12.5,7.977482411906132,12.46481626860333,30.203868397145566,0.0,98.61759533247111,34078720.0,4194304.0,38273024.0,545259520.0,67108864.0,612368384.0,16.0,16.0,603227296.0,251824140.0,855051436.0,17140376.0,0.0,0.0,0.0,31365289.0,31317690.60714286,2483027968.0,1.4136581509617956,1314.354011225632,33735040.0,144965632.0,213789766.0
test,l1config-85_l2config-70,20,32.0,2.0,3.0,16.0,8.0,12.5,7.97739884891627,12.464685701431671,30.21431692791932,0.0,98.63186480484732,34078720.0,4194304.0,38273024.0,545259520.0,67108864.0,612368384.0,16.0,16.0,603136664.0,251755952.0,854892616.0,17139680.0,0.0,0.0,0.0,31384209.0,31318104.625,2483027968.0,1.4128066008421292,1314.442536789662,33732768.0,144965632.0,213753028.0
test,l1config-85_l2config-70,21,32.0,2.0,3.0,16.0,8.0,12.5,7.977435530675418,12.464743016680341,30.20662392887446,0.0,98.59374388596551,34078720.0,4194304.0,38273024.0,545259520.0,67108864.0,612368384.0,16.0,16.0,603210976.0,251847696.0,855058672.0,17132492.0,0.0,0.0,0.0,31374124.0,31314066.17857143,2483027968.0,1.4132605468599664,1313.8766774931285,33747296.0,144965632.0,213741077.0
test,l1config-85_l2config-70,22,32.0,2.0,3.0,16.0,8.0,12.5,7.977500694962277,12.464844835878559,30.221044008055397,0.0,98.63335854199752,34078720.0,4194304.0,38273024.0,545259520.0,67108864.0,612368384.0,16.0,16.0,603156112.0,251798332.0,854954444.0,17139184.0,0.0,0.0,0.0,31373154.0,31321265.839285713,2483027968.0,1.4133041409344902,1314.3677256732637,33734688.0,144965632.0,213744925.0
test,l1config-85_l2config-70,23,32.0,2.0,3.0,16.0,8.0,12.5,7.977424740574977,12.464726157148402,30.219197516476342,0.0,98.60583881942956,34078720.0,4194304.0,38273024.0,545259520.0,67108864.0,612368384.0,16.0,16.0,603222400.0,251806824.0,855029224.0,17145884.0,0.0,0.0,0.0,31369832.0,31327233.73214286,2483027968.0,1.4134538407772121,1313.9838292927336,33744544.0,144965632.0,213749203.0
test,l1config-85_l2config-70,24,32.0,2.0,3.0,16.0,8.0,12.5,7.977490100105849,12.46482828141539,30.213802451742367,0.0,98.66815428155172,34078720.0,4194304.0,38273024.0,545259520.0,67108864.0,612368384.0,16.0,16.0,603161020.0,251860320.0,855021340.0,17137460.0,0.0,0.0,0.0,31368757.0,31312456.0,2483027968.0,1.4135019753772164,1313.8878902348067,33747008.0,144965632.0,213747504.0
test,l1config-85_l2config-70,25,32.0,2.0,3.0,16.0,8.0,12.5,7.9774258772931095,12.464727933270483,30.216944978117137,0.0,98.65443829774976,34078720.0,4194304.0,38273024.0,545259520.0,67108864.0,612368384.0,16.0,16.0,603251240.0,251753892.0,855005132.0,17143528.0,0.0,0.0,0.0,31379902.0,31318458.01785714,2483027968.0,1.4129999844839212,1314.3764531980453,33734464.0,144965632.0,213760243.0
test,l1config-85_l2config-70,26,32.0,2.0,3.0,16.0,8.0,12.5,7.97746504773294,12.464789137082718,30.209394886862245,0.0,98.62912967759084,34078720.0,4194304.0,38273024.0,545259520.0,67108864.0,612368384.0,16.0,16.0,603242468.0,251791400.0,855033868.0,17132220.0,0.0,0.0,0.0,31380159.0,31316792.69642857,2483027968.0,1.4129886598221888,1314.435055294796,33732960.0,144965632.0,213747189.0
test,l1config-85_l2config-70,27,32.0,2.0,3.0,16.0,8.0,12.5,7.977460462298451,12.46478197234133,30.205438816286,0.0,98.61775159776982,34078720.0,4194304.0,38273024.0,545259520.0,67108864.0,612368384.0,16.0,16.0,603286200.0,251846108.0,855132308.0,17137404.0,0.0,0.0,0.0,31380613.0,31314259.32142857,2483027968.0,1.4129679359361293,1314.3141162779732,33736064.0,144965632.0,213738955.0
test,l1config-85_l2config-70,28,32.0,2.0,3.0,16.0,8.0,12.5,7.977457671822561,12.464777612222752,30.209158916493717,0.0,98.6174229603711,34078720.0,4194304.0,38273024.0,545259520.0,67108864.0,612368384.0,16.0,16.0,603218352.0,251851720.0,855070072.0,17135088.0,0.0,0.0,0.0,31381035.0,31317369.839285713,2483027968.0,1.4129494751916352,1313.7695431679722,33750048.0,144965632.0,213744965.0
test,l1config-85_l2config-70,29,32.0,2.0,3.0,16.0,8.0,12.5,7.977421559355587,12.464721186493104,30.20621609488495,0.0,98.62738568240187,34078720.0,4194304.0,38273024.0,545259520.0,67108864.0,612368384.0,16.0,16.0,603136992.0,251786136.0,854923128.0,17154356.0,0.0,0.0,0.0,31366547.0,31321663.55357143,2483027968.0,1.4136016006439966,1314.5909373682775,33728960.0,144965632.0,213757987.0
test,l1config-85_l2config-70,30,32.0,2.0,3.0,16.0,8.0,12.5,7.9773511219702025,12.464611128078442,30.215191323711654,0.0,98.61754982776161,34078720.0,4194304.0,38273024.0,545259520.0,67108864.0,612368384.0,16.0,16.0,603118080.0,251807040.0,854925120.0,17129240.0,0.0,0.0,0.0,31380414.0,31322333.64285714,2483027968.0,1.412977436653623,1314.5472866609607,33730080.0,144965632.0,213756660.0
test,l1config-85_l2config-70,31,32.0,2.0,3.0,16.0,8.0,12.5,7.977455253987457,12.464773834355402,30.21926297258383,0.0,98.66667656764669,34078720.0,4194304.0,38273024.0,545259520.0,67108864.0,612368384.0,16.0,16.0,603191896.0,251781788.0,854973684.0,17130772.0,0.0,0.0,0.0,31380417.0,31317684.82142857,2483027968.0,1.4129770314071404,1314.3664788934707,33734720.0,144965632.0,213763141.0
test,l1config-85_l2config-70,32,32.0,2.0,3.0,16.0,8.0,12.5,7.977448481092144,12.464763251706474,30.211004507572365,0.0,98.61309997742744,34078720.0,4194304.0,38273024.0,545259520.0,67108864.0,612368384.0,16.0,16.0,603221616.0,251775856.0,854997472.0,17133680.0,0.0,0.0,0.0,31381733.0,31319385.5,2483027968.0,1.4129180705212412,1314.5560165705165,33729856.0,144965632.0,213748722.0
test,l1config-85_l2config-70,33,32.0,2.0,3.0,16.0,8.0,12.5,7.977457301171031,12.464777033079736,30.20928395764911,0.0,98.64997380551202,34078720.0,4194304.0,38273024.0,545259520.0,67108864.0,612368384.0,16.0,16.0,603174116.0,251794260.0,854968376.0,17133992.0,0.0,0.0,0.0,31370277.0,31315880.57142857,2483027968.0,1.4134335650723873,1314.4849335359859,33731680.0,144965632.0,213738067.0
test,l1config-85_l2config-70,34,32.0,2.0,3.0,16.0,8.0,12.5,7.977418636965572,12.464716620258706,30.212001613351912,0.0,98.622008878435,34078720.0,4194304.0,38273024.0,545259520.0,67108864.0,612368384.0,16.0,16.0,603229968.0,251773028.0,855002996.0,17129316.0,0.0,0.0,0.0,31380644.0,31315383.160714287,2483027968.0,1.4129669903740805,1314.6932160925262,33726336.0,144965632.0,213742047.0
test,l1config-85_l2config-70,35,32.0,2.0,3.0,16.0,8.0,12.5,7.977478112133782,12.464809550209035,30.212712307608253,0.0,98.61675957648842,34078720.0,4194304.0,38273024.0,545259520.0,67108864.0,612368384.0,16.0,16.0,603256804.0,251788956.0,855045760.0,17130196.0,0.0,0.0,0.0,31372670.0,31326048.42857143,2483027968.0,1.4133255504274949,1314.1296336440494,33740800.0,144965632.0,213739045.0
test,l1config-85_l2config-70,36,32.0,2.0,3.0,16.0,8.0,12.5,7.977459230448925,12.464780047576445,30.207292436291027,0.0,98.6290458442967,34078720.0,4194304.0,38273024.0,545259520.0,67108864.0,612368384.0,16.0,16.0,603120236.0,251818860.0,854939096.0,17130076.0,0.0,0.0,0.0,31367073.0,31317117.5,2483027968.0,1.4135780421634736,1314.1533143278243,33740192.0,144965632.0,213750368.0
test,l1config-85_l2config-70,37,32.0,2.0,3.0,16.0,8.0,12.5,7.977463790186365,12.464787172166195,30.205924967679582,0.0,98.61745921926557,34078720.0,4194304.0,38273024.0,545259520.0,67108864.0,612368384.0,16.0,16.0,603209044.0,251789708.0,854998752.0,17134688.0,0.0,0.0,0.0,31374440.0,31320488.80357143,2483027968.0,1.413246076158783,1314.1196630851487,33741056.0,144965632.0,213750359.0
test,l1config-85_l2config-70,38,32.0,2.0,3.0,16.0,8.0,12.5,7.977463035044089,12.464785992256388,30.219004795971287,0.0,98.66177535964519,34078720.0,4194304.0,38273024.0,545259520.0,67108864.0,612368384.0,16.0,16.0,603206812.0,251800920.0,855007732.0,17134728.0,0.0,0.0,0.0,31380072.0,31320135.035714287,2483027968.0,1.4129926223074372,1314.1570534611737,33740096.0,144965632.0,213744526.0
test,l1config-85_l2config-70,39,32.0,2.0,3.0,16.0,8.0,12.5,7.977440420199825,12.464750656562225,30.208893905381483,0.0,98.63233011644945,34078720.0,4194304.0,38273024.0,545259520.0,67108864.0,612368384.0,16.0,16.0,603184904.0,251777276.0,854962180.0,17133212.0,0.0,0.0,0.0,31374323.0,31316630.98214286,2483027968.0,1.4132514589997842,1314.1371116625148,33740608.0,144965632.0,213756550.0
test,l1config-85_l2config-70,40,32.0,2.0,3.0,16.0,8.0,12.5,7.977388193171632,12.464669051830676,30.20691204156405,0.0,98.61002755515774,34078720.0,4194304.0,38273024.0,545259520.0,67108864.0,612368384.0,16.0,16.0,603197940.0,251829624.0,855027564.0,17134876.0,0.0,0.0,0.0,31363714.0,31322299.5,2483027968.0,1.413729253717028,1314.1121852652616,33741248.0,144965632.0,213766616.0
test,l1config-85_l2config-70,41,32.0,2.0,3.0,16.0,8.0,12.5,7.977404105504342,12.464693914850535,30.210561311182243,0.0,98.64319020702715,34078720.0,4194304.0,38273024.0,545259520.0,67108864.0,612368384.0,16.0,16.0,603203808.0,251816068.0,855019876.0,17133136.0,0.0,0.0,0.0,31375702.0,31320117.535714287,2483027968.0,1.4131894687219964,1314.3303233083634,33735648.0,144965632.0,213745477.0
test,l1config-85_l2config-70,42,32.0,2.0,3.0,16.0,8.0,12.5,7.977424054785731,12.464725085602705,30.210164328045018,0.0,98.61303608112429,34078720.0,4194304.0,38273024.0,545259520.0,67108864.0,612368384.0,16.0,16.0,603277780.0,251781616.0,855059396.0,17141676.0,0.0,0.0,0.0,31372845.0,31321205.589285713,2483027968.0,1.4133183875790942,1314.0311810043497,33743328.0,144965632.0,213769590.0
test,l1config-85_l2config-70,43,32.0,2.0,3.0,16.0,8.0,12.5,7.977430910332509,12.464735797394546,30.211586430736116,0.0,98.66099671033255,34078720.0,4194304.0,38273024.0,545259520.0,67108864.0,612368384.0,16.0,16.0,603176512.0,251743200.0,854919712.0,17139504.0,0.0,0.0,0.0,31371495.0,31321028.785714287,2483027968.0,1.413379071366311,1314.0548581399821,33742720.0,144965632.0,213741275.0
test,l1config-85_l2config-70,44,32.0,2.0,3.0,16.0,8.0,12.5,7.977437924447498,12.464746756949216,30.204351448743203,0.0,98.62954413013227,34078720.0,4194304.0,38273024.0,545259520.0,67108864.0,612368384.0,16.0,16.0,603196420.0,251809568.0,855005988.0,17136756.0,0.0,0.0,0.0,31375144.0,31320435.660714287,2483027968.0,1.4132146132599357,1314.275470356902,33737056.0,144965632.0,213767633.0
test,l1config-85_l2config-70,45,32.0,2.0,3.0,16.0,8.0,12.5,7.977389704250674,12.46467141289168,30.20608790707937,0.0,98.63750398038277,34078720.0,4194304.0,38273024.0,545259520.0,67108864.0,612368384.0,16.0,16.0,603166328.0,251804184.0,854970512.0,17134720.0,0.0,0.0,0.0,31379357.0,31321254.23214286,2483027968.0,1.4130246832327131,1314.1894601748616,33739264.0,144965632.0,213750972.0
test,l1config-85_l2config-70,46,32.0,2.0,3.0,16.0,8.0,12.5,7.977393275834922,12.464676993492066,30.213665629073695,0.0,98.61507684401063,34078720.0,4194304.0,38273024.0,545259520.0,67108864.0,612368384.0,16.0,16.0,603238872.0,251789368.0,855028240.0,17132688.0,0.0,0.0,0.0,31364864.0,31323061.94642857,2483027968.0,1.413677497865334,1314.8953257248486,33721152.0,144965632.0,213749739.0
test,l1config-85_l2config-70,47,32.0,2.0,3.0,16.0,8.0,12.5,7.977437043942644,12.464745381160382,30.205560987411655,0.0,98.62567681528493,34078720.0,4194304.0,38273024.0,545259520.0,67108864.0,612368384.0,16.0,16.0,603170712.0,251835012.0,855005724.0,17131580.0,0.0,0.0,0.0,31377557.0,31315477.82142857,2483027968.0,1.4131058664704141,1314.2281010378108,33738272.0,144965632.0,213736488.0
test,l1config-85_l2config-70,48,32.0,2.0,3.0,16.0,8.0,12.5,7.977468211680869,12.464794080751359,30.217264692313673,0.0,98.6102978044851,34078720.0,4194304.0,38273024.0,545259520.0,67108864.0,612368384.0,16.0,16.0,603162736.0,251816548.0,854979284.0,17130972.0,0.0,0.0,0.0,31378088.0,31319292.92857143,2483027968.0,1.4130822006665211,1314.1794887081126,33739520.0,144965632.0,213734126.0
test,l1config-85_l2config-70,49,32.0,2.0,3.0,16.0,8.0,12.5,7.97741677191062,12.464713706110343,30.21852855169686,0.0,98.62436320708039,34078720.0,4194304.0,38273024.0,545259520.0,67108864.0,612368384.0,16.0,16.0,603205568.0,251856612.0,855062180.0,17139568.0,0.0,0.0,0.0,31375743.0,31318901.35714286,2483027968.0,1.4131875882663154,1314.320349703898,33735904.0,144965632.0,213759701.0
test,l1config-10_l2config-25,0,32.0,2.0,1.0,16.0,4.0,6.25,3.9982391261945813,6.247248634679034,46.3792082259053,0.0,98.59007269790972,34078720.0,4194304.0,38273024.0,545259520.0,67108864.0,612368384.0,16.0,16.0,545263380.0,276339272.0,821602652.0,17399180.0,0.0,0.0,0.0,40222447.0,40077971.39285714,2483027968.0,1.1023641952576428,1024.579138165724,43276096.0,144965632.0,205403205.0
test,l1config-10_l2config-25,1,32.0,2.0,1.0,16.0,4.0,6.25,3.998233623263794,6.247240036349678,46.379584337414876,0.0,98.63113483592201,34078720.0,4194304.0,38273024.0,545259520.0,67108864.0,612368384.0,16.0,16.0,545263604.0,276341444.0,821605048.0,17397440.0,0.0,0.0,0.0,40250592.0,40079643.571428575,2483027968.0,1.1015933801334856,1024.8966763890664,43262688.0,144965632.0,205400903.0
test,l1config-10_l2config-25,2,32.0,2.0,1.0,16.0,4.0,6.25,3.9982363005558335,6.24724421961849,46.37993632649696,0.0,98.59336749985911,34078720.0,4194304.0,38273024.0,545259520.0,67108864.0,612368384.0,16.0,16.0,545263756.0,276336920.0,821600676.0,17398092.0,0.0,0.0,0.0,40284871.0,40082205.91071428,2483027968.0,1.100656188579738,1024.0952521027345,43296544.0,144965632.0,205401554.0
test,l1config-10_l2config-25,3,32.0,2.0,1.0,16.0,4.0,6.25,3.9982296736545186,6.247233865085185,46.37977342918682,0.0,98.59641745375636,34078720.0,4194304.0,38273024.0,545259520.0,67108864.0,612368384.0,16.0,16.0,545263536.0,276352972.0,821616508.0,17409560.0,0.0,0.0,0.0,40257092.0,40101645.76785714,2483027968.0,1.101415528083168,1024.2277263082356,43290944.0,144965632.0,205401903.0
test,l1config-10_l2config-25,4,32.0,2.0,1.0,16.0,4.0,6.25,3.9982144519866796,6.247210081229187,46.37993660100095,0.0,98.60204740602406,34078720.0,4194304.0,38273024.0,545259520.0,67108864.0,612368384.0,16.0,16.0,545263160.0,276332280.0,821595440.0,17410556.0,0.0,0.0,0.0,40237013.0,40127516.375,2483027968.0,1.101965311916245,1024.4814154117396,43280224.0,144965632.0,205405230.0
test,l1config-10_l2config-25,5,32.0,2.0,1.0,16.0,4.0,6.25,3.9981986909836413,6.247185454661939,46.37981874936426,0.0,98.59813254470404,34078720.0,4194304.0,38273024.0,545259520.0,67108864.0,612368384.0,16.0,16.0,545263632.0,276351476.0,821615108.0,17345252.0,0.0,0.0,0.0,40245873.0,40155143.16071428,2483027968.0,1.1017225466501477,1023.7880438815401,43309536.0,144965632.0,205406173.0
test,l1config-10_l2config-25,6,32.0,2.0,1.0,16.0,4.0,6.25,3.9982290594602987,6.247232905406717,46.37942035713605,0.0,98.58646984707029,34078720.0,4194304.0,38273024.0,545259520.0,67108864.0,612368384.0,16.0,16.0,545263160.0,276348936.0,821612096.0,17449176.0,0.0,0.0,0.0,40295515.0,40125832.96428572,2483027968.0,1.1003652743474914,1024.939888922633,43260864.0,144965632.0,205399038.0
test,l1config-10_l2config-25,7,32.0,2.0,1.0,16.0,4.0,6.25,3.9982126232853488,6.247207223883358,46.38012912283772,0.0,98.6115141938943,34078720.0,4194304.0,38273024.0,545259520.0,67108864.0,612368384.0,16.0,16.0,545263368.0,276342692.0,821606060.0,17398448.0,0.0,0.0,0.0,40267620.0,40137054.0,2483027968.0,1.1011277330528402,1025.0346660094717,43256864.0,144965632.0,205403577.0
test,l1config-10_l2config-25,8,32.0,2.0,1.0,16.0,4.0,6.25,3.9982229241047027,6.247223318913598,46.379485224984876,0.0,98.61124097463228,34078720.0,4194304.0,38273024.0,545259520.0,67108864.0,612368384.0,16.0,16.0,545263492.0,276341016.0,821604508.0,17369688.0,0.0,0.0,0.0,40252562.0,40129586.821428575,2483027968.0,1.1015395902142848,1024.2065281322564,43291840.0,144965632.0,205401947.0
test,l1config-10_l2config-25,9,32.0,2.0,1.0,16.0,4.0,6.25,3.9982373792048853,6.247245905007634,46.379878292179605,0.0,98.58986323382692,34078720.0,4194304.0,38273024.0,545259520.0,67108864.0,612368384.0,16.0,16.0,545263036.0,276344668.0,821607704.0,17322568.0,0.0,0.0,0.0,40215473.0,40099338.875,2483027968.0,1.1025554037951786,1024.5033824685397,43279296.0,144965632.0,205403860.0
test,l1config-10_l2config-25,10,32.0,2.0,1.0,16.0,4.0,6.25,3.9982111524777886,6.247204925746544,46.379899644434886,0.0,98.54919490226439,34078720.0,4194304.0,38273024.0,545259520.0,67108864.0,612368384.0,16.0,16.0,545263808.0,276347948.0,821611756.0,17395456.0,0.0,0.0,0.0,40225859.0,40145220.696428575,2483027968.0,1.1022708765213263,1024.8019248170126,43266688.0,144965632.0,205403888.0
test,l1config-10_l2config-25,11,32.0,2.0,1.0,16.0,4.0,6.25,3.9982306884844605,6.247235450756969,46.379363112704404,0.0,98.59963301310172,34078720.0,4194304.0,38273024.0,545259520.0,67108864.0,612368384.0,16.0,16.0,545262836.0,276338184.0,821601020.0,17425256.0,0.0,0.0,0.0,40269101.0,40110941.10714286,2483027968.0,1.101087181548077,1024.2655823765115,43289344.0,144965632.0,205402810.0
test,l1config-10_l2config-25,12,32.0,2.0,1.0,16.0,4.0,6.25,3.998233833860041,6.247240365406314,46.37991051736769,0.0,98.59150084671194,34078720.0,4194304.0,38273024.0,545259520.0,67108864.0,612368384.0,16.0,16.0,545263604.0,276341188.0,821604792.0,17438576.0,0.0,0.0,0.0,40255470.0,40129394.946428575,2483027968.0,1.1014598933657236,1024.360234791183,43285344.0,144965632.0,205403542.0
test,l1config-10_l2config-25,13,32.0,2.0,1.0,16.0,4.0,6.25,3.998209425320958,6.2472022270639975,46.379691545828734,0.0,98.59116206237543,34078720.0,4194304.0,38273024.0,545259520.0,67108864.0,612368384.0,16.0,16.0,545262240.0,276343784.0,821606024.0,17386904.0,0.0,0.0,0.0,40263131.0,40140803.946428575,2483027968.0,1.1012504585161864,1023.9234651801786,43303808.0,144965632.0,205401234.0
test,l1config-10_l2config-25,14,32.0,2.0,1.0,16.0,4.0,6.25,3.9982113264423207,6.247205197566126,46.37993136560598,0.0,98.60255199087744,34078720.0,4194304.0,38273024.0,545259520.0,67108864.0,612368384.0,16.0,16.0,545263084.0,276332376.0,821595460.0,17419712.0,0.0,0.0,0.0,40209209.0,40157271.678571425,2483027968.0,1.1027272821810754,1024.3609920810354,43285312.0,144965632.0,205403798.0
test,l1config-10_l2config-25,15,32.0,2.0,1.0,16.0,4.0,6.25,3.9982295793731297,6.2472337177705155,46.37994664747529,0.0,98.55836798193673,34078720.0,4194304.0,38273024.0,545259520.0,67108864.0,612368384.0,16.0,16.0,545263468.0,276337672.0,821601140.0,17420144.0,0.0,0.0,0.0,40240541.0,40106752.23214286,2483027968.0,1.1018685147114982,1024.0604359991262,43298016.0,144965632.0,205401658.0
test,l1config-10_l2config-25,16,32.0,2.0,1.0,16.0,4.0,6.25,3.998234643072754,6.247241629801178,46.379541754723114,0.0,98.60657587048811,34078720.0,4194304.0,38273024.0,545259520.0,67108864.0,612368384.0,16.0,16.0,545263220.0,276345260.0,821608480.0,17247440.0,0.0,0.0,0.0,40198186.0,40080704.875,2483027968.0,1.103029736680404,1024.7663027578583,43268192.0,144965632.0,205403884.0
test,l1config-10_l2config-25,17,32.0,2.0,1.0,16.0,4.0,6.25,3.9982372705104883,6.247245735172638,46.37961510634782,0.0,98.59026201611995,34078720.0,4194304.0,38273024.0,545259520.0,67108864.0,612368384.0,16.0,16.0,545262928.0,276344916.0,821607844.0,17407292.0,0.0,0.0,0.0,40298264.0,40097575.375,2483027968.0,1.10029022510932,1023.757787035394,43310816.0,144965632.0,205401775.0
test,l1config-10_l2config-25,18,32.0,2.0,1.0,16.0,4.0,6.25,3.998217419760065,6.247214718375101,46.37978451652615,0.0,98.59584561961448,34078720.0,4194304.0,38273024.0,545259520.0,67108864.0,612368384.0,16.0,16.0,545262888.0,276348612.0,821611500.0,17433304.0,0.0,0.0,0.0,40270239.0,40138425.571428575,2483027968.0,1.101056141020327,1024.130827523364,43295040.0,144965632.0,205402277.0
test,l1config-10_l2config-25,19,32.0,2.0,1.0,16.0,4.0,6.25,3.998226415975068,6.247228774961044,46.37944662799224,0.0,98.61431970824603,34078720.0,4194304.0,38273024.0,545259520.0,67108864.0,612368384.0,16.0,16.0,545263168.0,276349976.0,821613144.0,17427168.0,0.0,0.0,0.0,40279569.0,40117032.83928572,2483027968.0,1.1008009586711263,1024.2103134564688,43291680.0,144965632.0,205403570.0
test,l1config-10_l2config-25,20,32.0,2.0,1.0,16.0,4.0,6.25,3.998227903476138,6.247231099181465,46.37965853209614,0.0,98.57661975436027,34078720.0,4194304.0,38273024.0,545259520.0,67108864.0,612368384.0,16.0,16.0,545263136.0,276349280.0,821612416.0,17398940.0,0.0,0.0,0.0,40270036.0,40100101.23214286,2483027968.0,1.1010614863465205,1024.278454077201,43288800.0,144965632.0,205400919.0
test,l1config-10_l2config-25,21,32.0,2.0,1.0,16.0,4.0,6.25,3.998216194702583,6.247212804222786,46.37928154975658,0.0,98.56318282143529,34078720.0,4194304.0,38273024.0,545259520.0,67108864.0,612368384.0,16.0,16.0,545263380.0,276345256.0,821608636.0,17428600.0,0.0,0.0,0.0,40228515.0,40122892.71428572,2483027968.0,1.1021981151763371,1024.1830597466376,43292832.0,144965632.0,205399311.0
test,l1config-10_l2config-25,22,32.0,2.0,1.0,16.0,4.0,6.25,3.998202885547968,6.2471920086687,46.37933545322852,0.0,98.60404958456057,34078720.0,4194304.0,38273024.0,545259520.0,67108864.0,612368384.0,16.0,16.0,545262300.0,276351196.0,821613496.0,17405208.0,0.0,0.0,0.0,40261591.0,40155205.428571425,2483027968.0,1.1012926427372998,1024.9421633674451,43260768.0,144965632.0,205399888.0
test,l1config-10_l2config-25,23,32.0,2.0,1.0,16.0,4.0,6.25,3.998227836210708,6.247230994079231,46.37937608897961,0.0,98.56654338931524,34078720.0,4194304.0,38273024.0,545259520.0,67108864.0,612368384.0,16.0,16.0,545263492.0,276353888.0,821617380.0,17418732.0,0.0,0.0,0.0,40273545.0,40116474.96428572,2483027968.0,1.100965729478675,1025.0854737438397,43254720.0,144965632.0,205400298.0
test,l1config-10_l2config-25,24,32.0,2.0,1.0,16.0,4.0,6.25,3.998221421954087,6.2472209718032605,46.37987876170829,0.0,98.5661828153121,34078720.0,4194304.0,38273024.0,545259520.0,67108864.0,612368384.0,16.0,16.0,545262756.0,276344992.0,821607748.0,17405780.0,0.0,0.0,0.0,40220874.0,40117902.946428575,2483027968.0,1.1024074173049712,1025.2538577584749,43247616.0,144965632.0,205400906.0
test,l1config-10_l2config-25,25,32.0,2.0,1.0,16.0,4.0,6.25,3.9982130657605164,6.247207915250807,46.37993757862001,0.0,98.61010312523327,34078720.0,4194304.0,38273024.0,545259520.0,67108864.0,612368384.0,16.0,16.0,545262688.0,276344112.0,821606800.0,17395756.0,0.0,0.0,0.0,40267614.0,40138298.553571425,2483027968.0,1.1011278629427688,1025.252340538432,43247680.0,144965632.0,205403331.0
test,l1config-10_l2config-25,26,32.0,2.0,1.0,16.0,4.0,6.25,3.998217321950748,6.247214565548044,46.37980563777101,0.0,98.56848953810913,34078720.0,4194304.0,38273024.0,545259520.0,67108864.0,612368384.0,16.0,16.0,545262836.0,276353440.0,821616276.0,17434680.0,0.0,0.0,0.0,40258739.0,40149165.321428575,2483027968.0,1.1013704687627601,1024.6852149653284,43271616.0,144965632.0,205398555.0
test,l1config-10_l2config-25,27,32.0,2.0,1.0,16.0,4.0,6.25,3.9982122703742764,6.247206672459807,46.37961280351887,0.0,98.59440104720616,34078720.0,4194304.0,38273024.0,545259520.0,67108864.0,612368384.0,16.0,16.0,545263016.0,276349244.0,821612260.0,17427964.0,0.0,0.0,0.0,40259148.0,40152204.60714286,2483027968.0,1.1013594370410755,1023.8425107117706,43307232.0,144965632.0,205399434.0
test,l1config-10_l2config-25,28,32.0,2.0,1.0,16.0,4.0,6.25,3.9982139482222934,6.247209294097333,46.37978678961798,0.0,98.59430644408953,34078720.0,4194304.0,38273024.0,545259520.0,67108864.0,612368384.0,16.0,16.0,545263732.0,276341000.0,821604732.0,17443960.0,0.0,0.0,0.0,40261141.0,40120377.428571425,2483027968.0,1.1013049519211777,1023.8167895419897,43308320.0,144965632.0,205401500.0
test,l1config-10_l2config-25,29,32.0,2.0,1.0,16.0,4.0,6.25,3.9982299608257437,6.247234313790225,46.379896054636774,0.0,98.60874847070028,34078720.0,4194304.0,38273024.0,545259520.0,67108864.0,612368384.0,16.0,16.0,545263456.0,276338296.0,821601752.0,17429704.0,0.0,0.0,0.0,40244052.0,40114386.58928572,2483027968.0,1.1017724326307623,1024.2171271105613,43291392.0,144965632.0,205403709.0
test,l1config-10_l2config-25,30,32.0,2.0,1.0,16.0,4.0,6.25,3.9982134567532506,6.247208526176954,46.379247466045726,0.0,98.57568760623569,34078720.0,4194304.0,38273024.0,545259520.0,67108864.0,612368384.0,16.0,16.0,545263664.0,276332788.0,821596452.0,17426200.0,0.0,0.0,0.0,40266699.0,40159957.01785714,2483027968.0,1.1011529459459526,1024.025622262719,43299488.0,144965632.0,205406198.0
test,l1config-10_l2config-25,31,32.0,2.0,1.0,16.0,4.0,6.25,3.9982310340929783,6.247235990770279,46.37951085798843,0.0,98.58911455635229,34078720.0,4194304.0,38273024.0,545259520.0,67108864.0,612368384.0,16.0,16.0,545262848.0,276346212.0,821609060.0,17338124.0,0.0,0.0,0.0,40228726.0,40082053.26785714,2483027968.0,1.1021922656416827,1024.2133417359844,43291552.0,144965632.0,205402282.0
test,l1config-10_l2config-25,32,32.0,2.0,1.0,16.0,4.0,6.25,3.998224212268721,6.247225331669877,46.37969117814651,0.0,98.58958766578942,34078720.0,4194304.0,38273024.0,545259520.0,67108864.0,612368384.0,16.0,16.0,545262700.0,276351444.0,821614144.0,17401888.0,0.0,0.0,0.0,40263203.0,40119378.428571425,2483027968.0,1.1012485165744172,1024.3435746977211,43286048.0,144965632.0,205402036.0
test,l1config-10_l2config-25,33,32.0,2.0,1.0,16.0,4.0,6.25,3.9982209598779854,6.247220249809352,46.37972932908291,0.0,98.61654020111284,34078720.0,4194304.0,38273024.0,545259520.0,67108864.0,612368384.0,16.0,16.0,545262696.0,276334444.0,821597140.0,17377792.0,0.0,0.0,0.0,40273918.0,40142975.64285714,2483027968.0,1.1009554849586136,1024.5427740329494,43277632.0,144965632.0,205404453.0
test,l1config-10_l2config-25,34,32.0,2.0,1.0,16.0,4.0,6.25,3.998224300867677,6.247225470105746,46.38003523774817,0.0,98.57777507001539,34078720.0,4194304.0,38273024.0,545259520.0,67108864.0,612368384.0,16.0,16.0,545263548.0,276342776.0,821606324.0,17401076.0,0.0,0.0,0.0,40269073.0,40106979.428571425,2483027968.0,1.1010880155172498,1024.074059409913,43297440.0,144965632.0,205399838.0
test,l1config-10_l2config-25,35,32.0,2.0,1.0,16.0,4.0,6.25,3.998228604493685,6.2472321945213825,46.37960513785176,0.0,98.59510678889428,34078720.0,4194304.0,38273024.0,545259520.0,67108864.0,612368384.0,16.0,16.0,545263956.0,276351972.0,821615928.0,17402692.0,0.0,0.0,0.0,40258435.0,40111454.35714286,2483027968.0,1.1013787991243411,1024.6442970262974,43273344.0,144965632.0,205402927.0
test,l1config-10_l2config-25,36,32.0,2.0,1.0,16.0,4.0,6.25,3.9982086438661084,6.247201006040794,46.379716131507166,0.0,98.59898751926015,34078720.0,4194304.0,38273024.0,545259520.0,67108864.0,612368384.0,16.0,16.0,545264344.0,276351076.0,821615420.0,17430188.0,0.0,0.0,0.0,40238941.0,40148453.571428575,2483027968.0,1.1019124920392933,1023.943894966059,43302944.0,144965632.0,205401970.0
test,l1config-10_l2config-25,37,32.0,2.0,1.0,16.0,4.0,6.25,3.9981974790593475,6.247183561030231,46.379751717766624,0.0,98.5401725829408,34078720.0,4194304.0,38273024.0,545259520.0,67108864.0,612368384.0,16.0,16.0,545263320.0,276345748.0,821609068.0,17391832.0,0.0,0.0,0.0,40244895.0,40143421.08928572,2483027968.0,1.1017494704198871,1023.2981030642305,43330272.0,144965632.0,205405552.0
test,l1config-10_l2config-25,38,32.0,2.0,1.0,16.0,4.0,6.25,3.9982205783881115,6.247219653731424,46.379582108727725,0.0,98.55887313342045,34078720.0,4194304.0,38273024.0,545259520.0,67108864.0,612368384.0,16.0,16.0,545262092.0,276341404.0,821603496.0,17284892.0,0.0,0.0,0.0,40269516.0,40139106.08928572,2483027968.0,1.1010758342242124,1023.731313762034,43311936.0,144965632.0,205401974.0
test,l1config-10_l2config-25,39,32.0,2.0,1.0,16.0,4.0,6.25,3.998225001292472,6.2472265645194875,46.379871392286546,0.0,98.59110902664793,34078720.0,4194304.0,38273024.0,545259520.0,67108864.0,612368384.0,16.0,16.0,545264500.0,276344632.0,821609132.0,17415260.0,0.0,0.0,0.0,40240979.0,40127614.73214286,2483027968.0,1.101856631029868,1023.57855190536,43318400.0,144965632.0,205402386.0
test,l1config-10_l2config-25,40,32.0,2.0,1.0,16.0,4.0,6.25,3.9982067593807984,6.247198061532497,46.37932490480904,0.0,98.59777354531398,34078720.0,4194304.0,38273024.0,545259520.0,67108864.0,612368384.0,16.0,16.0,545262660.0,276337652.0,821600312.0,17411424.0,0.0,0.0,0.0,40250459.0,40178019.821428575,2483027968.0,1.1015971090875336,1024.1338553328656,43294912.0,144965632.0,205404554.0
test,l1config-10_l2config-25,41,32.0,2.0,1.0,16.0,4.0,6.25,3.9982338905239807,6.24724045394372,46.37964003727622,0.0,98.59830647959797,34078720.0,4194304.0,38273024.0,545259520.0,67108864.0,612368384.0,16.0,16.0,545264092.0,276355520.0,821619612.0,17201140.0,0.0,0.0,0.0,40250182.0,40111997.321428575,2483027968.0,1.1016047107582854,1024.7299253384986,43269728.0,144965632.0,205404190.0
test,l1config-10_l2config-25,42,32.0,2.0,1.0,16.0,4.0,6.25,3.9982233675817946,6.247224011846554,46.379501890509665,0.0,98.5784655504901,34078720.0,4194304.0,38273024.0,545259520.0,67108864.0,612368384.0,16.0,16.0,545262968.0,276357076.0,821620044.0,17421620.0,0.0,0.0,0.0,40249333.0,40097590.16071428,2483027968.0,1.1016279543213778,1024.9042572717503,43262368.0,144965632.0,205402040.0
test,l1config-10_l2config-25,43,32.0,2.0,1.0,16.0,4.0,6.25,3.9982229872770234,6.247223417620349,46.38008720490189,0.0,98.56208201463762,34078720.0,4194304.0,38273024.0,545259520.0,67108864.0,612368384.0,16.0,16.0,545263356.0,276338572.0,821601928.0,17418760.0,0.0,0.0,0.0,40231013.0,40118010.053571425,2483027968.0,1.1021296096497792,1024.2489253617168,43290048.0,144965632.0,205405501.0
test,l1config-10_l2config-25,44,32.0,2.0,1.0,16.0,4.0,6.25,3.9982193626598517,6.2472177541560185,46.379530677413385,0.0,98.6430386106578,34078720.0,4194304.0,38273024.0,545259520.0,67108864.0,612368384.0,16.0,16.0,545263160.0,276361056.0,821624216.0,17407904.0,0.0,0.0,0.0,40273328.0,40104460.571428575,2483027968.0,1.1009716685172315,1025.7282090887718,43227616.0,144965632.0,205403423.0
test,l1config-10_l2config-25,45,32.0,2.0,1.0,16.0,4.0,6.25,3.99822960490243,6.247233757660047,46.37970553526089,0.0,98.58072139046814,34078720.0,4194304.0,38273024.0,545259520.0,67108864.0,612368384.0,16.0,16.0,545263560.0,276346120.0,821609680.0,17427836.0,0.0,0.0,0.0,40262071.0,40109569.78571428,2483027968.0,1.101279328613183,1024.2216695969882,43291200.0,144965632.0,205401132.0
test,l1config-10_l2config-25,46,32.0,2.0,1.0,16.0,4.0,6.25,3.998218024028049,6.247215662543827,46.37953985647509,0.0,98.60242433360168,34078720.0,4194304.0,38273024.0,545259520.0,67108864.0,612368384.0,16.0,16.0,545263240.0,276345160.0,821608400.0,17424568.0,0.0,0.0,0.0,40249258.0,40145182.16071428,2483027968.0,1.1016300755078563,1024.3761381132133,43284672.0,144965632.0,205402143.0
test,l1config-10_l2config-25,47,32.0,2.0,1.0,16.0,4.0,6.25,3.998226776543045,6.247229338348507,46.37922597747559,0.0,98.54734847326215,34078720.0,4194304.0,38273024.0,545259520.0,67108864.0,612368384.0,16.0,16.0,545263508.0,276333708.0,821597216.0,17222712.0,0.0,0.0,0.0,40207788.0,40114837.83928572,2483027968.0,1.1027661169926397,1025.1886213513174,43250368.0,144965632.0,205398168.0
test,l1config-10_l2config-25,48,32.0,2.0,1.0,16.0,4.0,6.25,3.998227588746092,6.247230607415768,46.379980178533316,0.0,98.56095248028632,34078720.0,4194304.0,38273024.0,545259520.0,67108864.0,612368384.0,16.0,16.0,545263144.0,276350924.0,821614068.0,17403208.0,0.0,0.0,0.0,40253645.0,40131366.553571425,2483027968.0,1.1015099881587014,1024.690519381885,43271392.0,144965632.0,205401528.0
test,l1config-10_l2config-25,49,32.0,2.0,1.0,16.0,4.0,6.25,3.998213609825011,6.24720876535158,46.37965629037645,0.0,98.5893882219608,34078720.0,4194304.0,38273024.0,545259520.0,67108864.0,612368384.0,16.0,16.0,545262804.0,276339324.0,821602128.0,17415308.0,0.0,0.0,0.0,40249784.0,40143305.83928572,2483027968.0,1.1016156858127433,1023.9302750182234,43303520.0,144965632.0,205406423.0
test,l1config-85_l2config-25,0,32.0,2.0,3.0,16.0,8.0,12.5,7.977483673970624,12.464818240579099,30.230948408360277,0.0,98.62637779535933,34078720.0,4194304.0,38273024.0,545259520.0,67108864.0,612368384.0,16.0,16.0,603205748.0,251852828.0,855058576.0,17139888.0,0.0,0.0,0.0,31372716.0,31313716.82142857,2483027968.0,1.4133240750549847,1314.433808387265,33732992.0,144965632.0,213779596.0
test,l1config-85_l2config-25,1,32.0,2.0,3.0,16.0,8.0,12.5,7.977412876665198,12.464707619789372,30.229289407027554,0.0,98.64706228571755,34078720.0,4194304.0,38273024.0,545259520.0,67108864.0,612368384.0,16.0,16.0,603179760.0,251747576.0,854927336.0,17135176.0,0.0,0.0,0.0,31370302.0,31311193.339285713,2483027968.0,1.4134323823408952,1314.289183165526,33736704.0,144965632.0,213738247.0
test,l1config-85_l2config-25,2,32.0,2.0,3.0,16.0,8.0,12.5,7.977540203531744,12.46490656801835,30.22588997737507,0.0,98.63521968456517,34078720.0,4194304.0,38273024.0,545259520.0,67108864.0,612368384.0,16.0,16.0,603172160.0,251859692.0,855031852.0,17155208.0,0.0,0.0,0.0,31363561.0,31315688.94642857,2483027968.0,1.4137362066207204,1314.3203497038983,33735904.0,144965632.0,213740753.0
test,l1config-85_l2config-25,3,32.0,2.0,3.0,16.0,8.0,12.5,7.977470137008905,12.464797089076415,30.22284947061431,0.0,98.62546628134805,34078720.0,4194304.0,38273024.0,545259520.0,67108864.0,612368384.0,16.0,16.0,603178752.0,251814592.0,854993344.0,17135264.0,0.0,0.0,0.0,31369814.0,31317183.660714287,2483027968.0,1.41345464055305,1314.1558070810268,33740128.0,144965632.0,213741294.0
test,l1config-85_l2config-25,4,32.0,2.0,3.0,16.0,8.0,12.5,7.977409421310609,12.464702220797827,30.223707206933252,0.0,98.62999669016772,34078720.0,4194304.0,38273024.0,545259520.0,67108864.0,612368384.0,16.0,16.0,603201744.0,251827900.0,855029644.0,17149184.0,0.0,0.0,0.0,31366047.0,31318201.07142857,2483027968.0,1.4136243148723187,1314.5036388523724,33731200.0,144965632.0,213747211.0
test,l1config-85_l2config-25,5,32.0,2.0,3.0,16.0,8.0,12.5,7.977407074799084,12.464698554373568,30.23511046203647,0.0,98.64175903811085,34078720.0,4194304.0,38273024.0,545259520.0,67108864.0,612368384.0,16.0,16.0,603110044.0,251825372.0,854935416.0,17135832.0,0.0,0.0,0.0,31364523.0,31313961.94642857,2483027968.0,1.4136928225212095,1314.430067678866,33733088.0,144965632.0,213720857.0
test,l1config-85_l2config-25,6,32.0,2.0,3.0,16.0,8.0,12.5,7.977411244920977,12.464705070189027,30.220874566665174,0.0,98.62822385300646,34078720.0,4194304.0,38273024.0,545259520.0,67108864.0,612368384.0,16.0,16.0,603150112.0,251759484.0,854909596.0,17131492.0,0.0,0.0,0.0,31355732.0,31318319.875,2483027968.0,1.414089035111401,1314.0187196967306,33743648.0,144965632.0,213724158.0
test,l1config-85_l2config-25,7,32.0,2.0,3.0,16.0,8.0,12.5,7.977422771874626,12.464723081054103,30.221204686192433,0.0,98.63120434112702,34078720.0,4194304.0,38273024.0,545259520.0,67108864.0,612368384.0,16.0,16.0,603228780.0,251816912.0,855045692.0,17134416.0,0.0,0.0,0.0,31361344.0,31310368.01785714,2483027968.0,1.4138360339671812,1314.829196598613,33722848.0,144965632.0,213745595.0
test,l1config-85_l2config-25,8,32.0,2.0,3.0,16.0,8.0,12.5,7.977421246298875,12.464720697341992,30.23080844899321,0.0,98.63310802729598,34078720.0,4194304.0,38273024.0,545259520.0,67108864.0,612368384.0,16.0,16.0,603187680.0,251794856.0,854982536.0,17132104.0,0.0,0.0,0.0,31365193.0,31318000.89285714,2483027968.0,1.413662522842434,1314.4874275474126,33731616.0,144965632.0,213765855.0
test,l1config-85_l2config-25,9,32.0,2.0,3.0,16.0,8.0,12.5,7.977446970409682,12.464760891265128,30.23988204844072,0.0,98.62906545770022,34078720.0,4194304.0,38273024.0,545259520.0,67108864.0,612368384.0,16.0,16.0,603227156.0,251826436.0,855053592.0,17139448.0,0.0,0.0,0.0,31372010.0,31320505.42857143,2483027968.0,1.4133555315651734,1314.2355801769734,33738080.0,144965632.0,213727793.0
test,l1config-85_l2config-25,10,32.0,2.0,3.0,16.0,8.0,12.5,7.977434620034449,12.464741593803828,30.238133731738397,0.0,98.6215323542519,34078720.0,4194304.0,38273024.0,545259520.0,67108864.0,612368384.0,16.0,16.0,603163408.0,251802764.0,854966172.0,17135396.0,0.0,0.0,0.0,31372236.0,31315004.01785714,2483027968.0,1.4133455977791032,1314.7406189468604,33725120.0,144965632.0,213747418.0
test,l1config-85_l2config-25,11,32.0,2.0,3.0,16.0,8.0,12.5,7.977396326580387,12.464681760281856,30.225758850689328,0.0,98.62616077965505,34078720.0,4194304.0,38273024.0,545259520.0,67108864.0,612368384.0,16.0,16.0,603079268.0,251836808.0,854916076.0,17136404.0,0.0,0.0,0.0,31367768.0,31309823.964285713,2483027968.0,1.413546508152432,1314.1994317929305,33739008.0,144965632.0,213743620.0
test,l1config-85_l2config-25,12,32.0,2.0,3.0,16.0,8.0,12.5,7.977432692253378,12.464738581645902,30.226640319526986,0.0,98.61849244044431,34078720.0,4194304.0,38273024.0,545259520.0,67108864.0,612368384.0,16.0,16.0,603135184.0,251805516.0,854940700.0,17129672.0,0.0,0.0,0.0,31374465.0,31315503.60714286,2483027968.0,1.4132450063521715,1314.9165383630432,33720608.0,144965632.0,213743878.0
test,l1config-85_l2config-25,13,32.0,2.0,3.0,16.0,8.0,12.5,7.977484258251725,12.46481915351832,30.239629496589522,0.0,98.62154159014773,34078720.0,4194304.0,38273024.0,545259520.0,67108864.0,612368384.0,16.0,16.0,603254508.0,251837396.0,855091904.0,17134008.0,0.0,0.0,0.0,31371664.0,31316753.25,2483027968.0,1.413371063240697,1314.5098740761368,33731040.0,144965632.0,213748542.0
test,l1config-85_l2config-25,14,32.0,2.0,3.0,16.0,8.0,12.5,7.97736827148602,12.464637924196905,30.235812565544702,0.0,98.62195102074313,34078720.0,4194304.0,38273024.0,545259520.0,67108864.0,612368384.0,16.0,16.0,603170040.0,251885556.0,855055596.0,17157824.0,0.0,0.0,0.0,31366260.0,31315604.089285713,2483027968.0,1.4136147941867676,1314.164531791707,33739904.0,144965632.0,213748138.0
test,l1config-85_l2config-25,15,32.0,2.0,3.0,16.0,8.0,12.5,7.977419069943019,12.464717296785967,30.226314525625835,0.0,98.641475533417,34078720.0,4194304.0,38273024.0,545259520.0,67108864.0,612368384.0,16.0,16.0,603149256.0,251828420.0,854977676.0,17139076.0,0.0,0.0,0.0,31361332.0,31311686.375,2483027968.0,1.4138369581516228,1314.5585108516868,33729792.0,144965632.0,213745114.0
test,l1config-85_l2config-25,16,32.0,2.0,3.0,16.0,8.0,12.5,7.977434380239381,12.464741219124033,30.228103173917,0.0,98.64009759544916,34078720.0,4194304.0,38273024.0,545259520.0,67108864.0,612368384.0,16.0,16.0,603240516.0,251833464.0,855073980.0,17135132.0,0.0,0.0,0.0,31368246.0,31310109.94642857,2483027968.0,1.4135253510730181,1314.1757494470933,33739616.0,144965632.0,213733720.0
test,l1config-85_l2config-25,17,32.0,2.0,3.0,16.0,8.0,12.5,7.977380669399612,12.464657295936894,30.223734126040213,0.0,98.63555466633906,34078720.0,4194304.0,38273024.0,545259520.0,67108864.0,612368384.0,16.0,16.0,603223188.0,251818908.0,855042096.0,17140580.0,0.0,0.0,0.0,31374295.0,31317042.410714287,2483027968.0,1.4132526864734525,1314.9127949065694,33720704.0,144965632.0,213769213.0
test,l1config-85_l2config-25,18,32.0,2.0,3.0,16.0,8.0,12.5,7.97738200047349,12.464659375739828,30.224511375254743,0.0,98.62612141055675,34078720.0,4194304.0,38273024.0,545259520.0,67108864.0,612368384.0,16.0,16.0,603175556.0,251875932.0,855051488.0,17137024.0,0.0,0.0,0.0,31373692.0,31320969.73214286,2483027968.0,1.4132798265736333,1315.0001477782957,33718464.0,144965632.0,213755405.0
test,l1config-85_l2config-25,19,32.0,2.0,3.0,16.0,8.0,12.5,7.977384942415879,12.46466397252481,30.22972411294576,0.0,98.62497176091274,34078720.0,4194304.0,38273024.0,545259520.0,67108864.0,612368384.0,16.0,16.0,603177472.0,251829476.0,855006948.0,17127460.0,0.0,0.0,0.0,31371696.0,31317081.75,2483027968.0,1.4133696778779627,1314.3365568880206,33735488.0,144965632.0,213747966.0
test,l1config-85_l2config-25,20,32.0,2.0,3.0,16.0,8.0,12.5,7.977484546034096,12.464819603178274,30.245300716643264,0.0,98.60921203692115,34078720.0,4194304.0,38273024.0,545259520.0,67108864.0,612368384.0,16.0,16.0,603097640.0,251848100.0,854945740.0,17133552.0,0.0,0.0,0.0,31359507.0,31317489.80357143,2483027968.0,1.4139188547066939,1314.4500183696953,33732576.0,144965632.0,213753243.0
test,l1config-85_l2config-25,21,32.0,2.0,3.0,16.0,8.0,12.5,7.977450978492445,12.464767153894446,30.22736687242328,0.0,98.58635048627197,34078720.0,4194304.0,38273024.0,545259520.0,67108864.0,612368384.0,16.0,16.0,603193584.0,251841944.0,855035528.0,17133092.0,0.0,0.0,0.0,31370878.0,31314638.82142857,2483027968.0,1.4134065429678275,1314.4899215683033,33731552.0,144965632.0,213752823.0
test,l1config-85_l2config-25,22,32.0,2.0,3.0,16.0,8.0,12.5,7.977455164016486,12.46477369377576,30.240401315692615,0.0,98.62512257359735,34078720.0,4194304.0,38273024.0,545259520.0,67108864.0,612368384.0,16.0,16.0,603109792.0,251815900.0,854925692.0,17135048.0,0.0,0.0,0.0,31368473.0,31305834.0,2483027968.0,1.4135152346529032,1314.302896260305,33736352.0,144965632.0,213734919.0
test,l1config-85_l2config-25,23,32.0,2.0,3.0,16.0,8.0,12.5,7.977543338550579,12.46491146648528,30.24623284793143,0.0,98.63786268020608,34078720.0,4194304.0,38273024.0,545259520.0,67108864.0,612368384.0,16.0,16.0,603200020.0,251820124.0,855020144.0,17156404.0,0.0,0.0,0.0,31372339.0,31312536.69642857,2483027968.0,1.4133407660900976,1314.618376439539,33728256.0,144965632.0,213741890.0
test,l1config-85_l2config-25,24,32.0,2.0,3.0,16.0,8.0,12.5,7.9774572380441535,12.46477693444399,30.2335430086222,0.0,98.63168229610713,34078720.0,4194304.0,38273024.0,545259520.0,67108864.0,612368384.0,16.0,16.0,603184272.0,251791364.0,854975636.0,17130624.0,0.0,0.0,0.0,31372158.0,31314666.44642857,2483027968.0,1.4133492694343306,1314.8641319119706,33721952.0,144965632.0,213724843.0
test,l1config-85_l2config-25,25,32.0,2.0,3.0,16.0,8.0,12.5,7.977470487034993,12.464797635992177,30.238809662358985,0.0,98.64602359674664,34078720.0,4194304.0,38273024.0,545259520.0,67108864.0,612368384.0,16.0,16.0,603161124.0,251838936.0,855000060.0,17142628.0,0.0,0.0,0.0,31363529.0,31317384.875,2483027968.0,1.4137380772677488,1314.6395801427957,33727712.0,144965632.0,213742149.0
test,l1config-85_l2config-25,26,32.0,2.0,3.0,16.0,8.0,12.5,7.977472324247059,12.46480050663603,30.234014061566022,0.0,98.59811469478899,34078720.0,4194304.0,38273024.0,545259520.0,67108864.0,612368384.0,16.0,16.0,603241808.0,251848544.0,855090352.0,17138624.0,0.0,0.0,0.0,31364022.0,31322316.94642857,2483027968.0,1.4137155847556735,1314.5410510822671,33730240.0,144965632.0,213737562.0
test,l1config-85_l2config-25,27,32.0,2.0,3.0,16.0,8.0,12.5,7.9775241939426085,12.464881553035326,30.242961194880024,0.0,98.62650326733643,34078720.0,4194304.0,38273024.0,545259520.0,67108864.0,612368384.0,16.0,16.0,603221260.0,251847076.0,855068336.0,17142128.0,0.0,0.0,0.0,31362410.0,31316876.19642857,2483027968.0,1.4137878991527242,1314.5435453066461,33730176.0,144965632.0,213754733.0
test,l1config-85_l2config-25,28,32.0,2.0,3.0,16.0,8.0,12.5,7.977461083805234,12.464782943445678,30.237821583137126,0.0,98.61526857540458,34078720.0,4194304.0,38273024.0,545259520.0,67108864.0,612368384.0,16.0,16.0,603088336.0,251832088.0,854920424.0,17138692.0,0.0,0.0,0.0,31362515.0,31313866.25,2483027968.0,1.4137836504632604,1314.7219068854859,33725600.0,144965632.0,213745518.0
test,l1config-85_l2config-25,29,32.0,2.0,3.0,16.0,8.0,12.5,7.977452331871217,12.464769268548777,30.229687229253933,0.0,98.63473077062655,34078720.0,4194304.0,38273024.0,545259520.0,67108864.0,612368384.0,16.0,16.0,603120564.0,251792024.0,854912588.0,17135668.0,0.0,0.0,0.0,31367403.0,31315493.60714286,2483027968.0,1.4135631931755728,1313.9040867551053,33746592.0,144965632.0,213760973.0
test,l1config-85_l2config-25,30,32.0,2.0,3.0,16.0,8.0,12.5,7.977428500129611,12.464732031452517,30.23180668698509,0.0,98.61862655776179,34078720.0,4194304.0,38273024.0,545259520.0,67108864.0,612368384.0,16.0,16.0,603153408.0,251844036.0,854997444.0,17131544.0,0.0,0.0,0.0,31371736.0,31315681.14285714,2483027968.0,1.4133681348348623,1314.455006137033,33732448.0,144965632.0,213747520.0
test,l1config-85_l2config-25,31,32.0,2.0,3.0,16.0,8.0,12.5,7.9774226098596595,12.464722827905717,30.236060977076136,0.0,98.6398895496939,34078720.0,4194304.0,38273024.0,545259520.0,67108864.0,612368384.0,16.0,16.0,603150140.0,251738272.0,854888412.0,17131040.0,0.0,0.0,0.0,31357347.0,31313764.214285713,2483027968.0,1.414016385523873,1314.6133874322927,33728384.0,144965632.0,213744425.0
test,l1config-85_l2config-25,32,32.0,2.0,3.0,16.0,8.0,12.5,7.9774246814941785,12.464726064834654,30.221047136230784,0.0,98.6049630227541,34078720.0,4194304.0,38273024.0,545259520.0,67108864.0,612368384.0,16.0,16.0,603160112.0,251828476.0,854988588.0,17127804.0,0.0,0.0,0.0,31370776.0,31306995.410714287,2483027968.0,1.4134115553268438,1314.6296018442954,33727968.0,144965632.0,213739253.0
test,l1config-85_l2config-25,33,32.0,2.0,3.0,16.0,8.0,12.5,7.977473809102806,12.464802826723135,30.235130351948257,0.0,98.64674928993429,34078720.0,4194304.0,38273024.0,545259520.0,67108864.0,612368384.0,16.0,16.0,603148976.0,251808448.0,854957424.0,17129820.0,0.0,0.0,0.0,31380113.0,31316822.160714287,2483027968.0,1.4129908662032782,1314.3926617658558,33734048.0,144965632.0,213773648.0
test,l1config-85_l2config-25,34,32.0,2.0,3.0,16.0,8.0,12.5,7.977425664211974,12.464727600331209,30.231949609733793,0.0,98.64377923589876,34078720.0,4194304.0,38273024.0,545259520.0,67108864.0,612368384.0,16.0,16.0,603152332.0,251805216.0,854957548.0,17141524.0,0.0,0.0,0.0,31361803.0,31311699.625,2483027968.0,1.4138159501598173,1314.3664788934707,33734720.0,144965632.0,213714468.0
test,l1config-85_l2config-25,35,32.0,2.0,3.0,16.0,8.0,12.5,7.977376864066887,12.46465135010451,30.227146319728227,0.0,98.6595097645552,34078720.0,4194304.0,38273024.0,545259520.0,67108864.0,612368384.0,16.0,16.0,603130040.0,251846520.0,854976560.0,17131652.0,0.0,0.0,0.0,31362773.0,31309872.42857143,2483027968.0,1.413771524370651,1314.5971734202562,33728800.0,144965632.0,213753425.0
test,l1config-85_l2config-25,36,32.0,2.0,3.0,16.0,8.0,12.5,7.977449949413441,12.464765545958501,30.237339909933723,0.0,98.62052389614988,34078720.0,4194304.0,38273024.0,545259520.0,67108864.0,612368384.0,16.0,16.0,603106612.0,251796808.0,854903420.0,17149240.0,0.0,0.0,0.0,31362109.0,31318314.285714287,2483027968.0,1.4138017385623083,1314.7481039205525,33724928.0,144965632.0,213739588.0
test,l1config-85_l2config-25,37,32.0,2.0,3.0,16.0,8.0,12.5,7.977360678849847,12.464626060702885,30.233846141078953,0.0,98.60223465408605,34078720.0,4194304.0,38273024.0,545259520.0,67108864.0,612368384.0,16.0,16.0,603204324.0,251848688.0,855053012.0,17129136.0,0.0,0.0,0.0,31370161.0,31315633.26785714,2483027968.0,1.4134389831343346,1314.5647465960237,33729632.0,144965632.0,213750510.0
test,l1config-85_l2config-25,38,32.0,2.0,3.0,16.0,8.0,12.5,7.977378858134094,12.464654465834522,30.23976877984453,0.0,98.61245849973432,34078720.0,4194304.0,38273024.0,545259520.0,67108864.0,612368384.0,16.0,16.0,603217204.0,251782924.0,855000128.0,17142840.0,0.0,0.0,0.0,31361170.0,31325798.035714287,2483027968.0,1.413843855761468,1314.689473907502,33726432.0,144965632.0,213728201.0
test,l1config-85_l2config-25,39,32.0,2.0,3.0,16.0,8.0,12.5,7.977505873113743,12.464852926740223,30.230097383651263,0.0,98.64302047242663,34078720.0,4194304.0,38273024.0,545259520.0,67108864.0,612368384.0,16.0,16.0,603153004.0,251831628.0,854984632.0,17136564.0,0.0,0.0,0.0,31367387.0,31309239.23214286,2483027968.0,1.4135639367441784,1314.8479117141815,33722368.0,144965632.0,213754371.0
test,l1config-85_l2config-25,40,32.0,2.0,3.0,16.0,8.0,12.5,7.977428458628726,12.464731966607385,30.236129303823773,0.0,98.64418029428455,34078720.0,4194304.0,38273024.0,545259520.0,67108864.0,612368384.0,16.0,16.0,603188676.0,251826356.0,855015032.0,17155064.0,0.0,0.0,0.0,31358655.0,31313185.285714287,2483027968.0,1.413957405502097,1314.774301999639,33724256.0,144965632.0,213743925.0
test,l1config-85_l2config-25,41,32.0,2.0,3.0,16.0,8.0,12.5,7.97744874163356,12.464763658802438,30.230422419322256,0.0,98.6296741124434,34078720.0,4194304.0,38273024.0,545259520.0,67108864.0,612368384.0,16.0,16.0,603122648.0,251851504.0,854974152.0,17132868.0,0.0,0.0,0.0,31364862.0,31316203.035714287,2483027968.0,1.4136774415253004,1314.8005011228088,33723584.0,144965632.0,213743419.0
test,l1config-85_l2config-25,42,32.0,2.0,3.0,16.0,8.0,12.5,7.977454976652862,12.464773401020098,30.22625185457356,0.0,98.64322051540043,34078720.0,4194304.0,38273024.0,545259520.0,67108864.0,612368384.0,16.0,16.0,603154828.0,251832664.0,854987492.0,17136724.0,0.0,0.0,0.0,31359192.0,31316201.76785714,2483027968.0,1.4139331250192364,1314.5772182621793,33729312.0,144965632.0,213748354.0
test,l1config-85_l2config-25,43,32.0,2.0,3.0,16.0,8.0,12.5,7.977402262396625,12.464691034994727,30.23007654495955,0.0,98.62279686334759,34078720.0,4194304.0,38273024.0,545259520.0,67108864.0,612368384.0,16.0,16.0,603225892.0,251822540.0,855048432.0,17140532.0,0.0,0.0,0.0,31368746.0,31315269.80357143,2483027968.0,1.4135025949639977,1314.5535222988117,33729920.0,144965632.0,213758710.0
test,l1config-85_l2config-25,44,32.0,2.0,3.0,16.0,8.0,12.5,7.977441191755117,12.464751862117371,30.23217023905852,0.0,98.63288901478526,34078720.0,4194304.0,38273024.0,545259520.0,67108864.0,612368384.0,16.0,16.0,603119864.0,251795408.0,854915272.0,17146900.0,0.0,0.0,0.0,31370885.0,31313209.05357143,2483027968.0,1.4134063514851543,1314.5335684659224,33730432.0,144965632.0,213753235.0
test,l1config-85_l2config-25,45,32.0,2.0,3.0,16.0,8.0,12.5,7.977410459009856,12.4647038422029,30.235010475577752,0.0,98.61591648031508,34078720.0,4194304.0,38273024.0,545259520.0,67108864.0,612368384.0,16.0,16.0,603176628.0,251824620.0,855001248.0,17131696.0,0.0,0.0,0.0,31372313.0,31310297.55357143,2483027968.0,1.4133418923549783,1314.7568364975757,33724704.0,144965632.0,213725797.0
test,l1config-85_l2config-25,46,32.0,2.0,3.0,16.0,8.0,12.5,7.977487136091206,12.46482365014251,30.228727086670272,0.0,98.61663363802448,34078720.0,4194304.0,38273024.0,545259520.0,67108864.0,612368384.0,16.0,16.0,603142324.0,251808928.0,854951252.0,17128548.0,0.0,0.0,0.0,31365027.0,31312681.75,2483027968.0,1.4136701962343996,1314.5198505571984,33730784.0,144965632.0,213751561.0
test,l1config-85_l2config-25,47,32.0,2.0,3.0,16.0,8.0,12.5,7.977433022707631,12.464739097980674,30.23992300217308,0.0,98.62750471454217,34078720.0,4194304.0,38273024.0,545259520.0,67108864.0,612368384.0,16.0,16.0,603152176.0,251827100.0,854979276.0,17128588.0,0.0,0.0,0.0,31364184.0,31309307.375,2483027968.0,1.4137080911668591,1314.672010659069,33726880.0,144965632.0,213762519.0
test,l1config-85_l2config-25,48,32.0,2.0,3.0,16.0,8.0,12.5,7.977436159028308,12.464743998481731,30.233567501614544,0.0,98.62406647016584,34078720.0,4194304.0,38273024.0,545259520.0,67108864.0,612368384.0,16.0,16.0,603243920.0,251812084.0,855056004.0,17131980.0,0.0,0.0,0.0,31363710.0,31319309.92857143,2483027968.0,1.4137295692444014,1314.741866436557,33725088.0,144965632.0,213758704.0
test,l1config-85_l2config-25,49,32.0,2.0,3.0,16.0,8.0,12.5,7.977459508501088,12.46478048203295,30.24638523011374,0.0,98.60375282496658,34078720.0,4194304.0,38273024.0,545259520.0,67108864.0,612368384.0,16.0,16.0,603116224.0,251819004.0,854935228.0,17144612.0,0.0,0.0,0.0,31364358.0,31305923.07142857,2483027968.0,1.4137002596063042,1314.643322043786,33727616.0,144965632.0,213758412.0
test,l1config-25_l2config-70,0,32.0,2.0,1.0,16.0,4.0,6.25,3.9982245859434955,6.247225915536712,46.379338965339706,0.0,98.59505329750957,34078720.0,4194304.0,38273024.0,545259520.0,67108864.0,612368384.0,16.0,16.0,545262660.0,276365968.0,821628628.0,17405344.0,0.0,0.0,0.0,40255047.0,40110643.33928572,2483027968.0,1.1014716658823565,1024.071031953969,43297568.0,144965632.0,205402943.0
test,l1config-25_l2config-70,1,32.0,2.0,1.0,16.0,4.0,6.25,3.9982336764833817,6.247240119505284,46.37956693677093,0.0,98.60436710208998,34078720.0,4194304.0,38273024.0,545259520.0,67108864.0,612368384.0,16.0,16.0,545263228.0,276356812.0,821620040.0,17437008.0,0.0,0.0,0.0,40258139.0,40109057.46428572,2483027968.0,1.1013870612166177,1024.702643968811,43270880.0,144965632.0,205407135.0
test,l1config-25_l2config-70,2,32.0,2.0,1.0,16.0,4.0,6.25,3.9982232216435625,6.247223783818066,46.379722083575786,0.0,98.56013166216019,34078720.0,4194304.0,38273024.0,545259520.0,67108864.0,612368384.0,16.0,16.0,545263628.0,276340652.0,821604280.0,17250036.0,0.0,0.0,0.0,40262885.0,40123884.75,2483027968.0,1.1012571801492028,1024.7102219813457,43270560.0,144965632.0,205402399.0
test,l1config-25_l2config-70,3,32.0,2.0,1.0,16.0,4.0,6.25,3.9982329608109914,6.247239001267174,46.379457225828865,0.0,98.58937532929276,34078720.0,4194304.0,38273024.0,545259520.0,67108864.0,612368384.0,16.0,16.0,545263152.0,276349948.0,821613100.0,17437432.0,0.0,0.0,0.0,40229128.0,40125413.75,2483027968.0,1.1021813201921016,1024.6829416607582,43271712.0,144965632.0,205403078.0
test,l1config-25_l2config-70,4,32.0,2.0,1.0,16.0,4.0,6.25,3.9982345703814755,6.247241516221055,46.37964431297594,0.0,98.57789113255627,34078720.0,4194304.0,38273024.0,545259520.0,67108864.0,612368384.0,16.0,16.0,545263244.0,276345496.0,821608740.0,17402292.0,0.0,0.0,0.0,40248433.0,40083565.803571425,2483027968.0,1.1016525879580688,1024.5511072520533,43277280.0,144965632.0,205408455.0
test,l1config-25_l2config-70,5,32.0,2.0,1.0,16.0,4.0,6.25,3.9982274348504303,6.247230366953797,46.379756104830584,0.0,98.60146273938135,34078720.0,4194304.0,38273024.0,545259520.0,67108864.0,612368384.0,16.0,16.0,545262044.0,276338884.0,821600928.0,17298712.0,0.0,0.0,0.0,40259939.0,40100661.875,2483027968.0,1.1013378187903062,1024.3973433107392,43283776.0,144965632.0,205404140.0
test,l1config-25_l2config-70,6,32.0,2.0,1.0,16.0,4.0,6.25,3.998219840979832,6.247218501530988,46.38001356276341,0.0,98.59354201647112,34078720.0,4194304.0,38273024.0,545259520.0,67108864.0,612368384.0,16.0,16.0,545263068.0,276342120.0,821605188.0,17429100.0,0.0,0.0,0.0,40280505.0,40128858.821428575,2483027968.0,1.100775433960931,1025.3858730941035,43242048.0,144965632.0,205406019.0
test,l1config-25_l2config-70,7,32.0,2.0,1.0,16.0,4.0,6.25,3.9982240685314894,6.247225107080452,46.37999138923998,0.0,98.59578151200145,34078720.0,4194304.0,38273024.0,545259520.0,67108864.0,612368384.0,16.0,16.0,545262960.0,276343096.0,821606056.0,17399468.0,0.0,0.0,0.0,40268303.0,40123753.071428575,2483027968.0,1.10110895402616,1024.62080857479,43274336.0,144965632.0,205403810.0
test,l1config-25_l2config-70,8,32.0,2.0,1.0,16.0,4.0,6.25,3.9982273254469645,6.247230196010882,46.37998304522804,0.0,98.59893823628528,34078720.0,4194304.0,38273024.0,545259520.0,67108864.0,612368384.0,16.0,16.0,545263628.0,276354340.0,821617968.0,17404716.0,0.0,0.0,0.0,40249398.0,40111786.303571425,2483027968.0,1.1016260726305327,1023.9908108932723,43300960.0,144965632.0,205403689.0
test,l1config-25_l2config-70,9,32.0,2.0,1.0,16.0,4.0,6.25,3.998224408235274,6.247225637867616,46.37950795293952,0.0,98.59524074890932,34078720.0,4194304.0,38273024.0,545259520.0,67108864.0,612368384.0,16.0,16.0,545262956.0,276359440.0,821622396.0,17403328.0,0.0,0.0,0.0,40293680.0,40117450.25,2483027968.0,1.1004155905114144,1024.6306584394742,43273920.0,144965632.0,205400486.0
test,l1config-25_l2config-70,10,32.0,2.0,1.0,16.0,4.0,6.25,3.9982405515542547,6.247250861803523,46.37959966193015,0.0,98.59656927352334,34078720.0,4194304.0,38273024.0,545259520.0,67108864.0,612368384.0,16.0,16.0,545263720.0,276354496.0,821618216.0,17428896.0,0.0,0.0,0.0,40277194.0,40102766.39285714,2483027968.0,1.1008658074167244,1025.1476631989613,43252096.0,144965632.0,205403040.0
test,l1config-25_l2config-70,11,32.0,2.0,1.0,16.0,4.0,6.25,3.998212231928728,6.247206612388637,46.379696460577776,0.0,98.62045893974883,34078720.0,4194304.0,38273024.0,545259520.0,67108864.0,612368384.0,16.0,16.0,545262080.0,276352976.0,821615056.0,17399888.0,0.0,0.0,0.0,40258867.0,40145487.875,2483027968.0,1.1013669465213434,1024.8337593908218,43265344.0,144965632.0,205402658.0
test,l1config-25_l2config-70,12,32.0,2.0,1.0,16.0,4.0,6.25,3.998215717002163,6.247212057815879,46.379728695307755,0.0,98.59819207738488,34078720.0,4194304.0,38273024.0,545259520.0,67108864.0,612368384.0,16.0,16.0,545263692.0,276355084.0,821618776.0,17398188.0,0.0,0.0,0.0,40228380.0,40121298.071428575,2483027968.0,1.10220171808221,1024.9080477551477,43262208.0,144965632.0,205405110.0
test,l1config-25_l2config-70,13,32.0,2.0,1.0,16.0,4.0,6.25,3.9982359502026026,6.2472436721915665,46.380228204062675,0.0,98.55992461314571,34078720.0,4194304.0,38273024.0,545259520.0,67108864.0,612368384.0,16.0,16.0,545262700.0,276354492.0,821617192.0,17223992.0,0.0,0.0,0.0,40263141.0,40100281.16071428,2483027968.0,1.1012502055163425,1023.880338309279,43305632.0,144965632.0,205406302.0
test,l1config-25_l2config-70,14,32.0,2.0,1.0,16.0,4.0,6.25,3.9982238023705543,6.247224691203991,46.37996829587509,0.0,98.59443736848415,34078720.0,4194304.0,38273024.0,545259520.0,67108864.0,612368384.0,16.0,16.0,545263296.0,276358976.0,821622272.0,17421216.0,0.0,0.0,0.0,40252574.0,40132378.58928572,2483027968.0,1.1015391592046038,1025.4518935118124,43239264.0,144965632.0,205399900.0
test,l1config-25_l2config-70,15,32.0,2.0,1.0,16.0,4.0,6.25,3.9982241967044794,6.247225307350749,46.38013955946994,0.0,98.59052908846773,34078720.0,4194304.0,38273024.0,545259520.0,67108864.0,612368384.0,16.0,16.0,545262768.0,276361008.0,821623776.0,17397468.0,0.0,0.0,0.0,40277722.0,40126991.0,2483027968.0,1.1008515538395647,1024.7609975566738,43268416.0,144965632.0,205402819.0
test,l1config-25_l2config-70,16,32.0,2.0,1.0,16.0,4.0,6.25,3.998216312775682,6.247212988712003,46.37967335999291,0.0,98.58899964901045,34078720.0,4194304.0,38273024.0,545259520.0,67108864.0,612368384.0,16.0,16.0,545263232.0,276341056.0,821604288.0,17413620.0,0.0,0.0,0.0,40244891.0,40134959.375,2483027968.0,1.1017494225116549,1024.6465701594004,43273248.0,144965632.0,205402331.0
test,l1config-25_l2config-70,17,32.0,2.0,1.0,16.0,4.0,6.25,3.998222243438359,6.247222255372436,46.379712190073086,0.0,98.59090832234165,34078720.0,4194304.0,38273024.0,545259520.0,67108864.0,612368384.0,16.0,16.0,545263100.0,276344800.0,821607900.0,17386092.0,0.0,0.0,0.0,40255319.0,40131177.58928572,2483027968.0,1.1014642165384099,1023.7978777416197,43309120.0,144965632.0,205404234.0
test,l1config-25_l2config-70,18,32.0,2.0,1.0,16.0,4.0,6.25,3.9982191844938435,6.24721747577163,46.38004549314489,0.0,98.5999646251151,34078720.0,4194304.0,38273024.0,545259520.0,67108864.0,612368384.0,16.0,16.0,545262628.0,276335800.0,821598428.0,17399116.0,0.0,0.0,0.0,40221157.0,40128063.98214286,2483027968.0,1.1023996263970233,1025.2083431104818,43249536.0,144965632.0,205403311.0
test,l1config-25_l2config-70,19,32.0,2.0,1.0,16.0,4.0,6.25,3.9982337251878235,6.247240195605974,46.37947725620383,0.0,98.61106598491237,34078720.0,4194304.0,38273024.0,545259520.0,67108864.0,612368384.0,16.0,16.0,545262468.0,276338240.0,821600708.0,17423676.0,0.0,0.0,0.0,40250531.0,40104117.64285714,2483027968.0,1.1015951522387752,1024.4124904179112,43283136.0,144965632.0,205405086.0
test,l1config-25_l2config-70,20,32.0,2.0,1.0,16.0,4.0,6.25,3.9982190859056432,6.247217321727567,46.37952691578375,0.0,98.58784400317505,34078720.0,4194304.0,38273024.0,545259520.0,67108864.0,612368384.0,16.0,16.0,545263372.0,276360192.0,821623564.0,17447640.0,0.0,0.0,0.0,40245659.0,40120909.303571425,2483027968.0,1.1017284596378032,1023.8061988477054,43308768.0,144965632.0,205403404.0
test,l1config-25_l2config-70,21,32.0,2.0,1.0,16.0,4.0,6.25,3.998211944875372,6.247206163867769,46.37973206741933,0.0,98.59851151127438,34078720.0,4194304.0,38273024.0,545259520.0,67108864.0,612368384.0,16.0,16.0,545263076.0,276345100.0,821608176.0,17402268.0,0.0,0.0,0.0,40241481.0,40121166.375,2483027968.0,1.1018429746961527,1025.5247534948764,43236192.0,144965632.0,205403576.0
test,l1config-25_l2config-70,22,32.0,2.0,1.0,16.0,4.0,6.25,3.998229432567144,6.247233488386163,46.37976323285082,0.0,98.58945757241426,34078720.0,4194304.0,38273024.0,545259520.0,67108864.0,612368384.0,16.0,16.0,545263452.0,276354780.0,821618232.0,17447252.0,0.0,0.0,0.0,40247033.0,40118918.196428575,2483027968.0,1.1016909844146654,1024.820115759867,43265920.0,144965632.0,205403542.0
test,l1config-25_l2config-70,23,32.0,2.0,1.0,16.0,4.0,6.25,3.99823816058461,6.247247125913453,46.38011715409841,0.0,98.5644209263919,34078720.0,4194304.0,38273024.0,545259520.0,67108864.0,612368384.0,16.0,16.0,545262928.0,276343684.0,821606612.0,17405572.0,0.0,0.0,0.0,40237971.0,40089878.76785714,2483027968.0,1.1019389047680013,1024.864079871395,43264064.0,144965632.0,205403544.0
test,l1config-25_l2config-70,24,32.0,2.0,1.0,16.0,4.0,6.25,3.9982214562129115,6.247221025332674,46.3796920765866,0.0,98.62335344917797,34078720.0,4194304.0,38273024.0,545259520.0,67108864.0,612368384.0,16.0,16.0,545263660.0,276348072.0,821611732.0,17406108.0,0.0,0.0,0.0,40234056.0,40137230.21428572,2483027968.0,1.1020462460353688,1025.3016524885106,43245600.0,144965632.0,205402219.0
test,l1config-25_l2config-70,25,32.0,2.0,1.0,16.0,4.0,6.25,3.998205838807669,6.247196623136983,46.379652679838365,0.0,98.59751200060695,34078720.0,4194304.0,38273024.0,545259520.0,67108864.0,612368384.0,16.0,16.0,545262288.0,276355696.0,821617984.0,17395148.0,0.0,0.0,0.0,40237038.0,40139947.303571425,2483027968.0,1.101964456077492,1025.0907823052,43254496.0,144965632.0,205406739.0
test,l1config-25_l2config-70,26,32.0,2.0,1.0,16.0,4.0,6.25,3.998229126530189,6.24723301020342,46.37965130579496,0.0,98.59487002291984,34078720.0,4194304.0,38273024.0,545259520.0,67108864.0,612368384.0,16.0,16.0,545262724.0,276354392.0,821617116.0,17282632.0,0.0,0.0,0.0,40268388.0,40119810.0,2483027968.0,1.1011067528134268,1023.499163996503,43321760.0,144965632.0,205402983.0
test,l1config-25_l2config-70,27,32.0,2.0,1.0,16.0,4.0,6.25,3.998220539938467,6.247219593653855,46.379455132355695,0.0,98.60328514139638,34078720.0,4194304.0,38273024.0,545259520.0,67108864.0,612368384.0,16.0,16.0,545263528.0,276350896.0,821614424.0,17398740.0,0.0,0.0,0.0,40235574.0,40153371.78571428,2483027968.0,1.102004572380721,1024.5730772976692,43276352.0,144965632.0,205404711.0
test,l1config-25_l2config-70,28,32.0,2.0,1.0,16.0,4.0,6.25,3.998206927537391,6.247198324277173,46.37978449391369,0.0,98.5605845730187,34078720.0,4194304.0,38273024.0,545259520.0,67108864.0,612368384.0,16.0,16.0,545262892.0,276351988.0,821614880.0,17318180.0,0.0,0.0,0.0,40250219.0,40132968.928571425,2483027968.0,1.1016037870573199,1025.1362865152155,43252576.0,144965632.0,205405658.0
test,l1config-25_l2config-70,29,32.0,2.0,1.0,16.0,4.0,6.25,3.998215753079048,6.247212114186013,46.37946408338348,0.0,98.5977143860457,34078720.0,4194304.0,38273024.0,545259520.0,67108864.0,612368384.0,16.0,16.0,545263136.0,276350376.0,821613512.0,17425768.0,0.0,0.0,0.0,40244152.0,40144027.321428575,2483027968.0,1.1017698797057798,1024.69961279518,43271008.0,144965632.0,205405145.0
test,l1config-25_l2config-70,30,32.0,2.0,1.0,16.0,4.0,6.25,3.9982308444416446,6.24723569444007,46.379745080534306,0.0,98.58968144695748,34078720.0,4194304.0,38273024.0,545259520.0,67108864.0,612368384.0,16.0,16.0,545262828.0,276346596.0,821609424.0,17421520.0,0.0,0.0,0.0,40252095.0,40103798.0,2483027968.0,1.1015524385625253,1024.5298956882366,43278176.0,144965632.0,205402330.0
test,l1config-25_l2config-70,31,32.0,2.0,1.0,16.0,4.0,6.25,3.998232238539018,6.247237872717216,46.37994733363598,0.0,98.60192609826638,34078720.0,4194304.0,38273024.0,545259520.0,67108864.0,612368384.0,16.0,16.0,545263164.0,276348268.0,821611432.0,17399684.0,0.0,0.0,0.0,40236256.0,40082128.96428572,2483027968.0,1.1019860167724536,1024.553379971699,43277184.0,144965632.0,205402648.0
test,l1config-25_l2config-70,32,32.0,2.0,1.0,16.0,4.0,6.25,3.9982256556915443,6.247227587018038,46.379455101128016,0.0,98.57229959733344,34078720.0,4194304.0,38273024.0,545259520.0,67108864.0,612368384.0,16.0,16.0,545263760.0,276360116.0,821623876.0,17426196.0,0.0,0.0,0.0,40259859.0,40105096.66071428,2483027968.0,1.1013398020807064,1025.2417201238663,43248128.0,144965632.0,205404575.0
test,l1config-25_l2config-70,33,32.0,2.0,1.0,16.0,4.0,6.25,3.9982221973958425,6.2472221834310036,46.37953784774334,0.0,98.6038653534192,34078720.0,4194304.0,38273024.0,545259520.0,67108864.0,612368384.0,16.0,16.0,545263080.0,276342248.0,821605328.0,17421376.0,0.0,0.0,0.0,40287267.0,40127566.85714286,2483027968.0,1.1005907020511885,1024.2769397426816,43288864.0,144965632.0,205407181.0
test,l1config-25_l2config-70,34,32.0,2.0,1.0,16.0,4.0,6.25,3.998233962009999,6.247240565640624,46.379914230510295,0.0,98.58826834967026,34078720.0,4194304.0,38273024.0,545259520.0,67108864.0,612368384.0,16.0,16.0,545262820.0,276342040.0,821604860.0,17401756.0,0.0,0.0,0.0,40240113.0,40099545.89285714,2483027968.0,1.101880446569089,1024.7519030538665,43268800.0,144965632.0,205405652.0
test,l1config-25_l2config-70,35,32.0,2.0,1.0,16.0,4.0,6.25,3.9982093095022635,6.247202046097287,46.37983783309609,0.0,98.62153290689336,34078720.0,4194304.0,38273024.0,545259520.0,67108864.0,612368384.0,16.0,16.0,545262944.0,276350892.0,821613836.0,17398192.0,0.0,0.0,0.0,40257256.0,40117585.178571425,2483027968.0,1.101411123214698,1024.560198191135,43276896.0,144965632.0,205401787.0
test,l1config-25_l2config-70,36,32.0,2.0,1.0,16.0,4.0,6.25,3.9982168110563285,6.247213767275514,46.37972716438766,0.0,98.58169977889493,34078720.0,4194304.0,38273024.0,545259520.0,67108864.0,612368384.0,16.0,16.0,545262976.0,276356196.0,821619172.0,17409216.0,0.0,0.0,0.0,40249211.0,40132735.375,2483027968.0,1.1016312729554434,1024.8276955099927,43265600.0,144965632.0,205405530.0
test,l1config-25_l2config-70,37,32.0,2.0,1.0,16.0,4.0,6.25,3.9982434377399123,6.247255371468613,46.379408396476556,0.0,98.59366404969772,34078720.0,4194304.0,38273024.0,545259520.0,67108864.0,612368384.0,16.0,16.0,545264048.0,276356192.0,821620240.0,17435952.0,0.0,0.0,0.0,40238581.0,40076616.14285714,2483027968.0,1.1019223367600859,1024.643539317504,43273376.0,144965632.0,205402684.0
test,l1config-25_l2config-70,38,32.0,2.0,1.0,16.0,4.0,6.25,3.9982210148090265,6.247220335639104,46.380073937011964,0.0,98.62699090490473,34078720.0,4194304.0,38273024.0,545259520.0,67108864.0,612368384.0,16.0,16.0,545262808.0,276354760.0,821617568.0,17431564.0,0.0,0.0,0.0,40254133.0,40123637.625,2483027968.0,1.1014966003699582,1023.4213002022927,43325056.0,144965632.0,205403232.0
test,l1config-25_l2config-70,39,32.0,2.0,1.0,16.0,4.0,6.25,3.9982023219975376,6.247191128121153,46.379911991875225,0.0,98.59106745415276,34078720.0,4194304.0,38273024.0,545259520.0,67108864.0,612368384.0,16.0,16.0,545263248.0,276341808.0,821605056.0,17426824.0,0.0,0.0,0.0,40291313.0,40164391.375,2483027968.0,1.1004801070716526,1024.054381266235,43298272.0,144965632.0,205403255.0
test,l1config-25_l2config-70,40,32.0,2.0,1.0,16.0,4.0,6.25,3.9982339582391124,6.247240559748613,46.37990983789034,0.0,98.5950341200012,34078720.0,4194304.0,38273024.0,545259520.0,67108864.0,612368384.0,16.0,16.0,545263252.0,276351308.0,821614560.0,17205396.0,0.0,0.0,0.0,40265716.0,40087811.946428575,2483027968.0,1.1011797666763392,1023.920438614567,43303936.0,144965632.0,205407080.0
test,l1config-25_l2config-70,41,32.0,2.0,1.0,16.0,4.0,6.25,3.998217358792758,6.247214623113685,46.37948650634193,0.0,98.59334185171289,34078720.0,4194304.0,38273024.0,545259520.0,67108864.0,612368384.0,16.0,16.0,545263096.0,276363804.0,821626900.0,17393352.0,0.0,0.0,0.0,40254823.0,40124511.23214286,2483027968.0,1.1014777266717881,1024.0960090008439,43296512.0,144965632.0,205406052.0
test,l1config-25_l2config-70,42,32.0,2.0,1.0,16.0,4.0,6.25,3.998218045883985,6.2472156966937264,46.37964924479689,0.0,98.61155997642597,34078720.0,4194304.0,38273024.0,545259520.0,67108864.0,612368384.0,16.0,16.0,545263024.0,276343464.0,821606488.0,17440584.0,0.0,0.0,0.0,40242265.0,40121203.01785714,2483027968.0,1.1018214401328799,1024.6223239262613,43274272.0,144965632.0,205404573.0
test,l1config-25_l2config-70,43,32.0,2.0,1.0,16.0,4.0,6.25,3.9982267477997007,6.247229293437032,46.379797364993536,0.0,98.57631353836919,34078720.0,4194304.0,38273024.0,545259520.0,67108864.0,612368384.0,16.0,16.0,545263044.0,276353348.0,821616392.0,17410008.0,0.0,0.0,0.0,40273932.0,40102888.75,2483027968.0,1.1009552115917773,1024.3147994490282,43287264.0,144965632.0,205403722.0
test,l1config-25_l2config-70,44,32.0,2.0,1.0,16.0,4.0,6.25,3.998232166402489,6.247237760003889,46.37967914255297,0.0,98.57205019177219,34078720.0,4194304.0,38273024.0,545259520.0,67108864.0,612368384.0,16.0,16.0,545262032.0,276361388.0,821623420.0,17421820.0,0.0,0.0,0.0,40246490.0,40102897.75,2483027968.0,1.1017058140602691,1024.6965816394822,43271136.0,144965632.0,205407270.0
test,l1config-25_l2config-70,45,32.0,2.0,1.0,16.0,4.0,6.25,3.998216367498259,6.24721307421603,46.37986217079492,0.0,98.61600022216318,34078720.0,4194304.0,38273024.0,545259520.0,67108864.0,612368384.0,16.0,16.0,545263800.0,276342564.0,821606364.0,17254960.0,0.0,0.0,0.0,40257621.0,40122895.23214286,2483027968.0,1.1014012123894585,1023.6284591804621,43316288.0,144965632.0,205398469.0
test,l1config-25_l2config-70,46,32.0,2.0,1.0,16.0,4.0,6.25,3.99823756030053,6.247246187969578,46.379218910380956,0.0,98.58315951521118,34078720.0,4194304.0,38273024.0,545259520.0,67108864.0,612368384.0,16.0,16.0,545263016.0,276347820.0,821610836.0,17402980.0,0.0,0.0,0.0,40269037.0,40106741.98214286,2483027968.0,1.1010887948010613,1024.5920177484309,43275552.0,144965632.0,205401228.0
test,l1config-25_l2config-70,47,32.0,2.0,1.0,16.0,4.0,6.25,3.99824364398336,6.247255693724,46.3791411779708,0.0,98.59875518988787,34078720.0,4194304.0,38273024.0,545259520.0,67108864.0,612368384.0,16.0,16.0,545263708.0,276356920.0,821620628.0,17430704.0,0.0,0.0,0.0,40270279.0,40084392.696428575,2483027968.0,1.1010550131768018,1023.9007663742049,43304768.0,144965632.0,205403336.0
test,l1config-25_l2config-70,48,32.0,2.0,1.0,16.0,4.0,6.25,3.9982415159215057,6.247252368627352,46.37947359452706,0.0,98.58894007646406,34078720.0,4194304.0,38273024.0,545259520.0,67108864.0,612368384.0,16.0,16.0,545262760.0,276347164.0,821609924.0,17447752.0,0.0,0.0,0.0,40245054.0,40101646.64285714,2483027968.0,1.101744973908244,1024.9975113027015,43258432.0,144965632.0,205400670.0
test,l1config-25_l2config-70,49,32.0,2.0,1.0,16.0,4.0,6.25,3.9982273018836474,6.247230159193199,46.37955227308317,0.0,98.60578655014126,34078720.0,4194304.0,38273024.0,545259520.0,67108864.0,612368384.0,16.0,16.0,545263816.0,276349416.0,821613232.0,17421208.0,0.0,0.0,0.0,40267776.0,40101441.60714286,2483027968.0,1.1011234535386423,1024.3375166162753,43286304.0,144965632.0,205404107.0
test,l1config-10_l2config-10,0,32.0,2.0,1.0,16.0,4.0,6.25,3.9982282727933054,6.24723167623954,46.38007423641058,0.0,98.59261321805806,34078720.0,4194304.0,38273024.0,545259520.0,67108864.0,612368384.0,16.0,16.0,545263440.0,276355176.0,821618616.0,17429256.0,0.0,0.0,0.0,40260043.0,40120615.321428575,2483027968.0,1.101334946451356,1024.9732484582594,43259456.0,144965632.0,205398598.0
test,l1config-10_l2config-10,1,32.0,2.0,1.0,16.0,4.0,6.25,3.9982220435576665,6.247221943058854,46.37967978576537,0.0,98.59466102823356,34078720.0,4194304.0,38273024.0,545259520.0,67108864.0,612368384.0,16.0,16.0,545262544.0,276342732.0,821605276.0,17459636.0,0.0,0.0,0.0,40256771.0,40129116.625,2483027968.0,1.1014244063257574,1024.5518648241482,43277248.0,144965632.0,205403982.0
test,l1config-10_l2config-10,2,32.0,2.0,1.0,16.0,4.0,6.25,3.99823861140891,6.247247830326422,46.379311013150584,0.0,98.57515151714045,34078720.0,4194304.0,38273024.0,545259520.0,67108864.0,612368384.0,16.0,16.0,545262736.0,276348908.0,821611644.0,17430328.0,0.0,0.0,0.0,40255300.0,40086473.53571428,2483027968.0,1.1014647432563887,1024.809504298053,43266368.0,144965632.0,205403289.0
test,l1config-10_l2config-10,3,32.0,2.0,1.0,16.0,4.0,6.25,3.9982224236351755,6.247222536929962,46.38009222124438,0.0,98.58596518451385,34078720.0,4194304.0,38273024.0,545259520.0,67108864.0,612368384.0,16.0,16.0,545262772.0,276341440.0,821604212.0,17420588.0,0.0,0.0,0.0,40253776.0,40108704.821428575,2483027968.0,1.101506355568624,1024.0816281280865,43297120.0,144965632.0,205404530.0
test,l1config-10_l2config-10,4,32.0,2.0,1.0,16.0,4.0,6.25,3.998220835699194,6.247220055779991,46.37933452605487,0.0,98.61021539489522,34078720.0,4194304.0,38273024.0,545259520.0,67108864.0,612368384.0,16.0,16.0,545263156.0,276348588.0,821611744.0,17428632.0,0.0,0.0,0.0,40237837.0,40146878.41071428,2483027968.0,1.101942622368793,1023.6519021561606,43315296.0,144965632.0,205399843.0
test,l1config-10_l2config-10,5,32.0,2.0,1.0,16.0,4.0,6.25,3.9982127851364937,6.247207476775771,46.37979512337035,0.0,98.54068908070481,34078720.0,4194304.0,38273024.0,545259520.0,67108864.0,612368384.0,16.0,16.0,545263224.0,276345020.0,821608244.0,17433460.0,0.0,0.0,0.0,40244572.0,40143146.76785714,2483027968.0,1.1017581555668348,1025.5095734779352,43236832.0,144965632.0,205404080.0
test,l1config-10_l2config-10,6,32.0,2.0,1.0,16.0,4.0,6.25,3.99822270207526,6.247222971992594,46.38020258209092,0.0,98.6071330325849,34078720.0,4194304.0,38273024.0,545259520.0,67108864.0,612368384.0,16.0,16.0,545262800.0,276366192.0,821628992.0,17409224.0,0.0,0.0,0.0,40253663.0,40118103.125,2483027968.0,1.1015093519406294,1024.1664054157447,43293536.0,144965632.0,205400660.0
test,l1config-10_l2config-10,7,32.0,2.0,1.0,16.0,4.0,6.25,3.9982271613082987,6.247229939544217,46.37954515677081,0.0,98.59189791450514,34078720.0,4194304.0,38273024.0,545259520.0,67108864.0,612368384.0,16.0,16.0,545262628.0,276350168.0,821612796.0,17431456.0,0.0,0.0,0.0,40255166.0,40097939.48214286,2483027968.0,1.1014684097747185,1024.9520194116112,43260352.0,144965632.0,205403563.0
test,l1config-10_l2config-10,8,32.0,2.0,1.0,16.0,4.0,6.25,3.998223942576691,6.2472249102760795,46.37988726667938,0.0,98.60674372422298,34078720.0,4194304.0,38273024.0,545259520.0,67108864.0,612368384.0,16.0,16.0,545262580.0,276352224.0,821614804.0,17222064.0,0.0,0.0,0.0,40263619.0,40118273.321428575,2483027968.0,1.1012370770353253,1023.6125790650391,43316960.0,144965632.0,205409287.0
test,l1config-10_l2config-10,9,32.0,2.0,1.0,16.0,4.0,6.25,3.998220854567246,6.247220085261322,46.37960126369539,0.0,98.59125716677194,34078720.0,4194304.0,38273024.0,545259520.0,67108864.0,612368384.0,16.0,16.0,545262148.0,276346212.0,821608360.0,17398300.0,0.0,0.0,0.0,40274448.0,40121810.39285714,2483027968.0,1.1009409283634302,1024.3231289600224,43286912.0,144965632.0,205399796.0
test,l1config-10_l2config-10,10,32.0,2.0,1.0,16.0,4.0,6.25,3.9982244426509626,6.247225691642129,46.379789228114916,0.0,98.62414291442136,34078720.0,4194304.0,38273024.0,545259520.0,67108864.0,612368384.0,16.0,16.0,545263496.0,276343440.0,821606936.0,17421700.0,0.0,0.0,0.0,40226691.0,40112716.5,2483027968.0,1.102248071635612,1023.9529751325822,43302560.0,144965632.0,205400933.0
test,l1config-10_l2config-10,11,32.0,2.0,1.0,16.0,4.0,6.25,3.998210166013503,6.247203384396099,46.37990208306686,0.0,98.60728904954826,34078720.0,4194304.0,38273024.0,545259520.0,67108864.0,612368384.0,16.0,16.0,545264048.0,276338436.0,821602484.0,17395344.0,0.0,0.0,0.0,40242281.0,40128282.75,2483027968.0,1.1018210157475288,1024.3064700734997,43287616.0,144965632.0,205402170.0
test,l1config-10_l2config-10,12,32.0,2.0,1.0,16.0,4.0,6.25,3.998240287293009,6.247250448895326,46.37975444642665,0.0,98.5927292339057,34078720.0,4194304.0,38273024.0,545259520.0,67108864.0,612368384.0,16.0,16.0,545262488.0,276348596.0,821611084.0,17431712.0,0.0,0.0,0.0,40254669.0,40089782.678571425,2483027968.0,1.101482015780909,1024.3344876024235,43286432.0,144965632.0,205403554.0
test,l1config-10_l2config-10,13,32.0,2.0,1.0,16.0,4.0,6.25,3.998228223129545,6.247231598639915,46.38014439711151,0.0,98.5982152337557,34078720.0,4194304.0,38273024.0,545259520.0,67108864.0,612368384.0,16.0,16.0,545263040.0,276344108.0,821607148.0,17419944.0,0.0,0.0,0.0,40273215.0,40114431.23214286,2483027968.0,1.100974573133643,1023.9877839295202,43301088.0,144965632.0,205407071.0
test,l1config-10_l2config-10,14,32.0,2.0,1.0,16.0,4.0,6.25,3.998219992487883,6.247218738262317,46.37941791340132,0.0,98.5970902335709,34078720.0,4194304.0,38273024.0,545259520.0,67108864.0,612368384.0,16.0,16.0,545262608.0,276348568.0,821611176.0,17443880.0,0.0,0.0,0.0,40228237.0,40131451.821428575,2483027968.0,1.102205608699033,1025.3039285391872,43245504.0,144965632.0,205403909.0
test,l1config-10_l2config-10,15,32.0,2.0,1.0,16.0,4.0,6.25,3.998239721575047,6.247249564961011,46.379322864501574,0.0,98.58670199221439,34078720.0,4194304.0,38273024.0,545259520.0,67108864.0,612368384.0,16.0,16.0,545263140.0,276365440.0,821628580.0,17421416.0,0.0,0.0,0.0,40233353.0,40086677.928571425,2483027968.0,1.1020654679237467,1024.5223203425817,43278496.0,144965632.0,205405834.0
test,l1config-10_l2config-10,16,32.0,2.0,1.0,16.0,4.0,6.25,3.9982167577864254,6.24721368404129,46.38009848213253,0.0,98.59568626815818,34078720.0,4194304.0,38273024.0,545259520.0,67108864.0,612368384.0,16.0,16.0,545262400.0,276360400.0,821622800.0,17402556.0,0.0,0.0,0.0,40237023.0,40126189.10714286,2483027968.0,1.1019650312009874,1024.3117705695263,43287392.0,144965632.0,205402821.0
test,l1config-10_l2config-10,17,32.0,2.0,1.0,16.0,4.0,6.25,3.9982239305983485,6.247224891559919,46.38011692066085,0.0,98.5933057073566,34078720.0,4194304.0,38273024.0,545259520.0,67108864.0,612368384.0,16.0,16.0,545263084.0,276344384.0,821607468.0,17441904.0,0.0,0.0,0.0,40274787.0,40115529.39285714,2483027968.0,1.1009315932096684,1024.4306675378098,43282368.0,144965632.0,205403300.0
test,l1config-10_l2config-10,18,32.0,2.0,1.0,16.0,4.0,6.25,3.9982297513082954,6.247233986419212,46.37937534654936,0.0,98.62332592188665,34078720.0,4194304.0,38273024.0,545259520.0,67108864.0,612368384.0,16.0,16.0,545263292.0,276340384.0,821603676.0,17427584.0,0.0,0.0,0.0,40273843.0,40119020.10714286,2483027968.0,1.1009574532038429,1024.2716396071255,43289088.0,144965632.0,205404168.0
test,l1config-10_l2config-10,19,32.0,2.0,1.0,16.0,4.0,6.25,3.998232598896885,6.247238435776383,46.37929921025659,0.0,98.57137138492818,34078720.0,4194304.0,38273024.0,545259520.0,67108864.0,612368384.0,16.0,16.0,545262868.0,276354200.0,821617068.0,17435700.0,0.0,0.0,0.0,40235380.0,40093292.03571428,2483027968.0,1.102009981697813,1024.6617246378387,43272608.0,144965632.0,205406168.0
test,l1config-10_l2config-10,20,32.0,2.0,1.0,16.0,4.0,6.25,3.9982197140138163,6.247218303146588,46.37917208811363,0.0,98.59101132743707,34078720.0,4194304.0,38273024.0,545259520.0,67108864.0,612368384.0,16.0,16.0,545263440.0,276367244.0,821630684.0,17253412.0,0.0,0.0,0.0,40251150.0,40131914.91071428,2483027968.0,1.1015783208896712,1025.057415118573,43255904.0,144965632.0,205403160.0
test,l1config-10_l2config-10,21,32.0,2.0,1.0,16.0,4.0,6.25,3.998220223930606,6.247219099891572,46.37963688478134,0.0,98.59314152154025,34078720.0,4194304.0,38273024.0,545259520.0,67108864.0,612368384.0,16.0,16.0,545263268.0,276353768.0,821617036.0,17413844.0,0.0,0.0,0.0,40233397.0,40141907.946428575,2483027968.0,1.10206441333892,1024.897434472288,43262656.0,144965632.0,205404380.0
test,l1config-10_l2config-10,22,32.0,2.0,1.0,16.0,4.0,6.25,3.998207350494425,6.247198985147539,46.37968914317814,0.0,98.59988322290948,34078720.0,4194304.0,38273024.0,545259520.0,67108864.0,612368384.0,16.0,16.0,545262496.0,276355692.0,821618188.0,17410388.0,0.0,0.0,0.0,40250842.0,40145585.66071428,2483027968.0,1.1015867228159073,1024.148994648926,43294272.0,144965632.0,205402473.0
test,l1config-10_l2config-10,23,32.0,2.0,1.0,16.0,4.0,6.25,3.9982188378549424,6.247216934148348,46.37973556280458,0.0,98.57113653934081,34078720.0,4194304.0,38273024.0,545259520.0,67108864.0,612368384.0,16.0,16.0,545262324.0,276359948.0,821622272.0,17431676.0,0.0,0.0,0.0,40226715.0,40140245.46428572,2483027968.0,1.102247352361987,1023.2746762904756,43331264.0,144965632.0,205403929.0
test,l1config-10_l2config-10,24,32.0,2.0,1.0,16.0,4.0,6.25,3.998216898474185,6.247213903865914,46.37998642511919,0.0,98.60717284781403,34078720.0,4194304.0,38273024.0,545259520.0,67108864.0,612368384.0,16.0,16.0,545262928.0,276354464.0,821617392.0,17384800.0,0.0,0.0,0.0,40265329.0,40128734.178571425,2483027968.0,1.101190275180057,1023.6360213133673,43315968.0,144965632.0,205403837.0
test,l1config-10_l2config-10,25,32.0,2.0,1.0,16.0,4.0,6.25,3.998236800446399,6.247245000697498,46.38005754605938,0.0,98.57685116941923,34078720.0,4194304.0,38273024.0,545259520.0,67108864.0,612368384.0,16.0,16.0,545262784.0,276342576.0,821605360.0,17417608.0,0.0,0.0,0.0,40232840.0,40088262.83928572,2483027968.0,1.1020796228388154,1025.4033259411078,43241312.0,144965632.0,205402760.0
test,l1config-10_l2config-10,26,32.0,2.0,1.0,16.0,4.0,6.25,3.998218841555004,6.247216939929694,46.37963166289918,0.0,98.60413726225558,34078720.0,4194304.0,38273024.0,545259520.0,67108864.0,612368384.0,16.0,16.0,545262484.0,276348040.0,821610524.0,17429632.0,0.0,0.0,0.0,40294475.0,40120398.0,2483027968.0,1.100393695246081,1024.2580109389885,43289664.0,144965632.0,205404225.0
test,l1config-10_l2config-10,27,32.0,2.0,1.0,16.0,4.0,6.25,3.998219663047407,6.247218223511573,46.37968863187569,0.0,98.60776331592933,34078720.0,4194304.0,38273024.0,545259520.0,67108864.0,612368384.0,16.0,16.0,545263664.0,276345076.0,821608740.0,17417988.0,0.0,0.0,0.0,40262720.0,40125570.39285714,2483027968.0,1.101261734221863,1024.1187164643875,43295552.0,144965632.0,205401309.0
test,l1config-10_l2config-10,28,32.0,2.0,1.0,16.0,4.0,6.25,3.998230031530446,6.247234424266322,46.38011022956959,0.0,98.5723848802221,34078720.0,4194304.0,38273024.0,545259520.0,67108864.0,612368384.0,16.0,16.0,545263336.0,276350392.0,821613728.0,17401552.0,0.0,0.0,0.0,40264232.0,40132010.303571425,2483027968.0,1.1012202224391718,1025.773769908925,43225696.0,144965632.0,205400892.0
test,l1config-10_l2config-10,29,32.0,2.0,1.0,16.0,4.0,6.25,3.998228048990436,6.247231326547556,46.37969366153508,0.0,98.59618512092017,34078720.0,4194304.0,38273024.0,545259520.0,67108864.0,612368384.0,16.0,16.0,545263144.0,276347680.0,821610824.0,17414904.0,0.0,0.0,0.0,40277645.0,40125000.821428575,2483027968.0,1.100853501214483,1025.2470303036453,43247904.0,144965632.0,205402314.0
test,l1config-10_l2config-10,30,32.0,2.0,1.0,16.0,4.0,6.25,3.9982265717523235,6.247229018363005,46.37951632673163,0.0,98.56988962134012,34078720.0,4194304.0,38273024.0,545259520.0,67108864.0,612368384.0,16.0,16.0,545262868.0,276353300.0,821616168.0,17437084.0,0.0,0.0,0.0,40257006.0,40115240.125,2483027968.0,1.1014180109671023,1024.470053510616,43280704.0,144965632.0,205405882.0
test,l1config-10_l2config-10,31,32.0,2.0,1.0,16.0,4.0,6.25,3.998236150761329,6.247243985564577,46.37999601042912,0.0,98.59393739395259,34078720.0,4194304.0,38273024.0,545259520.0,67108864.0,612368384.0,16.0,16.0,545262760.0,276362136.0,821624896.0,17409912.0,0.0,0.0,0.0,40263580.0,40113385.39285714,2483027968.0,1.1012381847388197,1025.2356514143312,43248384.0,144965632.0,205399113.0
test,l1config-10_l2config-10,32,32.0,2.0,1.0,16.0,4.0,6.25,3.9982122323935907,6.247206613114986,46.37989234082681,0.0,98.60387686171741,34078720.0,4194304.0,38273024.0,545259520.0,67108864.0,612368384.0,16.0,16.0,545263324.0,276344328.0,821607652.0,17373352.0,0.0,0.0,0.0,40251163.0,40149933.21428572,2483027968.0,1.101577965110607,1023.1651136862669,43335904.0,144965632.0,205403449.0
test,l1config-10_l2config-10,33,32.0,2.0,1.0,16.0,4.0,6.25,3.9982139963419234,6.247209369284255,46.37924946523755,0.0,98.60250870529877,34078720.0,4194304.0,38273024.0,545259520.0,67108864.0,612368384.0,16.0,16.0,545262504.0,276359220.0,821621724.0,17397280.0,0.0,0.0,0.0,40251899.0,40151333.53571428,2483027968.0,1.1015577955502462,1025.1431124951619,43252288.0,144965632.0,205405702.0
test,l1config-10_l2config-10,34,32.0,2.0,1.0,16.0,4.0,6.25,3.9982341560539454,6.2472408688342895,46.3793976218541,0.0,98.5533170917306,34078720.0,4194304.0,38273024.0,545259520.0,67108864.0,612368384.0,16.0,16.0,545262932.0,276355196.0,821618128.0,17439076.0,0.0,0.0,0.0,40252492.0,40083949.75,2483027968.0,1.1015415810729035,1024.9853797368964,43258944.0,144965632.0,205400991.0
test,l1config-10_l2config-10,35,32.0,2.0,1.0,16.0,4.0,6.25,3.9982067715293197,6.247198080514562,46.38022391926137,0.0,98.59000893858003,34078720.0,4194304.0,38273024.0,545259520.0,67108864.0,612368384.0,16.0,16.0,545263276.0,276353212.0,821616488.0,17420880.0,0.0,0.0,0.0,40234081.0,40171361.178571425,2483027968.0,1.1020455818068229,1025.1992406658123,43249920.0,144965632.0,205402586.0
test,l1config-10_l2config-10,36,32.0,2.0,1.0,16.0,4.0,6.25,3.9982176149861415,6.247215023415846,46.379766423197275,0.0,98.60449312785461,34078720.0,4194304.0,38273024.0,545259520.0,67108864.0,612368384.0,16.0,16.0,545262744.0,276351380.0,821614124.0,17457316.0,0.0,0.0,0.0,40241020.0,40124948.64285714,2483027968.0,1.1018555289272216,1025.0809235921492,43254912.0,144965632.0,205400361.0
test,l1config-10_l2config-10,37,32.0,2.0,1.0,16.0,4.0,6.25,3.998220488032942,6.247219512551472,46.37975054853857,0.0,98.59926862992181,34078720.0,4194304.0,38273024.0,545259520.0,67108864.0,612368384.0,16.0,16.0,545263256.0,276348284.0,821611540.0,17426368.0,0.0,0.0,0.0,40227282.0,40134338.53571428,2483027968.0,1.1022318642310036,1024.1300705737858,43295072.0,144965632.0,205405386.0
test,l1config-10_l2config-10,38,32.0,2.0,1.0,16.0,4.0,6.25,3.9982250488489273,6.247226638826449,46.37971255599875,0.0,98.60214914579932,34078720.0,4194304.0,38273024.0,545259520.0,67108864.0,612368384.0,16.0,16.0,545262536.0,276345232.0,821607768.0,17353212.0,0.0,0.0,0.0,40254557.0,40126858.83928572,2483027968.0,1.1014850530649862,1024.7185579245918,43270208.0,144965632.0,205404946.0
test,l1config-10_l2config-10,39,32.0,2.0,1.0,16.0,4.0,6.25,3.9982024454645804,6.2471913210384065,46.37954059091891,0.0,98.60544093305505,34078720.0,4194304.0,38273024.0,545259520.0,67108864.0,612368384.0,16.0,16.0,545262744.0,276352324.0,821615068.0,17403604.0,0.0,0.0,0.0,40246564.0,40157156.375,2483027968.0,1.1017038157644912,1024.6215662499653,43274304.0,144965632.0,205404841.0
test,l1config-10_l2config-10,40,32.0,2.0,1.0,16.0,4.0,6.25,3.9982119076276414,6.24720610566819,46.379929987603745,0.0,98.59855095955287,34078720.0,4194304.0,38273024.0,545259520.0,67108864.0,612368384.0,16.0,16.0,545263832.0,276352392.0,821616224.0,17256268.0,0.0,0.0,0.0,40269396.0,40132294.678571425,2483027968.0,1.1010791768754358,1024.3276723867536,43286720.0,144965632.0,205402835.0
test,l1config-10_l2config-10,41,32.0,2.0,1.0,16.0,4.0,6.25,3.9982307942300825,6.247235615984504,46.380293208587794,0.0,98.59607835109647,34078720.0,4194304.0,38273024.0,545259520.0,67108864.0,612368384.0,16.0,16.0,545263260.0,276351196.0,821614456.0,17377040.0,0.0,0.0,0.0,40263314.0,40108574.5,2483027968.0,1.1012453233259056,1025.1378033917924,43252512.0,144965632.0,205407104.0
test,l1config-10_l2config-10,42,32.0,2.0,1.0,16.0,4.0,6.25,3.9982353608310386,6.247242751298498,46.379927890193656,0.0,98.55155378357132,34078720.0,4194304.0,38273024.0,545259520.0,67108864.0,612368384.0,16.0,16.0,545262884.0,276358212.0,821621096.0,17410960.0,0.0,0.0,0.0,40219369.0,40105872.125,2483027968.0,1.1024485663631725,1025.3077219794375,43245344.0,144965632.0,205405134.0
test,l1config-10_l2config-10,43,32.0,2.0,1.0,16.0,4.0,6.25,3.9982148334841052,6.247210677318915,46.38004655762572,0.0,98.59640005759897,34078720.0,4194304.0,38273024.0,545259520.0,67108864.0,612368384.0,16.0,16.0,545263052.0,276352828.0,821615880.0,17395396.0,0.0,0.0,0.0,40227530.0,40129789.85714286,2483027968.0,1.1022249114964204,1024.2292404972395,43290880.0,144965632.0,205402486.0
test,l1config-10_l2config-10,44,32.0,2.0,1.0,16.0,4.0,6.25,3.9982226652809465,6.247222914501479,46.37918233632304,0.0,98.56483628105495,34078720.0,4194304.0,38273024.0,545259520.0,67108864.0,612368384.0,16.0,16.0,545262436.0,276350468.0,821612904.0,17393676.0,0.0,0.0,0.0,40275290.0,40125893.053571425,2483027968.0,1.1009179802970144,1024.9156288060553,43261888.0,144965632.0,205404978.0
test,l1config-10_l2config-10,45,32.0,2.0,1.0,16.0,4.0,6.25,3.9982136814222553,6.247208877222274,46.37980694851972,0.0,98.56465831499499,34078720.0,4194304.0,38273024.0,545259520.0,67108864.0,612368384.0,16.0,16.0,545263356.0,276357808.0,821621164.0,17235540.0,0.0,0.0,0.0,40262179.0,40124221.821428575,2483027968.0,1.101276531799058,1025.2439959084643,43248032.0,144965632.0,205404275.0
test,l1config-10_l2config-10,46,32.0,2.0,1.0,16.0,4.0,6.25,3.99823693786698,6.2472452154171565,46.379600679118596,0.0,98.59515366391669,34078720.0,4194304.0,38273024.0,545259520.0,67108864.0,612368384.0,16.0,16.0,545263540.0,276356004.0,821619544.0,17402712.0,0.0,0.0,0.0,40250170.0,40083730.35714286,2483027968.0,1.1016050049744737,1023.9590286663994,43302304.0,144965632.0,205401679.0
test,l1config-10_l2config-10,47,32.0,2.0,1.0,16.0,4.0,6.25,3.9982369219571465,6.247245190558042,46.37953481433279,0.0,98.59212051904721,34078720.0,4194304.0,38273024.0,545259520.0,67108864.0,612368384.0,16.0,16.0,545263020.0,276358176.0,821621196.0,17407876.0,0.0,0.0,0.0,40252777.0,40095522.71428572,2483027968.0,1.1015335903161994,1024.31707112041,43287168.0,144965632.0,205406134.0
test,l1config-10_l2config-10,48,32.0,2.0,1.0,16.0,4.0,6.25,3.9982116025258176,6.24720562894659,46.3803164038402,0.0,98.59148178264569,34078720.0,4194304.0,38273024.0,545259520.0,67108864.0,612368384.0,16.0,16.0,545263216.0,276347488.0,821610704.0,17428728.0,0.0,0.0,0.0,40251773.0,40137470.01785714,2483027968.0,1.1015612574372038,1025.008126658356,43257984.0,144965632.0,205404643.0
test,l1config-10_l2config-10,49,32.0,2.0,1.0,16.0,4.0,6.25,3.998227533797616,6.247230521558775,46.37962214880636,0.0,98.5913304253536,34078720.0,4194304.0,38273024.0,545259520.0,67108864.0,612368384.0,16.0,16.0,545262636.0,276346212.0,821608848.0,17299100.0,0.0,0.0,0.0,40225728.0,40122667.125,2483027968.0,1.1022744867534633,1024.0430288350376,43298752.0,144965632.0,205404030.0
test,l1config-25_l2config-55,0,32.0,2.0,1.0,16.0,4.0,6.25,3.99821645985995,6.247213218531171,46.37941632024823,0.0,98.61340857136835,34078720.0,4194304.0,38273024.0,545259520.0,67108864.0,612368384.0,16.0,16.0,545262948.0,276347204.0,821610152.0,17352660.0,0.0,0.0,0.0,40249556.0,40116743.0,2483027968.0,1.1016219260908515,1023.9945946231281,43300800.0,144965632.0,205403353.0
test,l1config-25_l2config-55,1,32.0,2.0,1.0,16.0,4.0,6.25,3.9982330857303356,6.247239196453649,46.379740367965724,0.0,98.57138539171333,34078720.0,4194304.0,38273024.0,545259520.0,67108864.0,612368384.0,16.0,16.0,545264436.0,276353104.0,821617540.0,17430600.0,0.0,0.0,0.0,40254325.0,40111393.10714286,2483027968.0,1.101491394475601,1024.1785176026774,43293024.0,144965632.0,205405664.0
test,l1config-25_l2config-55,2,32.0,2.0,1.0,16.0,4.0,6.25,3.9982171330474428,6.247214270386629,46.37985921122329,0.0,98.6139159417423,34078720.0,4194304.0,38273024.0,545259520.0,67108864.0,612368384.0,16.0,16.0,545263036.0,276352748.0,821615784.0,17311128.0,0.0,0.0,0.0,40231341.0,40104827.41071428,2483027968.0,1.1021207268833892,1023.8145200890548,43308416.0,144965632.0,205400625.0
test,l1config-25_l2config-55,3,32.0,2.0,1.0,16.0,4.0,6.25,3.9982196882018046,6.24721826281532,46.37932103142525,0.0,98.59198057289882,34078720.0,4194304.0,38273024.0,545259520.0,67108864.0,612368384.0,16.0,16.0,545262948.0,276339696.0,821602644.0,17294172.0,0.0,0.0,0.0,40259585.0,40113318.553571425,2483027968.0,1.101347331810333,1024.68218389481,43271744.0,144965632.0,205402145.0
test,l1config-25_l2config-55,4,32.0,2.0,1.0,16.0,4.0,6.25,3.9982228514487512,6.247223205388674,46.37992546907868,0.0,98.60681182510824,34078720.0,4194304.0,38273024.0,545259520.0,67108864.0,612368384.0,16.0,16.0,545262332.0,276350848.0,821613180.0,17137900.0,0.0,0.0,0.0,40250956.0,40106382.75,2483027968.0,1.1015835960254539,1024.6155048799374,43274560.0,144965632.0,205402369.0
test,l1config-25_l2config-55,5,32.0,2.0,1.0,16.0,4.0,6.25,3.998217964212664,6.247215569082288,46.37952786490047,0.0,98.5765823290789,34078720.0,4194304.0,38273024.0,545259520.0,67108864.0,612368384.0,16.0,16.0,545263204.0,276354232.0,821617436.0,17414452.0,0.0,0.0,0.0,40287264.0,40132731.78571428,2483027968.0,1.1005906474140346,1024.1043349538882,43296160.0,144965632.0,205404204.0
test,l1config-25_l2config-55,6,32.0,2.0,1.0,16.0,4.0,6.25,3.998227573869009,6.247230584170326,46.37960495544293,0.0,98.63574090420157,34078720.0,4194304.0,38273024.0,545259520.0,67108864.0,612368384.0,16.0,16.0,545263328.0,276351108.0,821614436.0,17405760.0,0.0,0.0,0.0,40295026.0,40111605.16071428,2483027968.0,1.1003786483035347,1025.2796511862673,43246528.0,144965632.0,205399477.0
test,l1config-25_l2config-55,7,32.0,2.0,1.0,16.0,4.0,6.25,3.9982369263275817,6.247245197386846,46.37943220957474,0.0,98.59926475237943,34078720.0,4194304.0,38273024.0,545259520.0,67108864.0,612368384.0,16.0,16.0,545262708.0,276345996.0,821608704.0,17414316.0,0.0,0.0,0.0,40271400.0,40099491.16071428,2483027968.0,1.1010243845642322,1024.4882326733832,43279936.0,144965632.0,205399679.0
test,l1config-25_l2config-55,8,32.0,2.0,1.0,16.0,4.0,6.25,3.998245881082554,6.247259189191491,46.37989970102947,0.0,98.5799212007414,34078720.0,4194304.0,38273024.0,545259520.0,67108864.0,612368384.0,16.0,16.0,545262776.0,276339188.0,821601964.0,17408040.0,0.0,0.0,0.0,40237643.0,40086201.446428575,2483027968.0,1.101947962612721,1023.7645946698489,43310528.0,144965632.0,205402856.0
test,l1config-25_l2config-55,9,32.0,2.0,1.0,16.0,4.0,6.25,3.9981984573389653,6.247185089592133,46.37965632274803,0.0,98.59440072698939,34078720.0,4194304.0,38273024.0,545259520.0,67108864.0,612368384.0,16.0,16.0,545262580.0,276346688.0,821609268.0,17392708.0,0.0,0.0,0.0,40242856.0,40142560.75,2483027968.0,1.1018051426012039,1024.6996127951802,43271008.0,144965632.0,205404179.0
test,l1config-25_l2config-55,10,32.0,2.0,1.0,16.0,4.0,6.25,3.998239034062709,6.247248490722983,46.37989925000004,0.0,98.60075160889346,34078720.0,4194304.0,38273024.0,545259520.0,67108864.0,612368384.0,16.0,16.0,545264648.0,276332620.0,821597268.0,17418128.0,0.0,0.0,0.0,40254596.0,40108060.625,2483027968.0,1.1014840064314195,1023.9295183650787,43303552.0,144965632.0,205402566.0
test,l1config-25_l2config-55,11,32.0,2.0,1.0,16.0,4.0,6.25,3.9982135977714908,6.247208746517955,46.379963956608705,0.0,98.59360544341943,34078720.0,4194304.0,38273024.0,545259520.0,67108864.0,612368384.0,16.0,16.0,545263696.0,276340772.0,821604468.0,17431576.0,0.0,0.0,0.0,40278542.0,40132778.928571425,2483027968.0,1.1008292039351195,1024.3693223433067,43284960.0,144965632.0,205399815.0
test,l1config-25_l2config-55,12,32.0,2.0,1.0,16.0,4.0,6.25,3.9982315637172103,6.247236818308141,46.37993037447914,0.0,98.5669448882107,34078720.0,4194304.0,38273024.0,545259520.0,67108864.0,612368384.0,16.0,16.0,545262692.0,276341752.0,821604444.0,17402980.0,0.0,0.0,0.0,40263939.0,40110859.91071428,2483027968.0,1.1012282154875916,1023.537722299831,43320128.0,144965632.0,205401039.0
test,l1config-25_l2config-55,13,32.0,2.0,1.0,16.0,4.0,6.25,3.998234259663179,6.247241030723718,46.37958786404729,0.0,98.58958269446484,34078720.0,4194304.0,38273024.0,545259520.0,67108864.0,612368384.0,16.0,16.0,545263028.0,276341292.0,821604320.0,17382860.0,0.0,0.0,0.0,40251358.0,40095322.678571425,2483027968.0,1.1015726968705908,1024.6943082844773,43271232.0,144965632.0,205404100.0
test,l1config-25_l2config-55,14,32.0,2.0,1.0,16.0,4.0,6.25,3.9982324996531218,6.247238280708003,46.379776168974686,0.0,98.59695407927093,34078720.0,4194304.0,38273024.0,545259520.0,67108864.0,612368384.0,16.0,16.0,545263756.0,276343472.0,821607228.0,17423876.0,0.0,0.0,0.0,40260844.0,40089868.875,2483027968.0,1.1013128778135353,1024.5238354027508,43278432.0,144965632.0,205402885.0
test,l1config-25_l2config-55,15,32.0,2.0,1.0,16.0,4.0,6.25,3.9982196232162184,6.247218161275341,46.37979419673024,0.0,98.59839370846154,34078720.0,4194304.0,38273024.0,545259520.0,67108864.0,612368384.0,16.0,16.0,545262776.0,276339400.0,821602176.0,17247284.0,0.0,0.0,0.0,40268942.0,40137029.625,2483027968.0,1.1010915974975708,1024.8769666189237,43263520.0,144965632.0,205401318.0
test,l1config-25_l2config-55,16,32.0,2.0,1.0,16.0,4.0,6.25,3.9982141568333747,6.247209620052148,46.37944077426311,0.0,98.59781085741312,34078720.0,4194304.0,38273024.0,545259520.0,67108864.0,612368384.0,16.0,16.0,545262960.0,276321428.0,821584388.0,17380520.0,0.0,0.0,0.0,40227396.0,40115244.75,2483027968.0,1.1022286789771791,1024.230754690721,43290816.0,144965632.0,205402375.0
test,l1config-25_l2config-55,17,32.0,2.0,1.0,16.0,4.0,6.25,3.99822161723928,6.247221276936375,46.37946571839795,0.0,98.56344739182119,34078720.0,4194304.0,38273024.0,545259520.0,67108864.0,612368384.0,16.0,16.0,545262156.0,276338060.0,821600216.0,17336368.0,0.0,0.0,0.0,40210873.0,40118512.73214286,2483027968.0,1.102681532742396,1024.592775381027,43275520.0,144965632.0,205402287.0
test,l1config-25_l2config-55,18,32.0,2.0,1.0,16.0,4.0,6.25,3.998223791837484,6.247224674746069,46.37972720092672,0.0,98.57155403512544,34078720.0,4194304.0,38273024.0,545259520.0,67108864.0,612368384.0,16.0,16.0,545262540.0,276328284.0,821590824.0,17414892.0,0.0,0.0,0.0,40259122.0,40117160.85714286,2483027968.0,1.1013600525683922,1024.4692960595019,43280736.0,144965632.0,205401279.0
test,l1config-25_l2config-55,19,32.0,2.0,1.0,16.0,4.0,6.25,3.9982307487615385,6.247235544939904,46.37992648896779,0.0,98.59838524656698,34078720.0,4194304.0,38273024.0,545259520.0,67108864.0,612368384.0,16.0,16.0,545262780.0,276353216.0,821615996.0,17434824.0,0.0,0.0,0.0,40252330.0,40118444.23214286,2483027968.0,1.1015459322528738,1024.1921441554227,43292448.0,144965632.0,205402722.0
test,l1config-25_l2config-55,20,32.0,2.0,1.0,16.0,4.0,6.25,3.998211085807143,6.2472048215736615,46.37919139235569,0.0,98.60055663096325,34078720.0,4194304.0,38273024.0,545259520.0,67108864.0,612368384.0,16.0,16.0,545263832.0,276334192.0,821598024.0,17430968.0,0.0,0.0,0.0,40254883.0,40148755.51785714,2483027968.0,1.1014761806853028,1024.5465618430103,43277472.0,144965632.0,205402408.0
test,l1config-25_l2config-55,21,32.0,2.0,1.0,16.0,4.0,6.25,3.9982334592441195,6.247239780068937,46.379246128121615,0.0,98.59659422348165,34078720.0,4194304.0,38273024.0,545259520.0,67108864.0,612368384.0,16.0,16.0,545262324.0,276356536.0,821618860.0,17343852.0,0.0,0.0,0.0,40241168.0,40091004.196428575,2483027968.0,1.1018514901848144,1024.9421633674451,43260768.0,144965632.0,205401341.0
test,l1config-25_l2config-55,22,32.0,2.0,1.0,16.0,4.0,6.25,3.9982409471168223,6.247251479870035,46.380077853985185,0.0,98.59226160742456,34078720.0,4194304.0,38273024.0,545259520.0,67108864.0,612368384.0,16.0,16.0,545262720.0,276357328.0,821620048.0,17161040.0,0.0,0.0,0.0,40259190.0,40087319.125,2483027968.0,1.10135831541529,1024.071031953969,43297568.0,144965632.0,205401687.0
test,l1config-25_l2config-55,23,32.0,2.0,1.0,16.0,4.0,6.25,3.9982115500179516,6.247205546903049,46.379553012544434,0.0,98.59134968893363,34078720.0,4194304.0,38273024.0,545259520.0,67108864.0,612368384.0,16.0,16.0,545262264.0,276347604.0,821609868.0,17398728.0,0.0,0.0,0.0,40256613.0,40128223.96428572,2483027968.0,1.1014286608193904,1023.9794598714763,43301440.0,144965632.0,205401902.0
test,l1config-25_l2config-55,24,32.0,2.0,1.0,16.0,4.0,6.25,3.9982210696673572,6.247220421355245,46.38001064216211,0.0,98.595842716261,34078720.0,4194304.0,38273024.0,545259520.0,67108864.0,612368384.0,16.0,16.0,545262520.0,276360904.0,821623424.0,17407188.0,0.0,0.0,0.0,40213826.0,40136780.178571425,2483027968.0,1.102600724636665,1023.9408682796717,43303072.0,144965632.0,205401587.0
test,l1config-25_l2config-55,25,32.0,2.0,1.0,16.0,4.0,6.25,3.9982109153988383,6.2472045553106845,46.379777055276186,0.0,98.63215462364109,34078720.0,4194304.0,38273024.0,545259520.0,67108864.0,612368384.0,16.0,16.0,545262836.0,276355064.0,821617900.0,17399280.0,0.0,0.0,0.0,40326348.0,40144033.08928572,2483027968.0,1.0995239834795631,1024.1800316461877,43292960.0,144965632.0,205402730.0
test,l1config-25_l2config-55,26,32.0,2.0,1.0,16.0,4.0,6.25,3.998220574869814,6.2472196482340845,46.37974590263374,0.0,98.59058441980254,34078720.0,4194304.0,38273024.0,545259520.0,67108864.0,612368384.0,16.0,16.0,545262548.0,276361636.0,821624184.0,17450064.0,0.0,0.0,0.0,40262179.0,40136437.60714286,2483027968.0,1.1012764634174725,1024.393556603936,43283936.0,144965632.0,205401782.0
test,l1config-25_l2config-55,27,32.0,2.0,1.0,16.0,4.0,6.25,3.998229481014168,6.247233564084637,46.37975143807069,0.0,98.59857549986583,34078720.0,4194304.0,38273024.0,545259520.0,67108864.0,612368384.0,16.0,16.0,545263268.0,276346880.0,821610148.0,17391180.0,0.0,0.0,0.0,40266417.0,40108296.25,2483027968.0,1.1011606440387316,1023.5384783740354,43320096.0,144965632.0,205400626.0
test,l1config-25_l2config-55,28,32.0,2.0,1.0,16.0,4.0,6.25,3.998219551723135,6.247218049567398,46.37919469195856,0.0,98.57279419656611,34078720.0,4194304.0,38273024.0,545259520.0,67108864.0,612368384.0,16.0,16.0,545263576.0,276335828.0,821599404.0,17428884.0,0.0,0.0,0.0,40246131.0,40122539.96428572,2483027968.0,1.1017156277139286,1024.455662130971,43281312.0,144965632.0,205403844.0
test,l1config-25_l2config-55,29,32.0,2.0,1.0,16.0,4.0,6.25,3.9982231422630456,6.247223659786009,46.379688863094756,0.0,98.5924751911942,34078720.0,4194304.0,38273024.0,545259520.0,67108864.0,612368384.0,16.0,16.0,545262460.0,276351588.0,821614048.0,17428324.0,0.0,0.0,0.0,40269867.0,40126031.76785714,2483027968.0,1.1010661208273487,1024.8398233434111,43265088.0,144965632.0,205400847.0
test,l1config-25_l2config-55,30,32.0,2.0,1.0,16.0,4.0,6.25,3.9982298880979257,6.247234200153009,46.37988128792273,0.0,98.60255296606866,34078720.0,4194304.0,38273024.0,545259520.0,67108864.0,612368384.0,16.0,16.0,545262460.0,276342724.0,821605184.0,17402712.0,0.0,0.0,0.0,40283135.0,40113827.946428575,2483027968.0,1.1007036691369312,1024.9307912443292,43261248.0,144965632.0,205402556.0
test,l1config-25_l2config-55,31,32.0,2.0,1.0,16.0,4.0,6.25,3.998225691232361,6.2472276425505635,46.379825470022986,0.0,98.60014004788702,34078720.0,4194304.0,38273024.0,545259520.0,67108864.0,612368384.0,16.0,16.0,545263068.0,276341180.0,821604248.0,17422972.0,0.0,0.0,0.0,40206287.0,40117413.53571428,2483027968.0,1.1028074436917636,1024.396585967139,43283808.0,144965632.0,205399432.0
test,l1config-25_l2config-55,32,32.0,2.0,1.0,16.0,4.0,6.25,3.9982230725478476,6.247223550856011,46.379583211213756,0.0,98.58868268732137,34078720.0,4194304.0,38273024.0,545259520.0,67108864.0,612368384.0,16.0,16.0,545263344.0,276356932.0,821620276.0,17440680.0,0.0,0.0,0.0,40267479.0,40122668.678571425,2483027968.0,1.1011314246732808,1023.7003039545115,43313248.0,144965632.0,205402726.0
test,l1config-25_l2config-55,33,32.0,2.0,1.0,16.0,4.0,6.25,3.9982227413580453,6.247223033371946,46.37930222007559,0.0,98.60026591121314,34078720.0,4194304.0,38273024.0,545259520.0,67108864.0,612368384.0,16.0,16.0,545263248.0,276332132.0,821595380.0,17397324.0,0.0,0.0,0.0,40233828.0,40121622.321428575,2483027968.0,1.1020523884754274,1023.3449598298723,43328288.0,144965632.0,205401505.0
test,l1config-25_l2config-55,34,32.0,2.0,1.0,16.0,4.0,6.25,3.998218852046408,6.247216956322513,46.37987508972703,0.0,98.56062083885307,34078720.0,4194304.0,38273024.0,545259520.0,67108864.0,612368384.0,16.0,16.0,545263728.0,276347548.0,821611276.0,17410840.0,0.0,0.0,0.0,40249844.0,40137758.10714286,2483027968.0,1.101613838375551,1024.435969319291,43282144.0,144965632.0,205402283.0
test,l1config-25_l2config-55,35,32.0,2.0,1.0,16.0,4.0,6.25,3.998231917972374,6.247237371831835,46.379916010508666,0.0,98.59992811989439,34078720.0,4194304.0,38273024.0,545259520.0,67108864.0,612368384.0,16.0,16.0,545262956.0,276351188.0,821614144.0,17404944.0,0.0,0.0,0.0,40267583.0,40119239.96428572,2483027968.0,1.1011285602471204,1024.2368115094177,43290560.0,144965632.0,205402553.0
test,l1config-25_l2config-55,36,32.0,2.0,1.0,16.0,4.0,6.25,3.9982139083129677,6.247209231739012,46.37983340578845,0.0,98.60563332857694,34078720.0,4194304.0,38273024.0,545259520.0,67108864.0,612368384.0,16.0,16.0,545263296.0,276352896.0,821616192.0,17399884.0,0.0,0.0,0.0,40296282.0,40138296.98214286,2483027968.0,1.1003443504589703,1024.2080422585839,43291776.0,144965632.0,205402123.0
test,l1config-25_l2config-55,37,32.0,2.0,1.0,16.0,4.0,6.25,3.9982118781066287,6.2472060595416075,46.37964982784757,0.0,98.59723107784478,34078720.0,4194304.0,38273024.0,545259520.0,67108864.0,612368384.0,16.0,16.0,545263016.0,276334384.0,821597400.0,17397576.0,0.0,0.0,0.0,40312812.0,40130114.16071428,2483027968.0,1.099893325281065,1024.6094435816235,43274816.0,144965632.0,205400250.0
test,l1config-25_l2config-55,38,32.0,2.0,1.0,16.0,4.0,6.25,3.998212876771469,6.24720761995542,46.37934092379405,0.0,98.59949376949767,34078720.0,4194304.0,38273024.0,545259520.0,67108864.0,612368384.0,16.0,16.0,545262540.0,276336848.0,821599388.0,17388216.0,0.0,0.0,0.0,40248014.0,40135073.10714286,2483027968.0,1.1016639403298039,1023.99308112783,43300864.0,144965632.0,205402507.0
test,l1config-25_l2config-55,39,32.0,2.0,1.0,16.0,4.0,6.25,3.9982132793561065,6.247208248993917,46.37942797853742,0.0,98.58265702702438,34078720.0,4194304.0,38273024.0,545259520.0,67108864.0,612368384.0,16.0,16.0,545262960.0,276352832.0,821615792.0,17352560.0,0.0,0.0,0.0,40281046.0,40143516.696428575,2483027968.0,1.1007607249961329,1024.1595924364904,43293824.0,144965632.0,205404211.0
test,l1config-25_l2config-55,40,32.0,2.0,1.0,16.0,4.0,6.25,3.9982104283330213,6.247203794270346,46.37980066714869,0.0,98.60317785114233,34078720.0,4194304.0,38273024.0,545259520.0,67108864.0,612368384.0,16.0,16.0,545263092.0,276349212.0,821612304.0,17397712.0,0.0,0.0,0.0,40286612.0,40149072.64285714,2483027968.0,1.1006084525837359,1023.717699468854,43312512.0,144965632.0,205400066.0
test,l1config-25_l2config-55,41,32.0,2.0,1.0,16.0,4.0,6.25,3.9982314254643954,6.247236602288118,46.37972796709225,0.0,98.5923314163931,34078720.0,4194304.0,38273024.0,545259520.0,67108864.0,612368384.0,16.0,16.0,545262728.0,276344540.0,821607268.0,17161612.0,0.0,0.0,0.0,40219670.0,40128180.71428572,2483027968.0,1.1024404596529456,1023.532429811677,43320352.0,144965632.0,205399690.0
test,l1config-25_l2config-55,42,32.0,2.0,1.0,16.0,4.0,6.25,3.9982326210298313,6.247238470359111,46.379554124548214,0.0,98.60164871558325,34078720.0,4194304.0,38273024.0,545259520.0,67108864.0,612368384.0,16.0,16.0,545262452.0,276346412.0,821608864.0,17398764.0,0.0,0.0,0.0,40233483.0,40108707.25,2483027968.0,1.1020618522127432,1025.0111596574998,43257856.0,144965632.0,205399733.0
test,l1config-25_l2config-55,43,32.0,2.0,1.0,16.0,4.0,6.25,3.998217815030436,6.247215335985056,46.37977250246842,0.0,98.63000731980132,34078720.0,4194304.0,38273024.0,545259520.0,67108864.0,612368384.0,16.0,16.0,545263804.0,276339820.0,821603624.0,17403272.0,0.0,0.0,0.0,40216821.0,40125324.375,2483027968.0,1.102518612482483,1024.6958238533598,43271168.0,144965632.0,205401812.0
test,l1config-25_l2config-55,44,32.0,2.0,1.0,16.0,4.0,6.25,3.998223005395342,6.247223445930222,46.3794967774346,0.0,98.60203190736566,34078720.0,4194304.0,38273024.0,545259520.0,67108864.0,612368384.0,16.0,16.0,545263400.0,276359016.0,821622416.0,17452608.0,0.0,0.0,0.0,40255410.0,40130558.375,2483027968.0,1.101461576115615,1023.9143855370199,43304192.0,144965632.0,205400525.0
test,l1config-25_l2config-55,45,32.0,2.0,1.0,16.0,4.0,6.25,3.998230005870053,6.247234384171958,46.380079048088476,0.0,98.59575716226918,34078720.0,4194304.0,38273024.0,545259520.0,67108864.0,612368384.0,16.0,16.0,545262688.0,276347032.0,821609720.0,17419820.0,0.0,0.0,0.0,40230916.0,40108304.928571425,2483027968.0,1.1021323080666905,1023.530161619223,43320448.0,144965632.0,205403083.0
test,l1config-25_l2config-55,46,32.0,2.0,1.0,16.0,4.0,6.25,3.998217425802858,6.247214727816966,46.38012927804109,0.0,98.6062556240059,34078720.0,4194304.0,38273024.0,545259520.0,67108864.0,612368384.0,16.0,16.0,545262988.0,276346144.0,821609132.0,17419404.0,0.0,0.0,0.0,40259796.0,40128724.33928572,2483027968.0,1.101341771700311,1023.3918208868484,43326304.0,144965632.0,205400477.0
test,l1config-25_l2config-55,47,32.0,2.0,1.0,16.0,4.0,6.25,3.998208031636867,6.247200049432604,46.38004221100254,0.0,98.59294380067712,34078720.0,4194304.0,38273024.0,545259520.0,67108864.0,612368384.0,16.0,16.0,545262756.0,276329620.0,821592376.0,17397440.0,0.0,0.0,0.0,40276654.0,40149903.66071428,2483027968.0,1.1008805738559506,1024.2292404972395,43290880.0,144965632.0,205405230.0
test,l1config-25_l2config-55,48,32.0,2.0,1.0,16.0,4.0,6.25,3.998208288498145,6.247200450778352,46.37986980148997,0.0,98.60674851104592,34078720.0,4194304.0,38273024.0,545259520.0,67108864.0,612368384.0,16.0,16.0,545262900.0,276349544.0,821612444.0,17400504.0,0.0,0.0,0.0,40229931.0,40142424.03571428,2483027968.0,1.1021591696783044,1023.9628121613827,43302144.0,144965632.0,205403113.0
test,l1config-25_l2config-55,49,32.0,2.0,1.0,16.0,4.0,6.25,3.998228863664264,6.247232599475413,46.37963187676159,0.0,98.59737580947105,34078720.0,4194304.0,38273024.0,545259520.0,67108864.0,612368384.0,16.0,16.0,545264108.0,276363076.0,821627184.0,17403128.0,0.0,0.0,0.0,40277987.0,40112363.375,2483027968.0,1.10084433153029,1024.623839282215,43274208.0,144965632.0,205401701.0
test,l1config-70_l2config-10,0,32.0,2.0,2.0,16.0,8.0,12.5,7.976667430951741,12.463542860862095,45.52005233128747,0.0,98.54850914466718,34078720.0,4194304.0,38273024.0,545259520.0,67108864.0,612368384.0,16.0,16.0,546798680.0,250738408.0,797537088.0,17436408.0,0.0,0.0,0.0,30809071.0,30768873.14285714,2483027968.0,1.439179638406543,1338.8094895317859,33118816.0,144965632.0,199382901.0
test,l1config-70_l2config-10,1,32.0,2.0,2.0,16.0,8.0,12.5,7.976650817792885,12.463516902801382,45.51848428904863,0.0,98.52728565720099,34078720.0,4194304.0,38273024.0,545259520.0,67108864.0,612368384.0,16.0,16.0,546793000.0,250669736.0,797462736.0,17414204.0,0.0,0.0,0.0,30829443.0,30763842.82142857,2483027968.0,1.438228726228199,1338.5236689460867,33125888.0,144965632.0,199380825.0
test,l1config-70_l2config-10,2,32.0,2.0,2.0,16.0,8.0,12.5,7.97666225487552,12.463534773243,45.52279771636279,0.0,98.53984851315506,34078720.0,4194304.0,38273024.0,545259520.0,67108864.0,612368384.0,16.0,16.0,546793724.0,250654356.0,797448080.0,17409424.0,0.0,0.0,0.0,30809722.0,30767697.339285713,2483027968.0,1.4391495092447066,1338.346547316519,33130272.0,144965632.0,199372210.0
test,l1config-70_l2config-10,3,32.0,2.0,2.0,16.0,8.0,12.5,7.97668436700926,12.463569323451969,45.51944466254669,0.0,98.53663244845818,34078720.0,4194304.0,38273024.0,545259520.0,67108864.0,612368384.0,16.0,16.0,546815764.0,250752524.0,797568288.0,17268612.0,0.0,0.0,0.0,30811827.0,30767880.39285714,2483027968.0,1.4390512128680213,1337.8684238004246,33142112.0,144965632.0,199374541.0
test,l1config-70_l2config-10,4,32.0,2.0,2.0,16.0,8.0,12.5,7.976617735086883,12.463465211073254,45.51671922032624,0.0,98.53006241760183,34078720.0,4194304.0,38273024.0,545259520.0,67108864.0,612368384.0,16.0,16.0,546789268.0,250700492.0,797489760.0,17412528.0,0.0,0.0,0.0,30804260.0,30770155.55357143,2483027968.0,1.4394044557869397,1338.4577276794985,33127520.0,144965632.0,199373537.0
test,l1config-70_l2config-10,5,32.0,2.0,2.0,16.0,8.0,12.5,7.976633962408339,12.46349056626303,45.51866838477927,0.0,98.53506552666718,34078720.0,4194304.0,38273024.0,545259520.0,67108864.0,612368384.0,16.0,16.0,546804556.0,250700364.0,797504920.0,17401524.0,0.0,0.0,0.0,30810910.0,30762378.51785714,2483027968.0,1.4390941472791843,1338.099689539364,33136384.0,144965632.0,199384610.0
test,l1config-70_l2config-10,6,32.0,2.0,2.0,16.0,8.0,12.5,7.976656867224843,12.463526355038818,45.51820982324913,0.0,98.53379067438757,34078720.0,4194304.0,38273024.0,545259520.0,67108864.0,612368384.0,16.0,16.0,546806296.0,250713692.0,797519988.0,17408568.0,0.0,0.0,0.0,30809540.0,30766833.76785714,2483027968.0,1.4391580457124815,1337.7160130046038,33145888.0,144965632.0,199379788.0
test,l1config-70_l2config-10,7,32.0,2.0,2.0,16.0,8.0,12.5,7.976618397570354,12.463466246203678,45.52092816929086,0.0,98.5214480167632,34078720.0,4194304.0,38273024.0,545259520.0,67108864.0,612368384.0,16.0,16.0,546801480.0,250720976.0,797522456.0,17432516.0,0.0,0.0,0.0,30800827.0,30765102.39285714,2483027968.0,1.4395651460679806,1338.0221613893439,33138304.0,144965632.0,199373428.0
test,l1config-70_l2config-10,8,32.0,2.0,2.0,16.0,8.0,12.5,7.976652232785134,12.463519113726772,45.52186573619773,0.0,98.53888140126098,34078720.0,4194304.0,38273024.0,545259520.0,67108864.0,612368384.0,16.0,16.0,546811460.0,250757736.0,797569196.0,17400456.0,0.0,0.0,0.0,30814522.0,30766709.19642857,2483027968.0,1.4389252034311342,1338.7279988273588,33120832.0,144965632.0,199381022.0
test,l1config-70_l2config-10,9,32.0,2.0,2.0,16.0,8.0,12.5,7.9766213681826645,12.463470887785414,45.517313612371474,0.0,98.51683407594282,34078720.0,4194304.0,38273024.0,545259520.0,67108864.0,612368384.0,16.0,16.0,546806768.0,250756236.0,797563004.0,17427224.0,0.0,0.0,0.0,30814359.0,30767367.82142857,2483027968.0,1.4389330718076725,1338.2625279019474,33132352.0,144965632.0,199385708.0
test,l1config-70_l2config-10,10,32.0,2.0,2.0,16.0,8.0,12.5,7.976625571145787,12.463477454915292,45.52138598621924,0.0,98.50706757621946,34078720.0,4194304.0,38273024.0,545259520.0,67108864.0,612368384.0,16.0,16.0,546794732.0,250695944.0,797490676.0,17417340.0,0.0,0.0,0.0,30825338.0,30757576.589285713,2483027968.0,1.438420114701491,1338.4047207839124,33128832.0,144965632.0,199382447.0
test,l1config-70_l2config-10,11,32.0,2.0,2.0,16.0,8.0,12.5,7.976633353749787,12.463489615234042,45.519416675290984,0.0,98.53873132383562,34078720.0,4194304.0,38273024.0,545259520.0,67108864.0,612368384.0,16.0,16.0,546805556.0,250742332.0,797547888.0,17385692.0,0.0,0.0,0.0,30815446.0,30756938.42857143,2483027968.0,1.4388819405716857,1338.3827435463058,33129376.0,144965632.0,199383345.0
test,l1config-70_l2config-10,12,32.0,2.0,2.0,16.0,8.0,12.5,7.976624962628087,12.463476504106385,45.51971491443234,0.0,98.54645086309102,34078720.0,4194304.0,38273024.0,545259520.0,67108864.0,612368384.0,16.0,16.0,546803360.0,250689172.0,797492532.0,17433732.0,0.0,0.0,0.0,30814991.0,30754809.5,2483027968.0,1.4389035716762189,1338.4693639014915,33127232.0,144965632.0,199377259.0
test,l1config-70_l2config-10,13,32.0,2.0,2.0,16.0,8.0,12.5,7.976582611278671,12.463410330122922,45.519530714429905,0.0,98.50002281441968,34078720.0,4194304.0,38273024.0,545259520.0,67108864.0,612368384.0,16.0,16.0,546807052.0,250686716.0,797493768.0,17425912.0,0.0,0.0,0.0,30815711.0,30767844.35714286,2483027968.0,1.4388698353749905,1338.5857372502605,33124352.0,144965632.0,199372042.0
test,l1config-70_l2config-10,14,32.0,2.0,2.0,16.0,8.0,12.5,7.97658954541451,12.463421164710171,45.52122257098241,0.0,98.5462776085942,34078720.0,4194304.0,38273024.0,545259520.0,67108864.0,612368384.0,16.0,16.0,546813344.0,250750640.0,797563984.0,17117868.0,0.0,0.0,0.0,30806677.0,30773459.60714286,2483027968.0,1.4392918163969288,1337.8154635700023,33143424.0,144965632.0,199383263.0
test,l1config-70_l2config-10,15,32.0,2.0,2.0,16.0,8.0,12.5,7.9765964106842375,12.463431891694121,45.515376905137124,0.0,98.57991058099907,34078720.0,4194304.0,38273024.0,545259520.0,67108864.0,612368384.0,16.0,16.0,546803744.0,250730076.0,797533820.0,17434212.0,0.0,0.0,0.0,30805572.0,30767902.625,2483027968.0,1.4393434206407925,1338.4254059021748,33128320.0,144965632.0,199377740.0
test,l1config-70_l2config-10,16,32.0,2.0,2.0,16.0,8.0,12.5,7.976669884284702,12.463546694194847,45.517584669511166,0.0,98.53336095798352,34078720.0,4194304.0,38273024.0,545259520.0,67108864.0,612368384.0,16.0,16.0,546797616.0,250724876.0,797522492.0,17400748.0,0.0,0.0,0.0,30808282.0,30763144.214285713,2483027968.0,1.4392168811953212,1338.2547727955068,33132544.0,144965632.0,199378661.0
test,l1config-70_l2config-10,17,32.0,2.0,2.0,16.0,8.0,12.5,7.976644596219061,12.463507181592282,45.51680663563047,0.0,98.49230328525232,34078720.0,4194304.0,38273024.0,545259520.0,67108864.0,612368384.0,16.0,16.0,546796644.0,250678872.0,797475516.0,17405816.0,0.0,0.0,0.0,30823534.0,30760285.69642857,2483027968.0,1.4385043240333035,1337.8826333561387,33141760.0,144965632.0,199383828.0
test,l1config-70_l2config-10,18,32.0,2.0,2.0,16.0,8.0,12.5,7.976644327206091,12.463506761259517,45.5205416041062,0.0,98.51407313583618,34078720.0,4194304.0,38273024.0,545259520.0,67108864.0,612368384.0,16.0,16.0,546802636.0,250693616.0,797496252.0,17402172.0,0.0,0.0,0.0,30816343.0,30754941.785714287,2483027968.0,1.4388399526370514,1338.6633307257491,33122432.0,144965632.0,199383148.0
test,l1config-70_l2config-10,19,32.0,2.0,2.0,16.0,8.0,12.5,7.976659000134357,12.463529687709933,45.519198787041894,0.0,98.54182630889876,34078720.0,4194304.0,38273024.0,545259520.0,67108864.0,612368384.0,16.0,16.0,546805340.0,250693640.0,797498980.0,17406088.0,0.0,0.0,0.0,30804700.0,30764025.160714287,2483027968.0,1.4393841413138344,1338.5197898681936,33125984.0,144965632.0,199380178.0
test,l1config-70_l2config-10,20,32.0,2.0,2.0,16.0,8.0,12.5,7.976611149469967,12.463454921046823,45.51815078266093,0.0,98.52803643536116,34078720.0,4194304.0,38273024.0,545259520.0,67108864.0,612368384.0,16.0,16.0,546798968.0,250675340.0,797474308.0,17298716.0,0.0,0.0,0.0,30816450.0,30769627.32142857,2483027968.0,1.4388351434998679,1338.4292844330303,33128224.0,144965632.0,199380608.0
test,l1config-70_l2config-10,21,32.0,2.0,2.0,16.0,8.0,12.5,7.976611019020292,12.463454717219207,45.517429451072516,0.0,98.54354266243519,34078720.0,4194304.0,38273024.0,545259520.0,67108864.0,612368384.0,16.0,16.0,546801024.0,250731792.0,797532816.0,17162032.0,0.0,0.0,0.0,30816882.0,30761698.69642857,2483027968.0,1.4388149034544808,1338.1643031944056,33134784.0,144965632.0,199378916.0
test,l1config-70_l2config-10,22,32.0,2.0,2.0,16.0,8.0,12.5,7.976599901351903,12.463437345862348,45.52003481478574,0.0,98.5218111492049,34078720.0,4194304.0,38273024.0,545259520.0,67108864.0,612368384.0,16.0,16.0,546799612.0,250732892.0,797532504.0,17403860.0,0.0,0.0,0.0,30804848.0,30759879.48214286,2483027968.0,1.4393772025165052,1338.289671482314,33131680.0,144965632.0,199371954.0
test,l1config-70_l2config-10,23,32.0,2.0,2.0,16.0,8.0,12.5,7.976603391837055,12.4634427997454,45.51878355478008,0.0,98.53689002780325,34078720.0,4194304.0,38273024.0,545259520.0,67108864.0,612368384.0,16.0,16.0,546797244.0,250687012.0,797484256.0,17407812.0,0.0,0.0,0.0,30809928.0,30760521.01785714,2483027968.0,1.4391400620270147,1338.0803066595904,33136864.0,144965632.0,199382239.0
test,l1config-70_l2config-10,24,32.0,2.0,2.0,16.0,8.0,12.5,7.976630535305988,12.463485211415607,45.519989219115224,0.0,98.5438194509619,34078720.0,4194304.0,38273024.0,545259520.0,67108864.0,612368384.0,16.0,16.0,546794644.0,250674700.0,797469344.0,17412836.0,0.0,0.0,0.0,30806613.0,30762713.32142857,2483027968.0,1.4392946196107388,1338.2457252849247,33132768.0,144965632.0,199378725.0
test,l1config-70_l2config-10,25,32.0,2.0,2.0,16.0,8.0,12.5,7.976645955391341,12.46350930529897,45.5162382193264,0.0,98.53640049030484,34078720.0,4194304.0,38273024.0,545259520.0,67108864.0,612368384.0,16.0,16.0,546806432.0,250676744.0,797483176.0,17408740.0,0.0,0.0,0.0,30805370.0,30762783.94642857,2483027968.0,1.439352671951162,1338.089351933604,33136640.0,144965632.0,199377122.0
test,l1config-70_l2config-10,26,32.0,2.0,2.0,16.0,8.0,12.5,7.976591256297032,12.463423837964111,45.51638333837357,0.0,98.53912822770518,34078720.0,4194304.0,38273024.0,545259520.0,67108864.0,612368384.0,16.0,16.0,546781072.0,250663996.0,797445068.0,17430944.0,0.0,0.0,0.0,30819335.0,30765553.82142857,2483027968.0,1.4387007224479167,1337.9433503125967,33140256.0,144965632.0,199382374.0
test,l1config-70_l2config-10,27,32.0,2.0,2.0,16.0,8.0,12.5,7.9766455541469945,12.463508678354678,45.515860638688984,0.0,98.5418101314259,34078720.0,4194304.0,38273024.0,545259520.0,67108864.0,612368384.0,16.0,16.0,546802396.0,250706468.0,797508864.0,17411552.0,0.0,0.0,0.0,30808026.0,30762253.89285714,2483027968.0,1.4392285133926686,1338.4810003258115,33126944.0,144965632.0,199374669.0
test,l1config-70_l2config-10,28,32.0,2.0,2.0,16.0,8.0,12.5,7.976606999998699,12.463448437497968,45.52074254244727,0.0,98.58176450571625,34078720.0,4194304.0,38273024.0,545259520.0,67108864.0,612368384.0,16.0,16.0,546786744.0,250672496.0,797459240.0,17423688.0,0.0,0.0,0.0,30820427.0,30761929.69642857,2483027968.0,1.438649526035676,1338.4047207839121,33128832.0,144965632.0,199380861.0
test,l1config-70_l2config-10,29,32.0,2.0,2.0,16.0,8.0,12.5,7.9766213381603395,12.46347084087553,45.51844438638396,0.0,98.54622429517191,34078720.0,4194304.0,38273024.0,545259520.0,67108864.0,612368384.0,16.0,16.0,546810960.0,250740416.0,797551376.0,17408812.0,0.0,0.0,0.0,30806605.0,30756738.67857143,2483027968.0,1.4392951568946326,1338.718944917008,33121056.0,144965632.0,199383980.0
test,l1config-70_l2config-10,30,32.0,2.0,2.0,16.0,8.0,12.5,7.976607271940738,12.463448862407404,45.522034858219726,0.0,98.53271123620185,34078720.0,4194304.0,38273024.0,545259520.0,67108864.0,612368384.0,16.0,16.0,546795900.0,250692940.0,797488840.0,17078268.0,0.0,0.0,0.0,30812349.0,30767368.25,2483027968.0,1.439026693412673,1338.421527393798,33128416.0,144965632.0,199382015.0
test,l1config-70_l2config-10,31,32.0,2.0,2.0,16.0,8.0,12.5,7.976604874934394,12.46344511708499,45.524135304387215,0.0,98.53924489957781,34078720.0,4194304.0,38273024.0,545259520.0,67108864.0,612368384.0,16.0,16.0,546806788.0,250719168.0,797525956.0,17092680.0,0.0,0.0,0.0,30807408.0,30766739.32142857,2483027968.0,1.439257746541933,1337.7495920615472,33145056.0,144965632.0,199379237.0
test,l1config-70_l2config-10,32,32.0,2.0,2.0,16.0,8.0,12.5,7.976589749792134,12.46342148405021,45.52060413936006,0.0,98.50905309849662,34078720.0,4194304.0,38273024.0,545259520.0,67108864.0,612368384.0,16.0,16.0,546802712.0,250673404.0,797476116.0,17085840.0,0.0,0.0,0.0,30817671.0,30765424.51785714,2483027968.0,1.4387783467533182,1338.0118249814457,33138560.0,144965632.0,199374793.0
test,l1config-70_l2config-10,33,32.0,2.0,2.0,16.0,8.0,12.5,7.976620636268944,12.463469744170224,45.524405040138234,0.0,98.54041868189088,34078720.0,4194304.0,38273024.0,545259520.0,67108864.0,612368384.0,16.0,16.0,546810212.0,250712056.0,797522268.0,17079080.0,0.0,0.0,0.0,30811869.0,30765761.5,2483027968.0,1.4390492746330414,1338.206951625158,33133728.0,144965632.0,199388390.0
test,l1config-70_l2config-10,34,32.0,2.0,2.0,16.0,8.0,12.5,7.976621314162746,12.463470803379291,45.52189562786042,0.0,98.53338241312574,34078720.0,4194304.0,38273024.0,545259520.0,67108864.0,612368384.0,16.0,16.0,546803576.0,250690588.0,797494164.0,17083688.0,0.0,0.0,0.0,30811925.0,30766427.5,2483027968.0,1.4390463789664127,1337.9020105094653,33141280.0,144965632.0,199376156.0
test,l1config-70_l2config-10,35,32.0,2.0,2.0,16.0,8.0,12.5,7.9766284114879635,12.463481892949943,45.5218174734596,0.0,98.57103789427403,34078720.0,4194304.0,38273024.0,545259520.0,67108864.0,612368384.0,16.0,16.0,546791612.0,250654644.0,797446256.0,17085388.0,0.0,0.0,0.0,30823015.0,30761743.94642857,2483027968.0,1.4385287323492846,1338.2883789058994,33131712.0,144965632.0,199373661.0
test,l1config-70_l2config-10,36,32.0,2.0,2.0,16.0,8.0,12.5,7.97661648100355,12.463463251568047,45.520766148112344,0.0,98.52903147143086,34078720.0,4194304.0,38273024.0,545259520.0,67108864.0,612368384.0,16.0,16.0,546801500.0,250671380.0,797472880.0,17077728.0,0.0,0.0,0.0,30808609.0,30764992.464285713,2483027968.0,1.4392012784628145,1337.745717468942,33145152.0,144965632.0,199372447.0
test,l1config-70_l2config-10,37,32.0,2.0,2.0,16.0,8.0,12.5,7.9766493221766614,12.463514565901033,45.52149033469629,0.0,98.4874139168289,34078720.0,4194304.0,38273024.0,545259520.0,67108864.0,612368384.0,16.0,16.0,546793560.0,250771208.0,797564768.0,17083788.0,0.0,0.0,0.0,30801788.0,30761731.67857143,2483027968.0,1.4395202206774136,1338.006656837384,33138688.0,144965632.0,199371695.0
test,l1config-70_l2config-10,38,32.0,2.0,2.0,16.0,8.0,12.5,7.976621744440072,12.463471475687612,45.51966959405901,0.0,98.51810056107209,34078720.0,4194304.0,38273024.0,545259520.0,67108864.0,612368384.0,16.0,16.0,546789976.0,250780580.0,797570556.0,17085332.0,0.0,0.0,0.0,30813984.0,30761436.089285713,2483027968.0,1.4389505366422999,1337.7741316692661,33144448.0,144965632.0,199387190.0
test,l1config-70_l2config-10,39,32.0,2.0,2.0,16.0,8.0,12.5,7.97660333459606,12.463442710306344,45.52087505883263,0.0,98.51681206570304,34078720.0,4194304.0,38273024.0,545259520.0,67108864.0,612368384.0,16.0,16.0,546805296.0,250679628.0,797484924.0,17079440.0,0.0,0.0,0.0,30813043.0,30772506.39285714,2483027968.0,1.4389941772333124,1338.258650337492,33132448.0,144965632.0,199380751.0
test,l1config-70_l2config-10,40,32.0,2.0,2.0,16.0,8.0,12.5,7.976606836615952,12.463448182212424,45.52362906995066,0.0,98.54619908972607,34078720.0,4194304.0,38273024.0,545259520.0,67108864.0,612368384.0,16.0,16.0,546798496.0,250733940.0,797532436.0,17083040.0,0.0,0.0,0.0,30814955.0,30762650.714285713,2483027968.0,1.4389051593058397,1338.2728681836832,33132096.0,144965632.0,199378713.0
test,l1config-70_l2config-10,41,32.0,2.0,2.0,16.0,8.0,12.5,7.976549724806141,12.463358945009595,45.523319475176486,0.0,98.54419199441824,34078720.0,4194304.0,38273024.0,545259520.0,67108864.0,612368384.0,16.0,16.0,546789840.0,250710060.0,797499900.0,17087300.0,0.0,0.0,0.0,30814155.0,30760831.51785714,2483027968.0,1.4389424812848832,1338.3646451866796,33129824.0,144965632.0,199374504.0
test,l1config-70_l2config-10,42,32.0,2.0,2.0,16.0,8.0,12.5,7.976648205385713,12.463512820915176,45.521848083382054,0.0,98.5032525568732,34078720.0,4194304.0,38273024.0,545259520.0,67108864.0,612368384.0,16.0,16.0,546803264.0,250705812.0,797509076.0,17086476.0,0.0,0.0,0.0,30820559.0,30759696.160714287,2483027968.0,1.4386431894639524,1338.508152769413,33126272.0,144965632.0,199383512.0
test,l1config-70_l2config-10,43,32.0,2.0,2.0,16.0,8.0,12.5,7.9766198323603446,12.463468488063038,45.52107736484853,0.0,98.54864188469351,34078720.0,4194304.0,38273024.0,545259520.0,67108864.0,612368384.0,16.0,16.0,546798756.0,250699512.0,797498268.0,17084500.0,0.0,0.0,0.0,30816750.0,30764773.910714287,2483027968.0,1.4388214166249413,1338.2586503374919,33132448.0,144965632.0,199380817.0
test,l1config-70_l2config-10,44,32.0,2.0,2.0,16.0,8.0,12.5,7.976653318125435,12.463520809570992,45.52283333332884,0.0,98.54170998147558,34078720.0,4194304.0,38273024.0,545259520.0,67108864.0,612368384.0,16.0,16.0,546806972.0,250715624.0,797522596.0,17086252.0,0.0,0.0,0.0,30813782.0,30761694.69642857,2483027968.0,1.4389599113239786,1338.048003107797,33137664.0,144965632.0,199401574.0
test,l1config-70_l2config-10,45,32.0,2.0,2.0,16.0,8.0,12.5,7.9766645836712256,12.46353841198629,45.51780650832018,0.0,98.5430263166026,34078720.0,4194304.0,38273024.0,545259520.0,67108864.0,612368384.0,16.0,16.0,546799996.0,250702704.0,797502700.0,17078580.0,0.0,0.0,0.0,30813888.0,30755130.98214286,2483027968.0,1.4389545993785153,1338.0609243413455,33137344.0,144965632.0,199379862.0
test,l1config-70_l2config-10,46,32.0,2.0,2.0,16.0,8.0,12.5,7.976597844918339,12.463434132684904,45.52140385452999,0.0,98.54598516664318,34078720.0,4194304.0,38273024.0,545259520.0,67108864.0,612368384.0,16.0,16.0,546804468.0,250673856.0,797478324.0,17079992.0,0.0,0.0,0.0,30821504.0,30773893.51785714,2483027968.0,1.4385992434325514,1338.1229497363436,33135808.0,144965632.0,199377626.0
test,l1config-70_l2config-10,47,32.0,2.0,2.0,16.0,8.0,12.5,7.976616472104051,12.46346323766258,45.521425333858126,0.0,98.54051722527909,34078720.0,4194304.0,38273024.0,545259520.0,67108864.0,612368384.0,16.0,16.0,546800444.0,250718456.0,797518900.0,17083100.0,0.0,0.0,0.0,30801829.0,30760881.410714287,2483027968.0,1.439518176025442,1338.4771214952239,33127040.0,144965632.0,199379433.0
test,l1config-70_l2config-10,48,32.0,2.0,2.0,16.0,8.0,12.5,7.9766214852630135,12.46347107072346,45.52295553443704,0.0,98.53734791576,34078720.0,4194304.0,38273024.0,545259520.0,67108864.0,612368384.0,16.0,16.0,546802688.0,250747412.0,797550100.0,17082356.0,0.0,0.0,0.0,30807343.0,30763777.625,2483027968.0,1.4392606780978452,1338.4874650934162,33126784.0,144965632.0,199378059.0
test,l1config-70_l2config-10,49,32.0,2.0,2.0,16.0,8.0,12.5,7.976666117312023,12.463540808300037,45.51934073996029,0.0,98.53947883019592,34078720.0,4194304.0,38273024.0,545259520.0,67108864.0,612368384.0,16.0,16.0,546789780.0,250709108.0,797498888.0,17083032.0,0.0,0.0,0.0,30797922.0,30758710.51785714,2483027968.0,1.43970099086609,1338.2328004820176,33133088.0,144965632.0,199374514.0
test,l1config-85_l2config-55,0,32.0,2.0,3.0,16.0,8.0,12.5,7.977486407545443,12.464822511789754,30.242032309004063,0.0,98.6299795512785,34078720.0,4194304.0,38273024.0,545259520.0,67108864.0,612368384.0,16.0,16.0,603221696.0,251810712.0,855032408.0,17132412.0,0.0,0.0,0.0,31380005.0,31312130.089285713,2483027968.0,1.4129959431573624,1314.420092560558,33733344.0,144965632.0,213727107.0
test,l1config-85_l2config-55,1,32.0,2.0,3.0,16.0,8.0,12.5,7.977397830283713,12.4646841098183,30.234675534113855,0.0,98.62455134620983,34078720.0,4194304.0,38273024.0,545259520.0,67108864.0,612368384.0,16.0,16.0,603167136.0,251831608.0,854998744.0,17129848.0,0.0,0.0,0.0,31368342.0,31324309.39285714,2483027968.0,1.4135209349787226,1314.4275738850947,33733152.0,144965632.0,213744471.0
test,l1config-85_l2config-55,2,32.0,2.0,3.0,16.0,8.0,12.5,7.977505205212784,12.464851883144975,30.224707330004446,0.0,98.63870871339574,34078720.0,4194304.0,38273024.0,545259520.0,67108864.0,612368384.0,16.0,16.0,603192016.0,251792692.0,854984708.0,17133512.0,0.0,0.0,0.0,31378323.0,31314247.5,2483027968.0,1.41307148263745,1314.2704839519843,33737184.0,144965632.0,213760264.0
test,l1config-85_l2config-55,3,32.0,2.0,3.0,16.0,8.0,12.5,7.977387578287108,12.464668091073607,30.23918777237487,0.0,98.65094279188558,34078720.0,4194304.0,38273024.0,545259520.0,67108864.0,612368384.0,16.0,16.0,603140384.0,251809780.0,854950164.0,17132028.0,0.0,0.0,0.0,31376225.0,31314206.17857143,2483027968.0,1.4131655749208154,1314.0349194427238,33743232.0,144965632.0,213733550.0
test,l1config-85_l2config-55,4,32.0,2.0,3.0,16.0,8.0,12.5,7.977389097664551,12.46467046510086,30.249464177224922,0.0,98.64194846655661,34078720.0,4194304.0,38273024.0,545259520.0,67108864.0,612368384.0,16.0,16.0,603214912.0,251715192.0,854930104.0,17133704.0,0.0,0.0,0.0,31374748.0,31314794.05357143,2483027968.0,1.4132325516701796,1314.4849335359856,33731680.0,144965632.0,213736513.0
test,l1config-85_l2config-55,5,32.0,2.0,3.0,16.0,8.0,12.5,7.9773628981813784,12.464629528408404,30.23262401636349,0.0,98.62520488777903,34078720.0,4194304.0,38273024.0,545259520.0,67108864.0,612368384.0,16.0,16.0,603175036.0,251843708.0,855018744.0,17131460.0,0.0,0.0,0.0,31365514.0,31321005.285714287,2483027968.0,1.4136480664433477,1314.1620390054056,33739968.0,144965632.0,213752617.0
test,l1config-85_l2config-55,6,32.0,2.0,3.0,16.0,8.0,12.5,7.9774076259756965,12.464699415587026,30.24019248159531,0.0,98.65012863071253,34078720.0,4194304.0,38273024.0,545259520.0,67108864.0,612368384.0,16.0,16.0,603156736.0,251800508.0,854957244.0,17131252.0,0.0,0.0,0.0,31375644.0,31316596.0,2483027968.0,1.413191788332904,1314.406377020091,33733696.0,144965632.0,213744617.0
test,l1config-85_l2config-55,7,32.0,2.0,3.0,16.0,8.0,12.5,7.97743113843324,12.464736153801939,30.245989786861877,0.0,98.61958748011646,34078720.0,4194304.0,38273024.0,545259520.0,67108864.0,612368384.0,16.0,16.0,603153908.0,251779888.0,854933796.0,17133908.0,0.0,0.0,0.0,31365998.0,31315862.125,2483027968.0,1.4136264669030356,1314.458746987377,33732352.0,144965632.0,213770130.0
test,l1config-85_l2config-55,8,32.0,2.0,3.0,16.0,8.0,12.5,7.977491598281914,12.46483062231549,30.24788291606648,0.0,98.59511092597097,34078720.0,4194304.0,38273024.0,545259520.0,67108864.0,612368384.0,16.0,16.0,603239948.0,251816680.0,855056628.0,17130080.0,0.0,0.0,0.0,31381308.0,31322250.0,2483027968.0,1.412937036974211,1314.218128984677,33738528.0,144965632.0,213733689.0
test,l1config-85_l2config-55,9,32.0,2.0,3.0,16.0,8.0,12.5,7.977363193209256,12.464629989389463,30.231435708266353,0.0,98.60604919213499,34078720.0,4194304.0,38273024.0,545259520.0,67108864.0,612368384.0,16.0,16.0,603198516.0,251835840.0,855034356.0,17139860.0,0.0,0.0,0.0,31368094.0,31322437.42857143,2483027968.0,1.413531603498611,1314.1707637988345,33739744.0,144965632.0,213744929.0
test,l1config-85_l2config-55,10,32.0,2.0,3.0,16.0,8.0,12.5,7.977465045075505,12.464789132930477,30.230911220513683,0.0,98.63426458011548,34078720.0,4194304.0,38273024.0,545259520.0,67108864.0,612368384.0,16.0,16.0,603167316.0,251771988.0,854939304.0,17141700.0,0.0,0.0,0.0,31379727.0,31312958.44642857,2483027968.0,1.413007988405029,1314.397649097915,33733920.0,144965632.0,213724660.0
test,l1config-85_l2config-55,11,32.0,2.0,3.0,16.0,8.0,12.5,7.977462749190282,12.464785545609816,30.230907051261596,0.0,98.62705954249924,34078720.0,4194304.0,38273024.0,545259520.0,67108864.0,612368384.0,16.0,16.0,603179944.0,251813316.0,854993260.0,17135000.0,0.0,0.0,0.0,31370450.0,31314135.94642857,2483027968.0,1.4134257252891351,1314.3789467978424,33734400.0,144965632.0,213747045.0
test,l1config-85_l2config-55,12,32.0,2.0,3.0,16.0,8.0,12.5,7.97740843254522,12.464700675851907,30.233498482852315,0.0,98.63057065259622,34078720.0,4194304.0,38273024.0,545259520.0,67108864.0,612368384.0,16.0,16.0,603184260.0,251884752.0,855069012.0,17134668.0,0.0,0.0,0.0,31372405.0,31312985.69642857,2483027968.0,1.4133378941227766,1314.0760436688238,33742176.0,144965632.0,213737491.0
test,l1config-85_l2config-55,13,32.0,2.0,3.0,16.0,8.0,12.5,7.977401584891864,12.464689976393538,30.247502261737978,0.0,98.61731969230647,34078720.0,4194304.0,38273024.0,545259520.0,67108864.0,612368384.0,16.0,16.0,603160768.0,251845272.0,855006040.0,17135460.0,0.0,0.0,0.0,31380671.0,31317357.410714287,2483027968.0,1.412965583290041,1314.4051301669695,33733728.0,144965632.0,213754292.0
test,l1config-85_l2config-55,14,32.0,2.0,3.0,16.0,8.0,12.5,7.97743939225009,12.464749050390765,30.229961826102958,0.0,98.6318547614435,34078720.0,4194304.0,38273024.0,545259520.0,67108864.0,612368384.0,16.0,16.0,603254716.0,251826964.0,855081680.0,17135232.0,0.0,0.0,0.0,31376120.0,31324035.839285713,2483027968.0,1.4131704054120655,1314.0934910878643,33741728.0,144965632.0,213746522.0
test,l1config-85_l2config-55,15,32.0,2.0,3.0,16.0,8.0,12.5,7.977494913775722,12.464835802774566,30.23083757853522,0.0,98.62049433982601,34078720.0,4194304.0,38273024.0,545259520.0,67108864.0,612368384.0,16.0,16.0,603201292.0,251830328.0,855031620.0,17135908.0,0.0,0.0,0.0,31369454.0,31321464.089285713,2483027968.0,1.4134707038481333,1314.4375491169549,33732896.0,144965632.0,213763735.0
test,l1config-85_l2config-55,16,32.0,2.0,3.0,16.0,8.0,12.5,7.97737264909864,12.464644764216624,30.223476544994714,0.0,98.63683677286555,34078720.0,4194304.0,38273024.0,545259520.0,67108864.0,612368384.0,16.0,16.0,603127716.0,251761716.0,854889432.0,17132204.0,0.0,0.0,0.0,31379413.0,31323248.839285713,2483027968.0,1.4130222403371315,1314.4562530847818,33732416.0,144965632.0,213753928.0
test,l1config-85_l2config-55,17,32.0,2.0,3.0,16.0,8.0,12.5,7.977412645450825,12.464707258516915,30.243639651414455,0.0,98.59126557641795,34078720.0,4194304.0,38273024.0,545259520.0,67108864.0,612368384.0,16.0,16.0,603300824.0,251783708.0,855084532.0,17137636.0,0.0,0.0,0.0,31373548.0,31314915.85714286,2483027968.0,1.4132861331362037,1314.7343815338863,33725280.0,144965632.0,213738696.0
test,l1config-85_l2config-55,18,32.0,2.0,3.0,16.0,8.0,12.5,7.977423622672437,12.464724410425683,30.223093841214748,0.0,98.63118341949708,34078720.0,4194304.0,38273024.0,545259520.0,67108864.0,612368384.0,16.0,16.0,603193972.0,251853984.0,855047956.0,17145060.0,0.0,0.0,0.0,31372481.0,31321564.75,2483027968.0,1.4133345491402578,1314.1396043542493,33740544.0,144965632.0,213757395.0
test,l1config-85_l2config-55,19,32.0,2.0,3.0,16.0,8.0,12.5,7.977444564414494,12.464757131897647,30.229781990201047,0.0,98.59407262965351,34078720.0,4194304.0,38273024.0,545259520.0,67108864.0,612368384.0,16.0,16.0,603178676.0,251715828.0,854894504.0,17145700.0,0.0,0.0,0.0,31371330.0,31316265.089285713,2483027968.0,1.4133860208259372,1314.8329395791047,33722752.0,144965632.0,213743419.0
test,l1config-85_l2config-55,20,32.0,2.0,3.0,16.0,8.0,12.5,7.9774862750965605,12.464822304838377,30.253796974608527,0.0,98.63257158657899,34078720.0,4194304.0,38273024.0,545259520.0,67108864.0,612368384.0,16.0,16.0,603205348.0,251750600.0,854955948.0,17132656.0,0.0,0.0,0.0,31373744.0,31313224.464285713,2483027968.0,1.4132774728888111,1314.672010659069,33726880.0,144965632.0,213732783.0
test,l1config-85_l2config-55,21,32.0,2.0,3.0,16.0,8.0,12.5,7.97745372106697,12.46477143916714,30.249180155972937,0.0,98.62129958887067,34078720.0,4194304.0,38273024.0,545259520.0,67108864.0,612368384.0,16.0,16.0,603218476.0,251747924.0,854966400.0,17138324.0,0.0,0.0,0.0,31377419.0,31317777.94642857,2483027968.0,1.4131119800776106,1314.5772182621793,33729312.0,144965632.0,213747337.0
test,l1config-85_l2config-55,22,32.0,2.0,3.0,16.0,8.0,12.5,7.977412610943152,12.464707204598675,30.24457224286999,0.0,98.62064234557297,34078720.0,4194304.0,38273024.0,545259520.0,67108864.0,612368384.0,16.0,16.0,603134888.0,251803676.0,854938564.0,17128804.0,0.0,0.0,0.0,31365102.0,31321251.160714287,2483027968.0,1.4136667595360684,1314.164531791707,33739904.0,144965632.0,213708180.0
test,l1config-85_l2config-55,23,32.0,2.0,3.0,16.0,8.0,12.5,7.977466491574389,12.464791393084983,30.245919349328165,0.0,98.61548542497324,34078720.0,4194304.0,38273024.0,545259520.0,67108864.0,612368384.0,16.0,16.0,603199036.0,251775488.0,854974524.0,17154288.0,0.0,0.0,0.0,31375968.0,31323714.23214286,2483027968.0,1.4131772176994402,1314.4175988046372,33733408.0,144965632.0,213755442.0
test,l1config-85_l2config-55,24,32.0,2.0,3.0,16.0,8.0,12.5,7.977480421365433,12.464813158383489,30.241315066694096,0.0,98.60990094721139,34078720.0,4194304.0,38273024.0,545259520.0,67108864.0,612368384.0,16.0,16.0,603115456.0,251827920.0,854943376.0,17135712.0,0.0,0.0,0.0,31369767.0,31323514.910714287,2483027968.0,1.4134570511504865,1314.6982057056975,33726208.0,144965632.0,213742135.0
test,l1config-85_l2config-55,25,32.0,2.0,3.0,16.0,8.0,12.5,7.977465347439394,12.464789605374053,30.225644979205324,0.0,98.62639380999342,34078720.0,4194304.0,38273024.0,545259520.0,67108864.0,612368384.0,16.0,16.0,603154356.0,251828836.0,854983192.0,17152352.0,0.0,0.0,0.0,31370980.0,31324841.89285714,2483027968.0,1.413402014979684,1314.1470824861917,33740352.0,144965632.0,213736123.0
test,l1config-85_l2config-55,26,32.0,2.0,3.0,16.0,8.0,12.5,7.97740463643527,12.464694744430108,30.247351618628493,0.0,98.64868314585091,34078720.0,4194304.0,38273024.0,545259520.0,67108864.0,612368384.0,16.0,16.0,603221696.0,251786272.0,855007968.0,17132052.0,0.0,0.0,0.0,31371460.0,31312036.875,2483027968.0,1.413380265271855,1314.3240897878343,33735808.0,144965632.0,213749375.0
test,l1config-85_l2config-55,27,32.0,2.0,3.0,16.0,8.0,12.5,7.977467595451346,12.464793117892729,30.231788496433893,0.0,98.63745376086187,34078720.0,4194304.0,38273024.0,545259520.0,67108864.0,612368384.0,16.0,16.0,603300072.0,251788404.0,855088476.0,17142392.0,0.0,0.0,0.0,31376407.0,31314587.964285713,2483027968.0,1.4131576480323758,1314.5036388523724,33731200.0,144965632.0,213725664.0
test,l1config-85_l2config-55,28,32.0,2.0,3.0,16.0,8.0,12.5,7.977405610614466,12.464696266585102,30.24084962851402,0.0,98.63456344109957,34078720.0,4194304.0,38273024.0,545259520.0,67108864.0,612368384.0,16.0,16.0,603193928.0,251812228.0,855006156.0,17132548.0,0.0,0.0,0.0,31370006.0,31316786.94642857,2483027968.0,1.4134457754827299,1314.3265831889505,33735744.0,144965632.0,213774088.0
test,l1config-85_l2config-55,29,32.0,2.0,3.0,16.0,8.0,12.5,7.977425303416693,12.464727036588583,30.237761504568965,0.0,98.61492898043544,34078720.0,4194304.0,38273024.0,545259520.0,67108864.0,612368384.0,16.0,16.0,603210984.0,251766312.0,854977296.0,17140240.0,0.0,0.0,0.0,31367647.0,31322137.48214286,2483027968.0,1.4135521524004422,1314.4974036877593,33731360.0,144965632.0,213762542.0
test,l1config-85_l2config-55,30,32.0,2.0,3.0,16.0,8.0,12.5,7.977468367433477,12.46479432411481,30.237770907873834,0.0,98.61530164566639,34078720.0,4194304.0,38273024.0,545259520.0,67108864.0,612368384.0,16.0,16.0,603141168.0,251842976.0,854984144.0,17133704.0,0.0,0.0,0.0,31375090.0,31317130.23214286,2483027968.0,1.4132171018634037,1314.390168114019,33734112.0,144965632.0,213731817.0
test,l1config-85_l2config-55,31,32.0,2.0,3.0,16.0,8.0,12.5,7.97740911461078,12.464701741579344,30.23702650406324,0.0,98.62872654471158,34078720.0,4194304.0,38273024.0,545259520.0,67108864.0,612368384.0,16.0,16.0,603131576.0,251783068.0,854914644.0,17140336.0,0.0,0.0,0.0,31370410.0,31321127.42857143,2483027968.0,1.4134277753390019,1314.1620390054056,33739968.0,144965632.0,213723805.0
test,l1config-85_l2config-55,32,32.0,2.0,3.0,16.0,8.0,12.5,7.977455804483683,12.464774694505754,30.238801133246696,0.0,98.61011910460411,34078720.0,4194304.0,38273024.0,545259520.0,67108864.0,612368384.0,16.0,16.0,603216768.0,251813248.0,855030016.0,17134868.0,0.0,0.0,0.0,31374486.0,31320453.55357143,2483027968.0,1.4132442405968548,1314.4836865338214,33731712.0,144965632.0,213740518.0
test,l1config-85_l2config-55,33,32.0,2.0,3.0,16.0,8.0,12.5,7.977509115791975,12.46485799342496,30.24189740550833,0.0,98.59281229091623,34078720.0,4194304.0,38273024.0,545259520.0,67108864.0,612368384.0,16.0,16.0,603195756.0,251874328.0,855070084.0,17131332.0,0.0,0.0,0.0,31376312.0,31318952.25,2483027968.0,1.413161701543763,1314.307882911174,33736224.0,144965632.0,213744941.0
test,l1config-85_l2config-55,34,32.0,2.0,3.0,16.0,8.0,12.5,7.977485849579568,12.464821639968076,30.23446647907244,0.0,98.61407261462064,34078720.0,4194304.0,38273024.0,545259520.0,67108864.0,612368384.0,16.0,16.0,603219260.0,251778492.0,854997752.0,17135896.0,0.0,0.0,0.0,31377571.0,31318314.785714287,2483027968.0,1.4131052247136104,1314.7231543396729,33725568.0,144965632.0,213742271.0
test,l1config-85_l2config-55,35,32.0,2.0,3.0,16.0,8.0,12.5,7.977421194271765,12.464720616049634,30.234857518324386,0.0,98.59746423722756,34078720.0,4194304.0,38273024.0,545259520.0,67108864.0,612368384.0,16.0,16.0,603201184.0,251770244.0,854971428.0,17130544.0,0.0,0.0,0.0,31369789.0,31316313.75,2483027968.0,1.4134555191810698,1314.2368267084432,33738048.0,144965632.0,213749052.0
test,l1config-85_l2config-55,36,32.0,2.0,3.0,16.0,8.0,12.5,7.977485837868634,12.46482162166974,30.23430104422344,0.0,98.61703870730919,34078720.0,4194304.0,38273024.0,545259520.0,67108864.0,612368384.0,16.0,16.0,603193376.0,251771996.0,854965372.0,17132072.0,0.0,0.0,0.0,31376864.0,31325229.05357143,2483027968.0,1.4131372344520812,1314.03865790237,33743136.0,144965632.0,213742211.0
test,l1config-85_l2config-55,37,32.0,2.0,3.0,16.0,8.0,12.5,7.9774682198345355,12.464794093491461,30.24083299361861,0.0,98.65113326341964,34078720.0,4194304.0,38273024.0,545259520.0,67108864.0,612368384.0,16.0,16.0,603271444.0,251789852.0,855061296.0,17133920.0,0.0,0.0,0.0,31375950.0,31317552.76785714,2483027968.0,1.4131780171622645,1314.2505387106796,33737696.0,144965632.0,213774598.0
test,l1config-85_l2config-55,38,32.0,2.0,3.0,16.0,8.0,12.5,7.9774637046855466,12.464787038571167,30.248469520609405,0.0,98.62100016501564,34078720.0,4194304.0,38273024.0,545259520.0,67108864.0,612368384.0,16.0,16.0,603177868.0,251800072.0,854977940.0,17134184.0,0.0,0.0,0.0,31373486.0,31318298.714285713,2483027968.0,1.4132891400349585,1314.2555249642517,33737568.0,144965632.0,213736778.0
test,l1config-85_l2config-55,39,32.0,2.0,3.0,16.0,8.0,12.5,7.977393719998194,12.464677687497177,30.250196641515604,0.0,98.61419499677928,34078720.0,4194304.0,38273024.0,545259520.0,67108864.0,612368384.0,16.0,16.0,603148304.0,251783008.0,854931312.0,17136196.0,0.0,0.0,0.0,31366130.0,31319266.464285713,2483027968.0,1.4136200333647233,1314.552275166509,33729952.0,144965632.0,213740329.0
test,l1config-85_l2config-55,40,32.0,2.0,3.0,16.0,8.0,12.5,7.977489004134816,12.46482656896065,30.246368729655583,0.0,98.63184396090601,34078720.0,4194304.0,38273024.0,545259520.0,67108864.0,612368384.0,16.0,16.0,603159200.0,251791620.0,854950820.0,17137188.0,0.0,0.0,0.0,31375908.0,31319341.69642857,2483027968.0,1.4131802353948384,1314.1844744225725,33739392.0,144965632.0,213765584.0
test,l1config-85_l2config-55,41,32.0,2.0,3.0,16.0,8.0,12.5,7.9774432971319005,12.464755151768594,30.227117649903384,0.0,98.64095719448095,34078720.0,4194304.0,38273024.0,545259520.0,67108864.0,612368384.0,16.0,16.0,603238980.0,251728764.0,854967744.0,17134592.0,0.0,0.0,0.0,31375852.0,31317349.30357143,2483027968.0,1.4131825549754349,1314.3689724554222,33734656.0,144965632.0,213765838.0
test,l1config-85_l2config-55,42,32.0,2.0,3.0,16.0,8.0,12.5,7.977439655047009,12.464749461010951,30.231825191639157,0.0,98.66051725822915,34078720.0,4194304.0,38273024.0,545259520.0,67108864.0,612368384.0,16.0,16.0,603109708.0,251754508.0,854864216.0,17148400.0,0.0,0.0,0.0,31370974.0,31325899.875,2483027968.0,1.413402003716068,1314.0187196967304,33743648.0,144965632.0,213729611.0
test,l1config-85_l2config-55,43,32.0,2.0,3.0,16.0,8.0,12.5,7.977465559771262,12.464789937142596,30.237616101987907,0.0,98.63495612609906,34078720.0,4194304.0,38273024.0,545259520.0,67108864.0,612368384.0,16.0,16.0,603176156.0,251746364.0,854922520.0,17135360.0,0.0,0.0,0.0,31378922.0,31321247.76785714,2483027968.0,1.4130440465748504,1314.0797823624728,33742080.0,144965632.0,213722026.0
test,l1config-85_l2config-55,44,32.0,2.0,3.0,16.0,8.0,12.5,7.977398340683831,12.464684907318487,30.236358504483775,0.0,98.62088670246727,34078720.0,4194304.0,38273024.0,545259520.0,67108864.0,612368384.0,16.0,16.0,603239040.0,251759528.0,854998568.0,17131708.0,0.0,0.0,0.0,31366930.0,31317378.26785714,2483027968.0,1.4135843175882548,1314.5909373682775,33728960.0,144965632.0,213747630.0
test,l1config-85_l2config-55,45,32.0,2.0,3.0,16.0,8.0,12.5,7.977406486426379,12.464697635041217,30.229162145090132,0.0,98.63272050145959,34078720.0,4194304.0,38273024.0,545259520.0,67108864.0,612368384.0,16.0,16.0,603169804.0,251798888.0,854968692.0,17139564.0,0.0,0.0,0.0,31369524.0,31327173.89285714,2483027968.0,1.4134676173241074,1314.3639853409804,33734784.0,144965632.0,213741393.0
test,l1config-85_l2config-55,46,32.0,2.0,3.0,16.0,8.0,12.5,7.977507789895429,12.464855921711608,30.247742429303603,0.0,98.65081322361279,34078720.0,4194304.0,38273024.0,545259520.0,67108864.0,612368384.0,16.0,16.0,603196288.0,251813496.0,855009784.0,17134248.0,0.0,0.0,0.0,31378635.0,31316204.125,2483027968.0,1.4130573760675995,1314.3427905268074,33735328.0,144965632.0,213734058.0
test,l1config-85_l2config-55,47,32.0,2.0,3.0,16.0,8.0,12.5,7.9774902052641865,12.464828445725292,30.22595332684625,0.0,98.65061304687501,34078720.0,4194304.0,38273024.0,545259520.0,67108864.0,612368384.0,16.0,16.0,603160100.0,251795080.0,854955180.0,17133476.0,0.0,0.0,0.0,31368002.0,31321179.5,2483027968.0,1.4135361886458666,1313.9501867293213,33745408.0,144965632.0,213751961.0
test,l1config-85_l2config-55,48,32.0,2.0,3.0,16.0,8.0,12.5,7.9774415758193955,12.464752462217806,30.23674921341053,0.0,98.61933748910377,34078720.0,4194304.0,38273024.0,545259520.0,67108864.0,612368384.0,16.0,16.0,603159572.0,251791088.0,854950660.0,17131568.0,0.0,0.0,0.0,31373212.0,31320655.964285713,2483027968.0,1.4133015619283447,1314.7169170924092,33725728.0,144965632.0,213748974.0
test,l1config-85_l2config-55,49,32.0,2.0,3.0,16.0,8.0,12.5,7.977463369364917,12.464786514632682,30.23801071719579,0.0,98.63662699074946,34078720.0,4194304.0,38273024.0,545259520.0,67108864.0,612368384.0,16.0,16.0,603196208.0,251802432.0,854998640.0,17130280.0,0.0,0.0,0.0,31378049.0,31312159.42857143,2483027968.0,1.4130836079828342,1314.5210976279786,33730752.0,144965632.0,213740897.0
test,l1config-100_l2config-70,0,32.0,2.0,3.0,16.0,8.0,12.5,7.9774437243459735,12.464755819290584,30.185421738091524,0.0,98.60017735471189,34078720.0,4194304.0,38273024.0,545259520.0,67108864.0,612368384.0,16.0,16.0,603154224.0,251760032.0,854914256.0,17136384.0,0.0,0.0,0.0,31362396.0,31314585.76785714,2483027968.0,1.413788902162716,1314.6682685947635,33726976.0,144965632.0,213761370.0
test,l1config-100_l2config-70,1,32.0,2.0,3.0,16.0,8.0,12.5,7.977458710427903,12.464779235043597,30.200550738371057,0.0,98.6202378335913,34078720.0,4194304.0,38273024.0,545259520.0,67108864.0,612368384.0,16.0,16.0,603137396.0,251824232.0,854961628.0,17134644.0,0.0,0.0,0.0,31370993.0,31323962.089285713,2483027968.0,1.4134010913637745,1314.1944459649808,33739136.0,144965632.0,213744376.0
test,l1config-100_l2config-70,2,32.0,2.0,3.0,16.0,8.0,12.5,7.977411101956739,12.464704846807404,30.20975619366808,0.0,98.6160738837892,34078720.0,4194304.0,38273024.0,545259520.0,67108864.0,612368384.0,16.0,16.0,603237404.0,251767332.0,855004736.0,17130184.0,0.0,0.0,0.0,31375904.0,31315244.14285714,2483027968.0,1.4131803029553305,1314.6857317437816,33726528.0,144965632.0,213725126.0
test,l1config-100_l2config-70,3,32.0,2.0,3.0,16.0,8.0,12.5,7.977375042741766,12.464648504284009,30.19913554534327,0.0,98.64138952856052,34078720.0,4194304.0,38273024.0,545259520.0,67108864.0,612368384.0,16.0,16.0,603186128.0,251820344.0,855006472.0,17139092.0,0.0,0.0,0.0,31377657.0,31317435.64285714,2483027968.0,1.4131014867732874,1314.4674757209843,33732128.0,144965632.0,213740364.0
test,l1config-100_l2config-70,4,32.0,2.0,3.0,16.0,8.0,12.5,7.977412483093429,12.464707004833484,30.203960551969118,0.0,98.62312086205526,34078720.0,4194304.0,38273024.0,545259520.0,67108864.0,612368384.0,16.0,16.0,603255236.0,251800456.0,855055692.0,17132228.0,0.0,0.0,0.0,31372321.0,31322972.839285713,2483027968.0,1.4133418022537219,1314.4525122486323,33732512.0,144965632.0,213760990.0
test,l1config-100_l2config-70,5,32.0,2.0,3.0,16.0,8.0,12.5,7.977432634188663,12.464738490919785,30.195600861434833,0.0,98.64296502119299,34078720.0,4194304.0,38273024.0,545259520.0,67108864.0,612368384.0,16.0,16.0,603251396.0,251853736.0,855105132.0,17137008.0,0.0,0.0,0.0,31371667.0,31313951.25,2483027968.0,1.413371040714452,1314.5011447794288,33731264.0,144965632.0,213759550.0
test,l1config-100_l2config-70,6,32.0,2.0,3.0,16.0,8.0,12.5,7.977424013695557,12.464725021399307,30.220543143354522,0.0,98.62398034878893,34078720.0,4194304.0,38273024.0,545259520.0,67108864.0,612368384.0,16.0,16.0,603195524.0,251753052.0,854948576.0,17139996.0,0.0,0.0,0.0,31369941.0,31325820.10714286,2483027968.0,1.4134487267390272,1314.4575000348964,33732384.0,144965632.0,213746015.0
test,l1config-100_l2config-70,7,32.0,2.0,3.0,16.0,8.0,12.5,7.977432392839734,12.464738113812086,30.201038555993602,0.0,98.62107580022072,34078720.0,4194304.0,38273024.0,545259520.0,67108864.0,612368384.0,16.0,16.0,603158780.0,251847700.0,855006480.0,17140280.0,0.0,0.0,0.0,31370193.0,31319698.089285713,2483027968.0,1.413437484996627,1314.711927337208,33725856.0,144965632.0,213732853.0
test,l1config-100_l2config-70,8,32.0,2.0,3.0,16.0,8.0,12.5,7.977422585276985,12.464722789495289,30.20468418363103,0.0,98.63778635651661,34078720.0,4194304.0,38273024.0,545259520.0,67108864.0,612368384.0,16.0,16.0,603249160.0,251793676.0,855042836.0,17155012.0,0.0,0.0,0.0,31360286.0,31312325.42857143,2483027968.0,1.4138837324787685,1314.4811925365905,33731776.0,144965632.0,213715619.0
test,l1config-100_l2config-70,9,32.0,2.0,3.0,16.0,8.0,12.5,7.977408378410503,12.464700591266412,30.2111555785879,0.0,98.62477389801106,34078720.0,4194304.0,38273024.0,545259520.0,67108864.0,612368384.0,16.0,16.0,603162520.0,251845804.0,855008324.0,17130348.0,0.0,0.0,0.0,31367082.0,31321643.35714286,2483027968.0,1.4135774450433722,1314.57846544181,33729280.0,144965632.0,213768624.0
test,l1config-100_l2config-70,10,32.0,2.0,3.0,16.0,8.0,12.5,7.977468240160701,12.464794125251096,30.213800845887327,0.0,98.6426886213448,34078720.0,4194304.0,38273024.0,545259520.0,67108864.0,612368384.0,16.0,16.0,603272896.0,251863504.0,855136400.0,17133212.0,0.0,0.0,0.0,31375168.0,31315469.714285713,2483027968.0,1.4132133520705745,1314.8603887538843,33722048.0,144965632.0,213750601.0
test,l1config-100_l2config-70,11,32.0,2.0,3.0,16.0,8.0,12.5,7.977455522741894,12.46477425428421,30.188342960694108,0.0,98.62002458762824,34078720.0,4194304.0,38273024.0,545259520.0,67108864.0,612368384.0,16.0,16.0,603134476.0,251769456.0,854903932.0,17129024.0,0.0,0.0,0.0,31373541.0,31314641.10714286,2483027968.0,1.4132864822511328,1314.435055294796,33732960.0,144965632.0,213721793.0
test,l1config-100_l2config-70,12,32.0,2.0,3.0,16.0,8.0,12.5,7.977441710811288,12.464752673142637,30.207415994307585,0.0,98.63329616978723,34078720.0,4194304.0,38273024.0,545259520.0,67108864.0,612368384.0,16.0,16.0,603173984.0,251748416.0,854922400.0,17132428.0,0.0,0.0,0.0,31368332.0,31326060.035714287,2483027968.0,1.4135214757234804,1314.218128984677,33738528.0,144965632.0,213755258.0
test,l1config-100_l2config-70,13,32.0,2.0,3.0,16.0,8.0,12.5,7.977479856773671,12.464812276208862,30.203044422486087,0.0,98.63955461505796,34078720.0,4194304.0,38273024.0,545259520.0,67108864.0,612368384.0,16.0,16.0,603172724.0,251779140.0,854951864.0,17133132.0,0.0,0.0,0.0,31378758.0,31315735.875,2483027968.0,1.413051398029193,1314.1184167759243,33741088.0,144965632.0,213759568.0
test,l1config-100_l2config-70,14,32.0,2.0,3.0,16.0,8.0,12.5,7.977474697434273,12.46480421474105,30.195564786766433,0.0,98.6371611097121,34078720.0,4194304.0,38273024.0,545259520.0,67108864.0,612368384.0,16.0,16.0,603228972.0,251820536.0,855049508.0,17152148.0,0.0,0.0,0.0,31368067.0,31312243.10714286,2483027968.0,1.4135330004445013,1314.4487714337754,33732608.0,144965632.0,213744622.0
test,l1config-100_l2config-70,15,32.0,2.0,3.0,16.0,8.0,12.5,7.9775066348606405,12.46485411696975,30.201745603257756,0.0,98.63230085076354,34078720.0,4194304.0,38273024.0,545259520.0,67108864.0,612368384.0,16.0,16.0,603157656.0,251815140.0,854972796.0,17132136.0,0.0,0.0,0.0,31356409.0,31317739.82142857,2483027968.0,1.414058583157369,1314.4786985488233,33731840.0,144965632.0,213762296.0
test,l1config-100_l2config-70,16,32.0,2.0,3.0,16.0,8.0,12.5,7.97746529582728,12.464789524730124,30.217132639358073,0.0,98.60082286326606,34078720.0,4194304.0,38273024.0,545259520.0,67108864.0,612368384.0,16.0,16.0,603270892.0,251815068.0,855085960.0,17139864.0,0.0,0.0,0.0,31373413.0,31317780.92857143,2483027968.0,1.413292338398239,1314.526085934762,33730624.0,144965632.0,213753585.0
test,l1config-100_l2config-70,17,32.0,2.0,3.0,16.0,8.0,12.5,7.9774022971854075,12.464691089352199,30.21482302356221,0.0,98.62492118575238,34078720.0,4194304.0,38273024.0,545259520.0,67108864.0,612368384.0,16.0,16.0,603212140.0,251772632.0,854984772.0,17131552.0,0.0,0.0,0.0,31374362.0,31317834.07142857,2483027968.0,1.4132494770284536,1314.5472866609607,33730080.0,144965632.0,213768570.0
test,l1config-100_l2config-70,18,32.0,2.0,3.0,16.0,8.0,12.5,7.977415874955147,12.464712304617418,30.213132423136635,0.0,98.61866253129536,34078720.0,4194304.0,38273024.0,545259520.0,67108864.0,612368384.0,16.0,16.0,603122980.0,251786012.0,854908992.0,17148100.0,0.0,0.0,0.0,31373461.0,31320834.5,2483027968.0,1.4132903450504104,1314.543545306646,33730176.0,144965632.0,213743467.0
test,l1config-100_l2config-70,19,32.0,2.0,3.0,16.0,8.0,12.5,7.977339573903429,12.46459308422411,30.206303965610786,0.0,98.62565019484875,34078720.0,4194304.0,38273024.0,545259520.0,67108864.0,612368384.0,16.0,16.0,603187040.0,251740924.0,854927964.0,17134988.0,0.0,0.0,0.0,31365325.0,31321321.89285714,2483027968.0,1.4136566523594496,1314.3627385682832,33734816.0,144965632.0,213721257.0
test,l1config-100_l2config-70,20,32.0,2.0,3.0,16.0,8.0,12.5,7.97745631860883,12.464775497826297,30.212436174034508,0.0,98.66432446184704,34078720.0,4194304.0,38273024.0,545259520.0,67108864.0,612368384.0,16.0,16.0,603229364.0,251797748.0,855027112.0,17132276.0,0.0,0.0,0.0,31377720.0,31320016.10714286,2483027968.0,1.4130988522127719,1314.383934025822,33734272.0,144965632.0,213745717.0
test,l1config-100_l2config-70,21,32.0,2.0,3.0,16.0,8.0,12.5,7.977461853202251,12.464784145628517,30.21115753585608,0.0,98.6502811698365,34078720.0,4194304.0,38273024.0,545259520.0,67108864.0,612368384.0,16.0,16.0,603222980.0,251848432.0,855071412.0,17131836.0,0.0,0.0,0.0,31377018.0,31315969.98214286,2483027968.0,1.4131300284752224,1314.4113644562335,33733568.0,144965632.0,213749364.0
test,l1config-100_l2config-70,22,32.0,2.0,3.0,16.0,8.0,12.5,7.977364906297867,12.464632666090417,30.20230773830549,0.0,98.61838113934004,34078720.0,4194304.0,38273024.0,545259520.0,67108864.0,612368384.0,16.0,16.0,603246788.0,251804744.0,855051532.0,17138592.0,0.0,0.0,0.0,31384374.0,31320480.01785714,2483027968.0,1.4127983853763744,1314.6083984629129,33728512.0,144965632.0,213758443.0
test,l1config-100_l2config-70,23,32.0,2.0,3.0,16.0,8.0,12.5,7.977403401554119,12.464692814928311,30.209309132193496,0.0,98.63386537168381,34078720.0,4194304.0,38273024.0,545259520.0,67108864.0,612368384.0,16.0,16.0,603147600.0,251791336.0,854938936.0,17133944.0,0.0,0.0,0.0,31372212.0,31314069.94642857,2483027968.0,1.413346262279709,1314.7456089198522,33724992.0,144965632.0,213740862.0
test,l1config-100_l2config-70,24,32.0,2.0,3.0,16.0,8.0,12.5,7.977380087590769,12.464656386860577,30.195134086518916,0.0,98.63374595037419,34078720.0,4194304.0,38273024.0,545259520.0,67108864.0,612368384.0,16.0,16.0,603217860.0,251830488.0,855048348.0,17129464.0,0.0,0.0,0.0,31371804.0,31315546.92857143,2483027968.0,1.4133645644487807,1313.9576627056451,33745216.0,144965632.0,213746713.0
test,l1config-100_l2config-70,25,32.0,2.0,3.0,16.0,8.0,12.5,7.977437198284078,12.464745622318873,30.216323406668977,0.0,98.61795927594501,34078720.0,4194304.0,38273024.0,545259520.0,67108864.0,612368384.0,16.0,16.0,603162332.0,251802908.0,854965240.0,17134180.0,0.0,0.0,0.0,31370049.0,31316676.589285713,2483027968.0,1.4134436240021278,1314.5460395404896,33730112.0,144965632.0,213759302.0
test,l1config-100_l2config-70,26,32.0,2.0,3.0,16.0,8.0,12.5,7.977443801220137,12.464755939406464,30.19473579911554,0.0,98.62767644391289,34078720.0,4194304.0,38273024.0,545259520.0,67108864.0,612368384.0,16.0,16.0,603210160.0,251736868.0,854947028.0,17133944.0,0.0,0.0,0.0,31369411.0,31320565.125,2483027968.0,1.4134727652932209,1314.6757527446775,33726784.0,144965632.0,213744965.0
test,l1config-100_l2config-70,27,32.0,2.0,3.0,16.0,8.0,12.5,7.97744660902988,12.464760326609188,30.207296047421085,0.0,98.60663966058877,34078720.0,4194304.0,38273024.0,545259520.0,67108864.0,612368384.0,16.0,16.0,603181764.0,251772704.0,854954468.0,17132724.0,0.0,0.0,0.0,31363280.0,31321933.910714287,2483027968.0,1.4137488842953847,1314.102214971127,33741504.0,144965632.0,213766731.0
test,l1config-100_l2config-70,28,32.0,2.0,3.0,16.0,8.0,12.5,7.977445445617925,12.464758508778008,30.2104514676097,0.0,98.63666888685508,34078720.0,4194304.0,38273024.0,545259520.0,67108864.0,612368384.0,16.0,16.0,603188364.0,251812584.0,855000948.0,17136932.0,0.0,0.0,0.0,31373631.0,31314144.339285713,2483027968.0,1.4132825631644073,1314.6582898607612,33727232.0,144965632.0,213758800.0
test,l1config-100_l2config-70,29,32.0,2.0,3.0,16.0,8.0,12.5,7.977351696003278,12.464612025005122,30.202816591640108,0.0,98.61864297715607,34078720.0,4194304.0,38273024.0,545259520.0,67108864.0,612368384.0,16.0,16.0,603295064.0,251732268.0,855027332.0,17143420.0,0.0,0.0,0.0,31371227.0,31325567.0,2483027968.0,1.413390424813848,1314.2642509990453,33737344.0,144965632.0,213739605.0
test,l1config-100_l2config-70,30,32.0,2.0,3.0,16.0,8.0,12.5,7.9773741113642815,12.46464704900669,30.202918760767194,0.0,98.62450573778557,34078720.0,4194304.0,38273024.0,545259520.0,67108864.0,612368384.0,16.0,16.0,603279060.0,251804160.0,855083220.0,17129920.0,0.0,0.0,0.0,31372806.0,31319016.14285714,2483027968.0,1.41331969400515,1314.5884429640519,33729024.0,144965632.0,213746595.0
test,l1config-100_l2config-70,31,32.0,2.0,3.0,16.0,8.0,12.5,7.977443680696833,12.464755751088802,30.20406127879751,0.0,98.63876899098467,34078720.0,4194304.0,38273024.0,545259520.0,67108864.0,612368384.0,16.0,16.0,603206204.0,251793084.0,854999288.0,17133432.0,0.0,0.0,0.0,31386189.0,31318958.51785714,2483027968.0,1.4127171924527095,1314.543545306646,33730176.0,144965632.0,213765318.0
test,l1config-100_l2config-70,32,32.0,2.0,3.0,16.0,8.0,12.5,7.977430955923672,12.464735868630736,30.21314675920924,0.0,98.6427375620696,34078720.0,4194304.0,38273024.0,545259520.0,67108864.0,612368384.0,16.0,16.0,603152608.0,251845580.0,854998188.0,17133188.0,0.0,0.0,0.0,31368128.0,31309541.785714287,2483027968.0,1.4135304994626834,1314.1470824861915,33740352.0,144965632.0,213741487.0
test,l1config-100_l2config-70,33,32.0,2.0,3.0,16.0,8.0,12.5,7.977350968960643,12.464610889001005,30.2115421533682,0.0,98.62732206984549,34078720.0,4194304.0,38273024.0,545259520.0,67108864.0,612368384.0,16.0,16.0,603187096.0,251763196.0,854950292.0,17136768.0,0.0,0.0,0.0,31373255.0,31320663.44642857,2483027968.0,1.4132993658388282,1314.0735512182102,33742240.0,144965632.0,213740176.0
test,l1config-100_l2config-70,34,32.0,2.0,3.0,16.0,8.0,12.5,7.97742187094473,12.464721673351141,30.215700810249906,0.0,98.62042093260828,34078720.0,4194304.0,38273024.0,545259520.0,67108864.0,612368384.0,16.0,16.0,603160932.0,251787900.0,854948832.0,17133632.0,0.0,0.0,0.0,31372225.0,31316380.73214286,2483027968.0,1.4133456878808437,1314.7194119842131,33725664.0,144965632.0,213749796.0
test,l1config-100_l2config-70,35,32.0,2.0,3.0,16.0,8.0,12.5,7.977474536863919,12.464803963849873,30.19773938849938,0.0,98.61314590691397,34078720.0,4194304.0,38273024.0,545259520.0,67108864.0,612368384.0,16.0,16.0,603190912.0,251813184.0,855004096.0,17141292.0,0.0,0.0,0.0,31379120.0,31323982.55357143,2483027968.0,1.4130351078498022,1314.3801936012892,33734368.0,144965632.0,213761406.0
test,l1config-100_l2config-70,36,32.0,2.0,3.0,16.0,8.0,12.5,7.977372445085995,12.464644445446867,30.21036540923237,0.0,98.64471221346169,34078720.0,4194304.0,38273024.0,545259520.0,67108864.0,612368384.0,16.0,16.0,603276952.0,251785072.0,855062024.0,17138896.0,0.0,0.0,0.0,31362667.0,31313439.48214286,2483027968.0,1.413776392814067,1314.1794887081126,33739520.0,144965632.0,213743624.0
test,l1config-100_l2config-70,37,32.0,2.0,3.0,16.0,8.0,12.5,7.9774462497703755,12.464759765266212,30.188312786901182,0.0,98.61391695140223,34078720.0,4194304.0,38273024.0,545259520.0,67108864.0,612368384.0,16.0,16.0,603182492.0,251784844.0,854967336.0,17133288.0,0.0,0.0,0.0,31367480.0,31318076.339285713,2483027968.0,1.41355953167491,1314.2742237521254,33737088.0,144965632.0,213749300.0
test,l1config-100_l2config-70,38,32.0,2.0,3.0,16.0,8.0,12.5,7.977431597472712,12.464736871051112,30.21293922749238,0.0,98.63529166802017,34078720.0,4194304.0,38273024.0,545259520.0,67108864.0,612368384.0,16.0,16.0,603146740.0,251813488.0,854960228.0,17138360.0,0.0,0.0,0.0,31364441.0,31320474.30357143,2483027968.0,1.4136967889568557,1314.5036388523722,33731200.0,144965632.0,213749117.0
test,l1config-100_l2config-70,39,32.0,2.0,3.0,16.0,8.0,12.5,7.977456722172413,12.464776128394394,30.191756083936237,0.0,98.6397264233135,34078720.0,4194304.0,38273024.0,545259520.0,67108864.0,612368384.0,16.0,16.0,603285432.0,251802712.0,855088144.0,17127824.0,0.0,0.0,0.0,31369734.0,31319577.125,2483027968.0,1.413457805871935,1314.4724636208093,33732000.0,144965632.0,213733240.0
test,l1config-100_l2config-70,40,32.0,2.0,3.0,16.0,8.0,12.5,7.977472316908133,12.464800495168959,30.19614361837758,0.0,98.62465173331049,34078720.0,4194304.0,38273024.0,545259520.0,67108864.0,612368384.0,16.0,16.0,603206864.0,251826328.0,855033192.0,17135172.0,0.0,0.0,0.0,31371661.0,31313763.285714287,2483027968.0,1.4133710069250858,1314.5871957654888,33729056.0,144965632.0,213747168.0
test,l1config-100_l2config-70,41,32.0,2.0,3.0,16.0,8.0,12.5,7.977353103146432,12.464614223666299,30.203741173736386,0.0,98.6081621057142,34078720.0,4194304.0,38273024.0,545259520.0,67108864.0,612368384.0,16.0,16.0,603229176.0,251744996.0,854974172.0,17133528.0,0.0,0.0,0.0,31374350.0,31320421.589285713,2483027968.0,1.4132501526998735,1313.966384785545,33744992.0,144965632.0,213753382.0
test,l1config-100_l2config-70,42,32.0,2.0,3.0,16.0,8.0,12.5,7.977433158125037,12.464739309570371,30.211937174817976,0.0,98.6389354208919,34078720.0,4194304.0,38273024.0,545259520.0,67108864.0,612368384.0,16.0,16.0,603187288.0,251826812.0,855014100.0,17130764.0,0.0,0.0,0.0,31370688.0,31317159.785714287,2483027968.0,1.4134147992994937,1314.4886745566746,33731584.0,144965632.0,213746706.0
test,l1config-100_l2config-70,43,32.0,2.0,3.0,16.0,8.0,12.5,7.977416033863531,12.464712552911768,30.205146738506677,0.0,98.63014273538042,34078720.0,4194304.0,38273024.0,545259520.0,67108864.0,612368384.0,16.0,16.0,603172324.0,251793048.0,854965372.0,17135992.0,0.0,0.0,0.0,31377206.0,31315842.589285713,2483027968.0,1.4131214827322989,1314.5909373682775,33728960.0,144965632.0,213749770.0
test,l1config-100_l2config-70,44,32.0,2.0,3.0,16.0,8.0,12.5,7.977384979200413,12.464664030000645,30.19782120119425,0.0,98.64173413805307,34078720.0,4194304.0,38273024.0,545259520.0,67108864.0,612368384.0,16.0,16.0,603215088.0,251757336.0,854972424.0,17128648.0,0.0,0.0,0.0,31366243.0,31321519.785714287,2483027968.0,1.4136159321554522,1314.3664788934705,33734720.0,144965632.0,213734716.0
test,l1config-100_l2config-70,45,32.0,2.0,3.0,16.0,8.0,12.5,7.977427219051922,12.464730029768628,30.198557738431365,0.0,98.62901158482981,34078720.0,4194304.0,38273024.0,545259520.0,67108864.0,612368384.0,16.0,16.0,603165296.0,251818328.0,854983624.0,17152056.0,0.0,0.0,0.0,31369922.0,31326399.964285713,2483027968.0,1.413449695474697,1314.098476149831,33741600.0,144965632.0,213733594.0
test,l1config-100_l2config-70,46,32.0,2.0,3.0,16.0,8.0,12.5,7.977445462081276,12.464758534501993,30.219063110085415,0.0,98.62349184167755,34078720.0,4194304.0,38273024.0,545259520.0,67108864.0,612368384.0,16.0,16.0,603175260.0,251778220.0,854953480.0,17134868.0,0.0,0.0,0.0,31372719.0,31318295.285714287,2483027968.0,1.413324041267864,1314.4612408994358,33732288.0,144965632.0,213775347.0
test,l1config-100_l2config-70,47,32.0,2.0,3.0,16.0,8.0,12.5,7.977462530546432,12.4647852039788,30.212375700622246,0.0,98.63181452265448,34078720.0,4194304.0,38273024.0,545259520.0,67108864.0,612368384.0,16.0,16.0,603191976.0,251718204.0,854910180.0,17139680.0,0.0,0.0,0.0,31371703.0,31318072.714285713,2483027968.0,1.4133689232506241,1314.4799455415239,33731808.0,144965632.0,213731776.0
test,l1config-100_l2config-70,48,32.0,2.0,3.0,16.0,8.0,12.5,7.977465297196072,12.464789526868863,30.204194059259343,0.0,98.6208894771125,34078720.0,4194304.0,38273024.0,545259520.0,67108864.0,612368384.0,16.0,16.0,603247556.0,251743792.0,854991348.0,17133088.0,0.0,0.0,0.0,31371125.0,31312616.19642857,2483027968.0,1.4133954821125916,1314.8129772627328,33723264.0,144965632.0,213761278.0
test,l1config-100_l2config-70,49,32.0,2.0,3.0,16.0,8.0,12.5,7.977360482678311,12.46462575418486,30.213984599481126,0.0,98.62710941247997,34078720.0,4194304.0,38273024.0,545259520.0,67108864.0,612368384.0,16.0,16.0,603194532.0,251851452.0,855045984.0,17137716.0,0.0,0.0,0.0,31363008.0,31319679.589285713,2483027968.0,1.413760931114257,1314.6171291841772,33728288.0,144965632.0,213748929.0
test,l1config-25_l2config-10,0,32.0,2.0,1.0,16.0,4.0,6.25,3.9982175414492995,6.247214908514531,46.37945615745569,0.0,98.59755523323378,34078720.0,4194304.0,38273024.0,545259520.0,67108864.0,612368384.0,16.0,16.0,545263040.0,276344916.0,821607956.0,17397412.0,0.0,0.0,0.0,40229062.0,40120127.48214286,2483027968.0,1.1021830873400842,1024.267853829596,43289248.0,144965632.0,205405023.0
test,l1config-25_l2config-10,1,32.0,2.0,1.0,16.0,4.0,6.25,3.998224063104648,6.247225098601013,46.37921725765803,0.0,98.63426340906315,34078720.0,4194304.0,38273024.0,545259520.0,67108864.0,612368384.0,16.0,16.0,545263152.0,276346584.0,821609736.0,17427652.0,0.0,0.0,0.0,40243487.0,40120372.625,2483027968.0,1.1017878873193072,1024.9694574925757,43259616.0,144965632.0,205402600.0
test,l1config-25_l2config-10,2,32.0,2.0,1.0,16.0,4.0,6.25,3.998214627449538,6.247210355389903,46.37932751356057,0.0,98.60792007657783,34078720.0,4194304.0,38273024.0,545259520.0,67108864.0,612368384.0,16.0,16.0,545262988.0,276353404.0,821616392.0,17401416.0,0.0,0.0,0.0,40271961.0,40139621.58928572,2483027968.0,1.1010088692692668,1024.470053510616,43280704.0,144965632.0,205400257.0
test,l1config-25_l2config-10,3,32.0,2.0,1.0,16.0,4.0,6.25,3.9982342718137613,6.247241049709002,46.379215788140456,0.0,98.59711327508333,34078720.0,4194304.0,38273024.0,545259520.0,67108864.0,612368384.0,16.0,16.0,545263560.0,276348320.0,821611880.0,17427348.0,0.0,0.0,0.0,40249117.0,40109190.71428572,2483027968.0,1.101633756812167,1024.0248654686502,43299520.0,144965632.0,205400340.0
test,l1config-25_l2config-10,4,32.0,2.0,1.0,16.0,4.0,6.25,3.998227603538786,6.247230630529353,46.379425902788505,0.0,98.61628862432872,34078720.0,4194304.0,38273024.0,545259520.0,67108864.0,612368384.0,16.0,16.0,545263784.0,276343920.0,821607704.0,17427224.0,0.0,0.0,0.0,40281224.0,40113243.83928572,2483027968.0,1.1007556831841263,1024.1414249349466,43294592.0,144965632.0,205401217.0
test,l1config-25_l2config-10,5,32.0,2.0,1.0,16.0,4.0,6.25,3.9982142753928045,6.247209805301257,46.37914754714148,0.0,98.56384879207118,34078720.0,4194304.0,38273024.0,545259520.0,67108864.0,612368384.0,16.0,16.0,545263308.0,276343464.0,821606772.0,17319908.0,0.0,0.0,0.0,40303947.0,40119668.10714286,2483027968.0,1.1001350802679066,1024.005189215486,43300352.0,144965632.0,205401858.0
test,l1config-25_l2config-10,6,32.0,2.0,1.0,16.0,4.0,6.25,3.9982372943164686,6.2472457723694825,46.37945824229804,0.0,98.58279859606665,34078720.0,4194304.0,38273024.0,545259520.0,67108864.0,612368384.0,16.0,16.0,545263216.0,276347776.0,821610992.0,17492316.0,0.0,0.0,0.0,40256343.0,40107315.428571425,2483027968.0,1.1014361917641036,1024.618535555987,43274432.0,144965632.0,205403761.0
test,l1config-25_l2config-10,7,32.0,2.0,1.0,16.0,4.0,6.25,3.998223757754289,6.2472246214910765,46.37920312522182,0.0,98.63102659684353,34078720.0,4194304.0,38273024.0,545259520.0,67108864.0,612368384.0,16.0,16.0,545263132.0,276349456.0,821612588.0,17402028.0,0.0,0.0,0.0,40242995.0,40136276.553571425,2483027968.0,1.1018015217534922,1025.0953325444134,43254304.0,144965632.0,205402101.0
test,l1config-25_l2config-10,8,32.0,2.0,1.0,16.0,4.0,6.25,3.9982413341084286,6.24725208454442,46.37955593352914,0.0,98.5966011522872,34078720.0,4194304.0,38273024.0,545259520.0,67108864.0,612368384.0,16.0,16.0,545263272.0,276342028.0,821605300.0,17429564.0,0.0,0.0,0.0,40233903.0,40080625.26785714,2483027968.0,1.102050457399936,1024.6306584394742,43273920.0,144965632.0,205399480.0
test,l1config-25_l2config-10,9,32.0,2.0,1.0,16.0,4.0,6.25,3.998254328941875,6.2472723889716795,46.378981676405765,0.0,98.58894041014557,34078720.0,4194304.0,38273024.0,545259520.0,67108864.0,612368384.0,16.0,16.0,545262836.0,276354080.0,821616916.0,17428408.0,0.0,0.0,0.0,40268801.0,40068606.75,2483027968.0,1.101095432429815,1024.1134179661576,43295776.0,144965632.0,205400942.0
test,l1config-25_l2config-10,10,32.0,2.0,1.0,16.0,4.0,6.25,3.9982274584791324,6.247230403873645,46.379009278485164,0.0,98.56223136648103,34078720.0,4194304.0,38273024.0,545259520.0,67108864.0,612368384.0,16.0,16.0,545262816.0,276335368.0,821598184.0,17250108.0,0.0,0.0,0.0,40254805.0,40121244.321428575,2483027968.0,1.1014781029080938,1024.9376144879157,43260960.0,144965632.0,205401180.0
test,l1config-25_l2config-10,11,32.0,2.0,1.0,16.0,4.0,6.25,3.99823546558183,6.2472429149716096,46.37945148077399,0.0,98.58979704185953,34078720.0,4194304.0,38273024.0,545259520.0,67108864.0,612368384.0,16.0,16.0,545263532.0,276341952.0,821605484.0,17391296.0,0.0,0.0,0.0,40217105.0,40105945.625,2483027968.0,1.1025107651748267,1024.977039451986,43259296.0,144965632.0,205401237.0
test,l1config-25_l2config-10,12,32.0,2.0,1.0,16.0,4.0,6.25,3.9982021023605343,6.247190784938335,46.379787810016516,0.0,98.58793270354221,34078720.0,4194304.0,38273024.0,545259520.0,67108864.0,612368384.0,16.0,16.0,545262440.0,276338440.0,821600880.0,17405828.0,0.0,0.0,0.0,40289467.0,40168066.21428572,2483027968.0,1.100530481540504,1025.2447545055757,43248000.0,144965632.0,205403354.0
test,l1config-25_l2config-10,13,32.0,2.0,1.0,16.0,4.0,6.25,3.998203785094417,6.2471934142100265,46.37943098128081,0.0,98.60494474235121,34078720.0,4194304.0,38273024.0,545259520.0,67108864.0,612368384.0,16.0,16.0,545262960.0,276343788.0,821606748.0,17252616.0,0.0,0.0,0.0,40279603.0,40164319.85714286,2483027968.0,1.1008002002914214,1024.7556924104188,43268640.0,144965632.0,205403008.0
test,l1config-25_l2config-10,14,32.0,2.0,1.0,16.0,4.0,6.25,3.998219658700844,6.247218216720069,46.37969636499072,0.0,98.58390953735211,34078720.0,4194304.0,38273024.0,545259520.0,67108864.0,612368384.0,16.0,16.0,545263084.0,276359136.0,821622220.0,17403708.0,0.0,0.0,0.0,40237383.0,40116445.26785714,2483027968.0,1.1019551788707183,1024.9270005927024,43261408.0,144965632.0,205403141.0
test,l1config-25_l2config-10,15,32.0,2.0,1.0,16.0,4.0,6.25,3.99822105823374,6.247220403490219,46.38024214256593,0.0,98.59237806930278,34078720.0,4194304.0,38273024.0,545259520.0,67108864.0,612368384.0,16.0,16.0,545262744.0,276348424.0,821611168.0,17431728.0,0.0,0.0,0.0,40211371.0,40120862.821428575,2483027968.0,1.1026678696645023,1024.0082162821407,43300224.0,144965632.0,205404836.0
test,l1config-25_l2config-10,16,32.0,2.0,1.0,16.0,4.0,6.25,3.9982432637634977,6.247255099630465,46.37944210222521,0.0,98.57024874625385,34078720.0,4194304.0,38273024.0,545259520.0,67108864.0,612368384.0,16.0,16.0,545263160.0,276349632.0,821612792.0,17398000.0,0.0,0.0,0.0,40287203.0,40084113.26785714,2483027968.0,1.1005923070200057,1024.2655823765115,43289344.0,144965632.0,205402597.0
test,l1config-25_l2config-10,17,32.0,2.0,1.0,16.0,4.0,6.25,3.9982461989361675,6.247259685837761,46.379178107962204,0.0,98.58867730720341,34078720.0,4194304.0,38273024.0,545259520.0,67108864.0,612368384.0,16.0,16.0,545262712.0,276344420.0,821607132.0,17400108.0,0.0,0.0,0.0,40245855.0,40068093.08928572,2483027968.0,1.1017230530841051,1024.5768653318005,43276192.0,144965632.0,205402399.0
test,l1config-25_l2config-10,18,32.0,2.0,1.0,16.0,4.0,6.25,3.9982295280824376,6.247233637628809,46.37957443187868,0.0,98.59406325044782,34078720.0,4194304.0,38273024.0,545259520.0,67108864.0,612368384.0,16.0,16.0,545262804.0,276344404.0,821607208.0,17437524.0,0.0,0.0,0.0,40258789.0,40105751.71428572,2483027968.0,1.1013692992393254,1024.9133544790072,43261984.0,144965632.0,205400728.0
test,l1config-25_l2config-10,19,32.0,2.0,1.0,16.0,4.0,6.25,3.9982233196853825,6.24722393700841,46.37974876674565,0.0,98.63015058463516,34078720.0,4194304.0,38273024.0,545259520.0,67108864.0,612368384.0,16.0,16.0,545262888.0,276339168.0,821602056.0,17395496.0,0.0,0.0,0.0,40257537.0,40114359.5,2483027968.0,1.1014035926127863,1024.6624823735276,43272576.0,144965632.0,205400761.0
test,l1config-25_l2config-10,20,32.0,2.0,1.0,16.0,4.0,6.25,3.9982426397908424,6.247254124673192,46.37912096181916,0.0,98.59529600801882,34078720.0,4194304.0,38273024.0,545259520.0,67108864.0,612368384.0,16.0,16.0,545263160.0,276350744.0,821613904.0,17408984.0,0.0,0.0,0.0,40276042.0,40104246.571428575,2483027968.0,1.1008973087215086,1024.1187164643873,43295552.0,144965632.0,205402391.0
test,l1config-25_l2config-10,21,32.0,2.0,1.0,16.0,4.0,6.25,3.9982199614297826,6.247218689734035,46.37918151133327,0.0,98.59220592128104,34078720.0,4194304.0,38273024.0,545259520.0,67108864.0,612368384.0,16.0,16.0,545263372.0,276360500.0,821623872.0,17446888.0,0.0,0.0,0.0,40221053.0,40124250.946428575,2483027968.0,1.102402531700744,1024.5533799716993,43277184.0,144965632.0,205402331.0
test,l1config-25_l2config-10,22,32.0,2.0,1.0,16.0,4.0,6.25,3.9982186910442805,6.247216704756688,46.379129148393176,0.0,98.60183379115311,34078720.0,4194304.0,38273024.0,545259520.0,67108864.0,612368384.0,16.0,16.0,545262140.0,276338716.0,821600856.0,17408256.0,0.0,0.0,0.0,40249960.0,40122822.39285714,2483027968.0,1.1016108551196853,1025.0710650687272,43255328.0,144965632.0,205403692.0
test,l1config-25_l2config-10,23,32.0,2.0,1.0,16.0,4.0,6.25,3.9982323033408638,6.247237973970099,46.37953760905835,0.0,98.56418401232425,34078720.0,4194304.0,38273024.0,545259520.0,67108864.0,612368384.0,16.0,16.0,545262548.0,276341500.0,821604048.0,17197496.0,0.0,0.0,0.0,40239545.0,40101741.39285714,2483027968.0,1.1018959795924381,1024.290568914556,43288288.0,144965632.0,205401801.0
test,l1config-25_l2config-10,24,32.0,2.0,1.0,16.0,4.0,6.25,3.9982164814970296,6.247213252339109,46.379118817723196,0.0,98.57475464882722,34078720.0,4194304.0,38273024.0,545259520.0,67108864.0,612368384.0,16.0,16.0,545262944.0,276348256.0,821611200.0,17401316.0,0.0,0.0,0.0,40253844.0,40115787.91071428,2483027968.0,1.1015045632260383,1023.3933326053019,43326240.0,144965632.0,205401064.0
test,l1config-25_l2config-10,25,32.0,2.0,1.0,16.0,4.0,6.25,3.998215119018044,6.247211123465694,46.37943949602711,0.0,98.62774285156254,34078720.0,4194304.0,38273024.0,545259520.0,67108864.0,612368384.0,16.0,16.0,545262108.0,276350776.0,821612884.0,17378936.0,0.0,0.0,0.0,40216090.0,40137330.08928572,2483027968.0,1.1025386458976243,1024.3912845932916,43284032.0,144965632.0,205400622.0
test,l1config-25_l2config-10,26,32.0,2.0,1.0,16.0,4.0,6.25,3.9982043503395723,6.247194297405581,46.37955600129806,0.0,98.60627910936431,34078720.0,4194304.0,38273024.0,545259520.0,67108864.0,612368384.0,16.0,16.0,545262152.0,276348128.0,821610280.0,17240728.0,0.0,0.0,0.0,40283114.0,40143946.71428572,2483027968.0,1.1007042429451508,1024.0846556466818,43296992.0,144965632.0,205402646.0
test,l1config-25_l2config-10,27,32.0,2.0,1.0,16.0,4.0,6.25,3.998224486674049,6.2472257604282015,46.37912616402121,0.0,98.59451687475112,34078720.0,4194304.0,38273024.0,545259520.0,67108864.0,612368384.0,16.0,16.0,545263428.0,276347016.0,821610444.0,17423900.0,0.0,0.0,0.0,40243467.0,40122762.78571428,2483027968.0,1.1017884006578544,1024.1656484135735,43293568.0,144965632.0,205402410.0
test,l1config-25_l2config-10,28,32.0,2.0,1.0,16.0,4.0,6.25,3.998231203325472,6.24723625519605,46.3796060634098,0.0,98.59266154759517,34078720.0,4194304.0,38273024.0,545259520.0,67108864.0,612368384.0,16.0,16.0,545263584.0,276350880.0,821614464.0,17403016.0,0.0,0.0,0.0,40286364.0,40096852.053571425,2483027968.0,1.1006152278514079,1024.9072896562254,43262240.0,144965632.0,205399721.0
test,l1config-25_l2config-10,29,32.0,2.0,1.0,16.0,4.0,6.25,3.9982303973243454,6.24723499581929,46.379280130177236,0.0,98.6937514512885,34078720.0,4194304.0,38273024.0,545259520.0,67108864.0,612368384.0,16.0,16.0,545263192.0,276344720.0,821607912.0,17370324.0,0.0,0.0,0.0,40251497.0,40109023.73214286,2483027968.0,1.1015688244042188,1024.7390194512109,43269344.0,144965632.0,205400220.0
test,l1config-25_l2config-10,30,32.0,2.0,1.0,16.0,4.0,6.25,3.9982339934792184,6.247240614811279,46.379605037086115,0.0,98.56234358713513,34078720.0,4194304.0,38273024.0,545259520.0,67108864.0,612368384.0,16.0,16.0,545263068.0,276343588.0,821606656.0,17373116.0,0.0,0.0,0.0,40217269.0,40097955.0,2483027968.0,1.1025062555935465,1024.7420508579849,43269216.0,144965632.0,205404332.0
test,l1config-25_l2config-10,31,32.0,2.0,1.0,16.0,4.0,6.25,3.998224565241402,6.2472258831896905,46.37941307863006,0.0,98.53333907901246,34078720.0,4194304.0,38273024.0,545259520.0,67108864.0,612368384.0,16.0,16.0,545263224.0,276352708.0,821615932.0,17399940.0,0.0,0.0,0.0,40303694.0,40115667.25,2483027968.0,1.1001420953754784,1025.006610165515,43258048.0,144965632.0,205402357.0
test,l1config-25_l2config-10,32,32.0,2.0,1.0,16.0,4.0,6.25,3.99824339618871,6.247255306544859,46.37949821684832,0.0,98.64745962246334,34078720.0,4194304.0,38273024.0,545259520.0,67108864.0,612368384.0,16.0,16.0,545263964.0,276336208.0,821600172.0,17431192.0,0.0,0.0,0.0,40243703.0,40083068.803571425,2483027968.0,1.1017821105825012,1023.9431382927849,43302976.0,144965632.0,205404162.0
test,l1config-25_l2config-10,33,32.0,2.0,1.0,16.0,4.0,6.25,3.9982181672296533,6.247215886296333,46.379783844497204,0.0,98.58176753519369,34078720.0,4194304.0,38273024.0,545259520.0,67108864.0,612368384.0,16.0,16.0,545262668.0,276356616.0,821619284.0,17394364.0,0.0,0.0,0.0,40245578.0,40106898.303571425,2483027968.0,1.1017307933691498,1024.252710999325,43289888.0,144965632.0,205403493.0
test,l1config-25_l2config-10,34,32.0,2.0,1.0,16.0,4.0,6.25,3.9982356368794276,6.247243182624105,46.37952759047406,0.0,98.56371616835202,34078720.0,4194304.0,38273024.0,545259520.0,67108864.0,612368384.0,16.0,16.0,545262436.0,276345112.0,821607548.0,17227920.0,0.0,0.0,0.0,40237145.0,40084678.571428575,2483027968.0,1.1019616900157336,1023.0631282121925,43340224.0,144965632.0,205403031.0
test,l1config-25_l2config-10,35,32.0,2.0,1.0,16.0,4.0,6.25,3.99824792469284,6.247262382332563,46.37952768827116,0.0,98.55556511554686,34078720.0,4194304.0,38273024.0,545259520.0,67108864.0,612368384.0,16.0,16.0,545262908.0,276346816.0,821609724.0,17302396.0,0.0,0.0,0.0,40221526.0,40086951.08928572,2483027968.0,1.1023895470304312,1024.0263790579063,43299456.0,144965632.0,205400905.0
test,l1config-25_l2config-10,36,32.0,2.0,1.0,16.0,4.0,6.25,3.998216049580761,6.247212577469939,46.37957375708701,0.0,98.57391963222611,34078720.0,4194304.0,38273024.0,545259520.0,67108864.0,612368384.0,16.0,16.0,545262692.0,276342704.0,821605396.0,17420428.0,0.0,0.0,0.0,40222146.0,40154423.14285714,2483027968.0,1.1023727051010908,1024.4836878222065,43280128.0,144965632.0,205399453.0
test,l1config-25_l2config-10,37,32.0,2.0,1.0,16.0,4.0,6.25,3.9982164954223,6.247213274097343,46.37930214981002,0.0,98.50574953098281,34078720.0,4194304.0,38273024.0,545259520.0,67108864.0,612368384.0,16.0,16.0,545263820.0,276339948.0,821603768.0,17397608.0,0.0,0.0,0.0,40248699.0,40143214.678571425,2483027968.0,1.1016454167190481,1025.91731295121,43219648.0,144965632.0,205400242.0
test,l1config-25_l2config-10,38,32.0,2.0,1.0,16.0,4.0,6.25,3.998231293755422,6.247236396492847,46.37948244980416,0.0,98.62560802788136,34078720.0,4194304.0,38273024.0,545259520.0,67108864.0,612368384.0,16.0,16.0,545263076.0,276362528.0,821625604.0,17395308.0,0.0,0.0,0.0,40261904.0,40101486.73214286,2483027968.0,1.1012839580897862,1024.6397507903478,43273536.0,144965632.0,205402942.0
test,l1config-25_l2config-10,39,32.0,2.0,1.0,16.0,4.0,6.25,3.998207588552583,6.247199357113411,46.37987649547277,0.0,98.6134696969378,34078720.0,4194304.0,38273024.0,545259520.0,67108864.0,612368384.0,16.0,16.0,545263868.0,276337392.0,821601260.0,17307764.0,0.0,0.0,0.0,40288485.0,40146733.26785714,2483027968.0,1.1005573129317996,1025.8831323926215,43221088.0,144965632.0,205400683.0
test,l1config-25_l2config-10,40,32.0,2.0,1.0,16.0,4.0,6.25,3.998216273456316,6.247212927275494,46.37972873277384,0.0,98.55505417422776,34078720.0,4194304.0,38273024.0,545259520.0,67108864.0,612368384.0,16.0,16.0,545262844.0,276336064.0,821598908.0,17396644.0,0.0,0.0,0.0,40228703.0,40141723.178571425,2483027968.0,1.1021927862066527,1023.5415026820227,43319968.0,144965632.0,205407370.0
test,l1config-25_l2config-10,41,32.0,2.0,1.0,16.0,4.0,6.25,3.9982003185466066,6.247187997729073,46.37928241512438,0.0,98.57548378791769,34078720.0,4194304.0,38273024.0,545259520.0,67108864.0,612368384.0,16.0,16.0,545263116.0,276369900.0,821633016.0,17313724.0,0.0,0.0,0.0,40246927.0,40157781.33928572,2483027968.0,1.101693708057533,1024.953535742923,43260288.0,144965632.0,205400366.0
test,l1config-25_l2config-10,42,32.0,2.0,1.0,16.0,4.0,6.25,3.9982247314884782,6.247226142950748,46.3795819938173,0.0,98.603134461976,34078720.0,4194304.0,38273024.0,545259520.0,67108864.0,612368384.0,16.0,16.0,545262640.0,276334080.0,821596720.0,17446920.0,0.0,0.0,0.0,40268170.0,40098561.89285714,2483027968.0,1.1011126797013058,1024.9383726316998,43260928.0,144965632.0,205401513.0
test,l1config-25_l2config-10,43,32.0,2.0,1.0,16.0,4.0,6.25,3.9982217055858333,6.247221414977864,46.37971507613886,0.0,98.59063957242907,34078720.0,4194304.0,38273024.0,545259520.0,67108864.0,612368384.0,16.0,16.0,545263184.0,276345100.0,821608284.0,17446612.0,0.0,0.0,0.0,40245134.0,40126591.125,2483027968.0,1.1017429686264533,1024.4283953625454,43282464.0,144965632.0,205400464.0
test,l1config-25_l2config-10,44,32.0,2.0,1.0,16.0,4.0,6.25,3.9982167747272457,6.247213710511321,46.37933897735889,0.0,98.61135203491651,34078720.0,4194304.0,38273024.0,545259520.0,67108864.0,612368384.0,16.0,16.0,545263244.0,276348032.0,821611276.0,17450956.0,0.0,0.0,0.0,40255117.0,40155570.73214286,2483027968.0,1.1014696273925482,1025.9628905725247,43217728.0,144965632.0,205402029.0
test,l1config-25_l2config-10,45,32.0,2.0,1.0,16.0,4.0,6.25,3.998232273095425,6.247237926711602,46.37966814806281,0.0,98.59650404725392,34078720.0,4194304.0,38273024.0,545259520.0,67108864.0,612368384.0,16.0,16.0,545262424.0,276339636.0,821602060.0,17434784.0,0.0,0.0,0.0,40267992.0,40105560.64285714,2483027968.0,1.1011175538795184,1024.3049556561389,43287680.0,144965632.0,205400922.0
test,l1config-25_l2config-10,46,32.0,2.0,1.0,16.0,4.0,6.25,3.9982315834988067,6.247236849216885,46.37967757271,0.0,98.59779143258555,34078720.0,4194304.0,38273024.0,545259520.0,67108864.0,612368384.0,16.0,16.0,545262968.0,276344228.0,821607196.0,17371912.0,0.0,0.0,0.0,40260882.0,40114560.08928572,2483027968.0,1.1013119409247139,1024.6359622912066,43273696.0,144965632.0,205402844.0
test,l1config-25_l2config-10,47,32.0,2.0,1.0,16.0,4.0,6.25,3.998224679769626,6.24722606214004,46.379031872725726,0.0,98.63429347249362,34078720.0,4194304.0,38273024.0,545259520.0,67108864.0,612368384.0,16.0,16.0,545263168.0,276347788.0,821610956.0,17430180.0,0.0,0.0,0.0,40251465.0,40119945.0,2483027968.0,1.1015697001539488,1024.3776527410653,43284608.0,144965632.0,205403661.0
test,l1config-25_l2config-10,48,32.0,2.0,1.0,16.0,4.0,6.25,3.998216154802703,6.247212741879223,46.38000481060438,0.0,98.5880668143044,34078720.0,4194304.0,38273024.0,545259520.0,67108864.0,612368384.0,16.0,16.0,545262964.0,276345128.0,821608092.0,17436536.0,0.0,0.0,0.0,40264305.0,40137431.428571425,2483027968.0,1.1012182190671207,1024.4261231973603,43282560.0,144965632.0,205401976.0
test,l1config-25_l2config-10,49,32.0,2.0,1.0,16.0,4.0,6.25,3.9982151442249925,6.247211162851551,46.379392803739414,0.0,98.59254092410829,34078720.0,4194304.0,38273024.0,545259520.0,67108864.0,612368384.0,16.0,16.0,545263188.0,276330560.0,821593748.0,17401932.0,0.0,0.0,0.0,40286638.0,40129412.85714286,2483027968.0,1.1006079266843913,1024.584441484094,43275872.0,144965632.0,205400320.0
test,l1config-25_l2config-40,0,32.0,2.0,1.0,16.0,4.0,6.25,3.9982223706643505,6.2472224541630474,46.38040401963715,0.0,98.59424099075035,34078720.0,4194304.0,38273024.0,545259520.0,67108864.0,612368384.0,16.0,16.0,545263160.0,276352352.0,821615512.0,17205932.0,0.0,0.0,0.0,40250597.0,40119745.03571428,2483027968.0,1.101593400659769,1023.8478064071555,43307008.0,144965632.0,205406751.0
test,l1config-25_l2config-40,1,32.0,2.0,1.0,16.0,4.0,6.25,3.9982381888248,6.24724717003875,46.37993530440077,0.0,98.6075125987043,34078720.0,4194304.0,38273024.0,545259520.0,67108864.0,612368384.0,16.0,16.0,545262388.0,276356172.0,821618560.0,17397544.0,0.0,0.0,0.0,40210588.0,40093136.375,2483027968.0,1.1026895058840829,1024.8451293607934,43264864.0,144965632.0,205399654.0
test,l1config-25_l2config-40,2,32.0,2.0,1.0,16.0,4.0,6.25,3.998223913441327,6.247224864752074,46.380180626148054,0.0,98.60009672057596,34078720.0,4194304.0,38273024.0,545259520.0,67108864.0,612368384.0,16.0,16.0,545263580.0,276347388.0,821610968.0,17434756.0,0.0,0.0,0.0,40246564.0,40099598.071428575,2483027968.0,1.101703692582112,1025.638617948206,43231392.0,144965632.0,205402771.0
test,l1config-25_l2config-40,3,32.0,2.0,1.0,16.0,4.0,6.25,3.998228200383978,6.247231563099966,46.380362134698764,0.0,98.59813963315288,34078720.0,4194304.0,38273024.0,545259520.0,67108864.0,612368384.0,16.0,16.0,545264168.0,276346392.0,821610560.0,17352252.0,0.0,0.0,0.0,40224682.0,40090876.73214286,2483027968.0,1.1023031296799077,1023.7434156599687,43311424.0,144965632.0,205401154.0
test,l1config-25_l2config-40,4,32.0,2.0,1.0,16.0,4.0,6.25,3.9982292293509967,6.247233170860932,46.379831945065156,0.0,98.57539419320774,34078720.0,4194304.0,38273024.0,545259520.0,67108864.0,612368384.0,16.0,16.0,545262592.0,276360900.0,821623492.0,17422820.0,0.0,0.0,0.0,40243355.0,40111046.75,2483027968.0,1.1017916244348658,1024.2920832893753,43288224.0,144965632.0,205405700.0
test,l1config-25_l2config-40,5,32.0,2.0,1.0,16.0,4.0,6.25,3.9982093044051963,6.2472020381331195,46.37975847978238,0.0,98.59360946529637,34078720.0,4194304.0,38273024.0,545259520.0,67108864.0,612368384.0,16.0,16.0,545263164.0,276344072.0,821607236.0,17401072.0,0.0,0.0,0.0,40237090.0,40145472.875,2483027968.0,1.1019631757451993,1025.1916554187246,43250240.0,144965632.0,205405035.0
test,l1config-25_l2config-40,6,32.0,2.0,1.0,16.0,4.0,6.25,3.9982248546392705,6.24722633537386,46.37971406721641,0.0,98.60872454192067,34078720.0,4194304.0,38273024.0,545259520.0,67108864.0,612368384.0,16.0,16.0,545263056.0,276337008.0,821600064.0,17379824.0,0.0,0.0,0.0,40241175.0,40105226.71428572,2483027968.0,1.1018511753010574,1023.7434156599687,43311424.0,144965632.0,205403135.0
test,l1config-25_l2config-40,7,32.0,2.0,1.0,16.0,4.0,6.25,3.998213244312677,6.247208194238558,46.37947087282453,0.0,98.57447060311081,34078720.0,4194304.0,38273024.0,545259520.0,67108864.0,612368384.0,16.0,16.0,545262736.0,276343668.0,821606404.0,17430784.0,0.0,0.0,0.0,40243711.0,40146787.0,2483027968.0,1.101781782049527,1024.7109797887638,43270528.0,144965632.0,205403450.0
test,l1config-25_l2config-40,8,32.0,2.0,1.0,16.0,4.0,6.25,3.998228070850649,6.247231360704139,46.379875160846964,0.0,98.59543259553692,34078720.0,4194304.0,38273024.0,545259520.0,67108864.0,612368384.0,16.0,16.0,545263932.0,276347188.0,821611120.0,17337140.0,0.0,0.0,0.0,40269102.0,40102095.196428575,2483027968.0,1.1010872020555005,1025.0088849064593,43257952.0,144965632.0,205403279.0
test,l1config-25_l2config-40,9,32.0,2.0,1.0,16.0,4.0,6.25,3.998229343513115,6.2472333492392425,46.379705682845156,0.0,98.58986067473268,34078720.0,4194304.0,38273024.0,545259520.0,67108864.0,612368384.0,16.0,16.0,545262964.0,276363808.0,821626772.0,17456364.0,0.0,0.0,0.0,40269543.0,40106875.91071428,2483027968.0,1.1010750344517752,1024.617020215721,43274496.0,144965632.0,205404687.0
test,l1config-25_l2config-40,10,32.0,2.0,1.0,16.0,4.0,6.25,3.9982381157597096,6.2472470558745465,46.379658737201105,0.0,98.59524306341075,34078720.0,4194304.0,38273024.0,545259520.0,67108864.0,612368384.0,16.0,16.0,545263072.0,276345516.0,821608588.0,17412292.0,0.0,0.0,0.0,40260644.0,40094858.89285714,2483027968.0,1.1013185402120202,1024.6639978482679,43272512.0,144965632.0,205405979.0
test,l1config-25_l2config-40,11,32.0,2.0,1.0,16.0,4.0,6.25,3.9982248502403186,6.247226328500497,46.379053707797034,0.0,98.5560918972515,34078720.0,4194304.0,38273024.0,545259520.0,67108864.0,612368384.0,16.0,16.0,545263540.0,276355872.0,821619412.0,17377644.0,0.0,0.0,0.0,40223229.0,40113999.821428575,2483027968.0,1.1023429280752284,1024.4617216099612,43281056.0,144965632.0,205401806.0
test,l1config-25_l2config-40,12,32.0,2.0,1.0,16.0,4.0,6.25,3.998226122166527,6.247228315885199,46.37977125005025,0.0,98.56918395973496,34078720.0,4194304.0,38273024.0,545259520.0,67108864.0,612368384.0,16.0,16.0,545263104.0,276352284.0,821615388.0,17398244.0,0.0,0.0,0.0,40214627.0,40112522.375,2483027968.0,1.102578632660028,1023.638289975027,43315872.0,144965632.0,205399199.0
test,l1config-25_l2config-40,13,32.0,2.0,1.0,16.0,4.0,6.25,3.998225268092025,6.24722698139379,46.38020396794042,0.0,98.59627546989883,34078720.0,4194304.0,38273024.0,545259520.0,67108864.0,612368384.0,16.0,16.0,545263292.0,276355196.0,821618488.0,17132512.0,0.0,0.0,0.0,40243879.0,40106822.23214286,2483027968.0,1.1017771689197056,1024.4655088207312,43280896.0,144965632.0,205405352.0
test,l1config-25_l2config-40,14,32.0,2.0,1.0,16.0,4.0,6.25,3.998237518355172,6.2472461224299565,46.37931714819407,0.0,98.59508214117642,34078720.0,4194304.0,38273024.0,545259520.0,67108864.0,612368384.0,16.0,16.0,545262932.0,276338804.0,821601736.0,17399704.0,0.0,0.0,0.0,40219024.0,40096608.053571425,2483027968.0,1.1024580574645158,1024.1103902774992,43295904.0,144965632.0,205402795.0
test,l1config-25_l2config-40,15,32.0,2.0,1.0,16.0,4.0,6.25,3.9981977100857047,6.247183922008913,46.38021195745201,0.0,98.55124983605037,34078720.0,4194304.0,38273024.0,545259520.0,67108864.0,612368384.0,16.0,16.0,545264088.0,276343028.0,821607116.0,17417308.0,0.0,0.0,0.0,40245384.0,40158435.26785714,2483027968.0,1.1017359399318714,1023.9696225228114,43301856.0,144965632.0,205402737.0
test,l1config-25_l2config-40,16,32.0,2.0,1.0,16.0,4.0,6.25,3.99824214656357,6.247253354005578,46.37998661296867,0.0,98.6031854321578,34078720.0,4194304.0,38273024.0,545259520.0,67108864.0,612368384.0,16.0,16.0,545263444.0,276356076.0,821619520.0,17213736.0,0.0,0.0,0.0,40272503.0,40098682.678571425,2483027968.0,1.1009940993881338,1024.7246205139572,43269952.0,144965632.0,205403296.0
test,l1config-25_l2config-40,17,32.0,2.0,1.0,16.0,4.0,6.25,3.9982288888419104,6.247232638815485,46.37998870348338,0.0,98.63451064845398,34078720.0,4194304.0,38273024.0,545259520.0,67108864.0,612368384.0,16.0,16.0,545263528.0,276344416.0,821607944.0,17433348.0,0.0,0.0,0.0,40287462.0,40117773.178571425,2483027968.0,1.1005853886133563,1025.2819271392643,43246432.0,144965632.0,205403822.0
test,l1config-25_l2config-40,18,32.0,2.0,1.0,16.0,4.0,6.25,3.9982262596660183,6.247228530728154,46.37970441711051,0.0,98.56102991470722,34078720.0,4194304.0,38273024.0,545259520.0,67108864.0,612368384.0,16.0,16.0,545262812.0,276362656.0,821625468.0,17423760.0,0.0,0.0,0.0,40251120.0,40103309.25,2483027968.0,1.101579066658071,1024.1792746238732,43292992.0,144965632.0,205403447.0
test,l1config-25_l2config-40,19,32.0,2.0,1.0,16.0,4.0,6.25,3.9982115017169018,6.247205471432659,46.37943232230918,0.0,98.58433559928137,34078720.0,4194304.0,38273024.0,545259520.0,67108864.0,612368384.0,16.0,16.0,545263112.0,276353168.0,821616280.0,17404272.0,0.0,0.0,0.0,40245068.0,40122427.58928572,2483027968.0,1.1017447891208796,1024.2996552306424,43287904.0,144965632.0,205403318.0
test,l1config-25_l2config-40,20,32.0,2.0,1.0,16.0,4.0,6.25,3.9982177162250943,6.247215181601709,46.379860565560016,0.0,98.56606939533125,34078720.0,4194304.0,38273024.0,545259520.0,67108864.0,612368384.0,16.0,16.0,545263292.0,276349836.0,821613128.0,17435124.0,0.0,0.0,0.0,40250785.0,40108311.51785714,2483027968.0,1.1015882964808372,1024.091467628971,43296704.0,144965632.0,205402353.0
test,l1config-25_l2config-40,21,32.0,2.0,1.0,16.0,4.0,6.25,3.998221950755559,6.247221798055561,46.37955144935765,0.0,98.60645671106177,34078720.0,4194304.0,38273024.0,545259520.0,67108864.0,612368384.0,16.0,16.0,545263184.0,276351496.0,821614680.0,17399572.0,0.0,0.0,0.0,40229042.0,40110511.28571428,2483027968.0,1.1021835531009612,1023.6927408718011,43313568.0,144965632.0,205404744.0
test,l1config-25_l2config-40,22,32.0,2.0,1.0,16.0,4.0,6.25,3.998219873674334,6.247218552616147,46.37973743198278,0.0,98.60337047857618,34078720.0,4194304.0,38273024.0,545259520.0,67108864.0,612368384.0,16.0,16.0,545263540.0,276351516.0,821615056.0,17406480.0,0.0,0.0,0.0,40257892.0,40122272.928571425,2483027968.0,1.101393634045776,1024.2837542832813,43288576.0,144965632.0,205403225.0
test,l1config-25_l2config-40,23,32.0,2.0,1.0,16.0,4.0,6.25,3.9982214472803594,6.2472210113755615,46.380094800824686,0.0,98.59337599790486,34078720.0,4194304.0,38273024.0,545259520.0,67108864.0,612368384.0,16.0,16.0,545263396.0,276343372.0,821606768.0,17432160.0,0.0,0.0,0.0,40266777.0,40115984.23214286,2483027968.0,1.1011507719037175,1023.8364585555539,43307488.0,144965632.0,205404543.0
test,l1config-25_l2config-40,24,32.0,2.0,1.0,16.0,4.0,6.25,3.998218603545782,6.247216568040284,46.380051561653104,0.0,98.59620364859009,34078720.0,4194304.0,38273024.0,545259520.0,67108864.0,612368384.0,16.0,16.0,545262944.0,276361540.0,821624484.0,17403868.0,0.0,0.0,0.0,40232791.0,40106797.66071428,2483027968.0,1.1020808075675972,1024.5768653318005,43276192.0,144965632.0,205401079.0
test,l1config-25_l2config-40,25,32.0,2.0,1.0,16.0,4.0,6.25,3.998234281831951,6.247241065362424,46.379970502853446,0.0,98.59199178755114,34078720.0,4194304.0,38273024.0,545259520.0,67108864.0,612368384.0,16.0,16.0,545263100.0,276330688.0,821593788.0,17415308.0,0.0,0.0,0.0,40287281.0,40093297.76785714,2483027968.0,1.100590353739425,1024.4511175687687,43281504.0,144965632.0,205403754.0
test,l1config-25_l2config-40,26,32.0,2.0,1.0,16.0,4.0,6.25,3.9982353300895563,6.247242703264932,46.379663613213694,0.0,98.58910859898565,34078720.0,4194304.0,38273024.0,545259520.0,67108864.0,612368384.0,16.0,16.0,545263896.0,276339204.0,821603100.0,17259152.0,0.0,0.0,0.0,40307629.0,40097523.303571425,2483027968.0,1.1000347699220392,1024.7541766644347,43268704.0,144965632.0,205403894.0
test,l1config-25_l2config-40,27,32.0,2.0,1.0,16.0,4.0,6.25,3.9982295373945145,6.247233652178929,46.37973782581894,0.0,98.57245205770785,34078720.0,4194304.0,38273024.0,545259520.0,67108864.0,612368384.0,16.0,16.0,545263112.0,276358644.0,821621756.0,17401960.0,0.0,0.0,0.0,40265138.0,40117481.03571428,2483027968.0,1.1011956149715483,1024.911838266583,43262048.0,144965632.0,205403376.0
test,l1config-25_l2config-40,28,32.0,2.0,1.0,16.0,4.0,6.25,3.9982229486470433,6.247223357261005,46.37950044396783,0.0,98.58763516237997,34078720.0,4194304.0,38273024.0,545259520.0,67108864.0,612368384.0,16.0,16.0,545263100.0,276357000.0,821620100.0,17436012.0,0.0,0.0,0.0,40255538.0,40118725.66071428,2483027968.0,1.101458094333925,1025.1021579789756,43254016.0,144965632.0,205402629.0
test,l1config-25_l2config-40,29,32.0,2.0,1.0,16.0,4.0,6.25,3.998211484592835,6.247205444676305,46.379522890552735,0.0,98.60010545582315,34078720.0,4194304.0,38273024.0,545259520.0,67108864.0,612368384.0,16.0,16.0,545263200.0,276349020.0,821612220.0,17412640.0,0.0,0.0,0.0,40209138.0,40140594.33928572,2483027968.0,1.1027292293416615,1024.8155679636095,43266112.0,144965632.0,205405086.0
test,l1config-25_l2config-40,30,32.0,2.0,1.0,16.0,4.0,6.25,3.9982257621599047,6.247227753374851,46.37980717529376,0.0,98.60924135268503,34078720.0,4194304.0,38273024.0,545259520.0,67108864.0,612368384.0,16.0,16.0,545263308.0,276342284.0,821605592.0,17423240.0,0.0,0.0,0.0,40212643.0,40103638.446428575,2483027968.0,1.1026329833915263,1024.6852149653284,43271616.0,144965632.0,205399075.0
test,l1config-25_l2config-40,31,32.0,2.0,1.0,16.0,4.0,6.25,3.9982236226461167,6.247224410384558,46.37948543113923,0.0,98.61501027982503,34078720.0,4194304.0,38273024.0,545259520.0,67108864.0,612368384.0,16.0,16.0,545263108.0,276342920.0,821606028.0,17400408.0,0.0,0.0,0.0,40258430.0,40115812.821428575,2483027968.0,1.1013789564312317,1024.6738485433461,43272096.0,144965632.0,205400916.0
test,l1config-25_l2config-40,32,32.0,2.0,1.0,16.0,4.0,6.25,3.9982285879324726,6.247232168644488,46.380165570225856,0.0,98.5974167754575,34078720.0,4194304.0,38273024.0,545259520.0,67108864.0,612368384.0,16.0,16.0,545263000.0,276350200.0,821613200.0,17380428.0,0.0,0.0,0.0,40227774.0,40097631.64285714,2483027968.0,1.1022184040903176,1024.890611763664,43262944.0,144965632.0,205401619.0
test,l1config-25_l2config-40,33,32.0,2.0,1.0,16.0,4.0,6.25,3.998231415525348,6.247236586758357,46.37966396424814,0.0,98.60694114407505,34078720.0,4194304.0,38273024.0,545259520.0,67108864.0,612368384.0,16.0,16.0,545263032.0,276341532.0,821604564.0,17301648.0,0.0,0.0,0.0,40264621.0,40104772.821428575,2483027968.0,1.101209562942662,1024.9588429378455,43260064.0,144965632.0,205404108.0
test,l1config-25_l2config-40,34,32.0,2.0,1.0,16.0,4.0,6.25,3.998229825077689,6.2472341016838895,46.379819682885596,0.0,98.59994183974578,34078720.0,4194304.0,38273024.0,545259520.0,67108864.0,612368384.0,16.0,16.0,545262700.0,276333484.0,821596184.0,17375600.0,0.0,0.0,0.0,40292246.0,40112702.48214286,2483027968.0,1.1004547474535857,1024.6094435816235,43274816.0,144965632.0,205404425.0
test,l1config-25_l2config-40,35,32.0,2.0,1.0,16.0,4.0,6.25,3.9982212229455865,6.247220660852479,46.379810039761246,0.0,98.63718689951337,34078720.0,4194304.0,38273024.0,545259520.0,67108864.0,612368384.0,16.0,16.0,545263560.0,276349940.0,821613500.0,17418888.0,0.0,0.0,0.0,40255068.0,40128011.28571428,2483027968.0,1.1014709749839586,1023.9900541506564,43300992.0,144965632.0,205406897.0
test,l1config-25_l2config-40,36,32.0,2.0,1.0,16.0,4.0,6.25,3.998219234094635,6.2472175532728675,46.3795736667153,0.0,98.58008312408201,34078720.0,4194304.0,38273024.0,545259520.0,67108864.0,612368384.0,16.0,16.0,545263012.0,276345260.0,821608272.0,17422800.0,0.0,0.0,0.0,40249581.0,40109727.78571428,2483027968.0,1.1016212144766186,1024.3413029087817,43286144.0,144965632.0,205403742.0
test,l1config-25_l2config-40,37,32.0,2.0,1.0,16.0,4.0,6.25,3.998210980024896,6.2472046562889005,46.37942711368008,0.0,98.5921461622631,34078720.0,4194304.0,38273024.0,545259520.0,67108864.0,612368384.0,16.0,16.0,545263508.0,276338484.0,821601992.0,17341656.0,0.0,0.0,0.0,40239741.0,40135861.053571425,2483027968.0,1.1018904687076754,1024.1149318172002,43295712.0,144965632.0,205404106.0
test,l1config-25_l2config-40,38,32.0,2.0,1.0,16.0,4.0,6.25,3.99822932034602,6.247233313040656,46.38006191062324,0.0,98.56542091299936,34078720.0,4194304.0,38273024.0,545259520.0,67108864.0,612368384.0,16.0,16.0,545262920.0,276342780.0,821605700.0,17419820.0,0.0,0.0,0.0,40257032.0,40131825.64285714,2483027968.0,1.1014171628181635,1024.5011099707026,43279392.0,144965632.0,205405545.0
test,l1config-25_l2config-40,39,32.0,2.0,1.0,16.0,4.0,6.25,3.9982198435264102,6.247218505510016,46.3795130690754,0.0,98.60819010814829,34078720.0,4194304.0,38273024.0,545259520.0,67108864.0,612368384.0,16.0,16.0,545263160.0,276347656.0,821610816.0,17337004.0,0.0,0.0,0.0,40270777.0,40108733.41071428,2483027968.0,1.1010412605070756,1024.3004124309261,43287872.0,144965632.0,205404205.0
test,l1config-25_l2config-40,40,32.0,2.0,1.0,16.0,4.0,6.25,3.9982307884578456,6.247235606965384,46.37952344821302,0.0,98.59127700411227,34078720.0,4194304.0,38273024.0,545259520.0,67108864.0,612368384.0,16.0,16.0,545263020.0,276354624.0,821617644.0,17438524.0,0.0,0.0,0.0,40256839.0,40107272.821428575,2483027968.0,1.101422518490236,1023.4825318997815,43322464.0,144965632.0,205401428.0
test,l1config-25_l2config-40,41,32.0,2.0,1.0,16.0,4.0,6.25,3.998224905950766,6.247226415548072,46.3796030589425,0.0,98.59581324662948,34078720.0,4194304.0,38273024.0,545259520.0,67108864.0,612368384.0,16.0,16.0,545263324.0,276339352.0,821602676.0,17440156.0,0.0,0.0,0.0,40275049.0,40116445.83928572,2483027968.0,1.1009244450217919,1024.8671120181284,43263936.0,144965632.0,205402409.0
test,l1config-25_l2config-40,42,32.0,2.0,1.0,16.0,4.0,6.25,3.9982169602640987,6.247214000412654,46.379531717835796,0.0,98.58874722193484,34078720.0,4194304.0,38273024.0,545259520.0,67108864.0,612368384.0,16.0,16.0,545262752.0,276349800.0,821612552.0,17398764.0,0.0,0.0,0.0,40226098.0,40124075.75,2483027968.0,1.1022643343203102,1024.3776527410653,43284608.0,144965632.0,205404828.0
test,l1config-25_l2config-40,43,32.0,2.0,1.0,16.0,4.0,6.25,3.9982231179011785,6.247223621720591,46.37997385257659,0.0,98.58375081528725,34078720.0,4194304.0,38273024.0,545259520.0,67108864.0,612368384.0,16.0,16.0,545263604.0,276332580.0,821596184.0,17220536.0,0.0,0.0,0.0,40258878.0,40129883.39285714,2483027968.0,1.1013666455930242,1024.7852503533638,43267392.0,144965632.0,205405021.0
test,l1config-25_l2config-40,44,32.0,2.0,1.0,16.0,4.0,6.25,3.9982260065122417,6.247228135175377,46.38022046525481,0.0,98.6013319964472,34078720.0,4194304.0,38273024.0,545259520.0,67108864.0,612368384.0,16.0,16.0,545262824.0,276347784.0,821610608.0,17397544.0,0.0,0.0,0.0,40270926.0,40100948.46428572,2483027968.0,1.1010371457094488,1024.5685316936847,43276544.0,144965632.0,205404387.0
test,l1config-25_l2config-40,45,32.0,2.0,1.0,16.0,4.0,6.25,3.998204105179309,6.24719391434267,46.37988185099024,0.0,98.57121106694764,34078720.0,4194304.0,38273024.0,545259520.0,67108864.0,612368384.0,16.0,16.0,545263944.0,276347184.0,821611128.0,17181020.0,0.0,0.0,0.0,40281581.0,40138287.625,2483027968.0,1.1007459481087039,1024.025622262719,43299488.0,144965632.0,205402969.0
test,l1config-25_l2config-40,46,32.0,2.0,1.0,16.0,4.0,6.25,3.9982136952797376,6.2472088988745895,46.379926533961694,0.0,98.55952973202092,34078720.0,4194304.0,38273024.0,545259520.0,67108864.0,612368384.0,16.0,16.0,545262616.0,276354496.0,821617112.0,17391964.0,0.0,0.0,0.0,40261010.0,40145166.26785714,2483027968.0,1.101308548990197,1024.7587239158386,43268512.0,144965632.0,205403573.0
test,l1config-25_l2config-40,47,32.0,2.0,1.0,16.0,4.0,6.25,3.9982229287839974,6.247223326224996,46.379819095117135,0.0,98.56227479534225,34078720.0,4194304.0,38273024.0,545259520.0,67108864.0,612368384.0,16.0,16.0,545263596.0,276353160.0,821616756.0,17308756.0,0.0,0.0,0.0,40253521.0,40127923.928571425,2483027968.0,1.1015132650354653,1024.091467628971,43296704.0,144965632.0,205404949.0
test,l1config-25_l2config-40,48,32.0,2.0,1.0,16.0,4.0,6.25,3.99820932434476,6.247202069288687,46.37930526303626,0.0,98.60129992709945,34078720.0,4194304.0,38273024.0,545259520.0,67108864.0,612368384.0,16.0,16.0,545263744.0,276338436.0,821602180.0,17434868.0,0.0,0.0,0.0,40215145.0,40135788.053571425,2483027968.0,1.102564410090454,1025.8208536753425,43223712.0,144965632.0,205401270.0
test,l1config-25_l2config-40,49,32.0,2.0,1.0,16.0,4.0,6.25,3.9982307325029502,6.2472355195358595,46.37982129024989,0.0,98.57670187632661,34078720.0,4194304.0,38273024.0,545259520.0,67108864.0,612368384.0,16.0,16.0,545263000.0,276348740.0,821611740.0,17418464.0,0.0,0.0,0.0,40247198.0,40090804.39285714,2483027968.0,1.1016865089101537,1024.413247785028,43283104.0,144965632.0,205403809.0
test,l1config-10,0,32.0,2.0,1.0,16.0,4.0,6.25,3.998326292506449,6.247384832041327,46.380089488377045,0.0,98.59675754952599,34078720.0,4194304.0,38273024.0,545259520.0,67108864.0,612368384.0,16.0,16.0,545262536.0,276329532.0,821592068.0,17078188.0,0.0,0.0,0.0,40090705.0,39954114.0,2483027968.0,1.1059872241981883,1029.392792350296,43073728.0,144965632.0,205401135.0
test,l1config-10,1,32.0,2.0,1.0,16.0,4.0,6.25,3.998311808818259,6.24736220127853,46.381586792881315,0.0,98.59680304579925,34078720.0,4194304.0,38273024.0,545259520.0,67108864.0,612368384.0,16.0,16.0,545264120.0,276322020.0,821586140.0,17095452.0,0.0,0.0,0.0,40131103.0,40011886.696428575,2483027968.0,1.1048735987045541,1028.8928897090427,43094656.0,144965632.0,205404372.0
test,l1config-10,2,32.0,2.0,1.0,16.0,4.0,6.25,3.998352919352777,6.247426436488714,46.38137913329831,0.0,98.59779200107064,34078720.0,4194304.0,38273024.0,545259520.0,67108864.0,612368384.0,16.0,16.0,545263240.0,276344856.0,821608096.0,17073812.0,0.0,0.0,0.0,40068075.0,39930389.28571428,2483027968.0,1.1066116044326808,1029.4111466418176,43072960.0,144965632.0,205404145.0
test,l1config-10,3,32.0,2.0,1.0,16.0,4.0,6.25,3.9983371255940656,6.247401758740727,46.381030655002995,0.0,98.56011795390808,34078720.0,4194304.0,38273024.0,545259520.0,67108864.0,612368384.0,16.0,16.0,545262932.0,276350360.0,821613292.0,17080068.0,0.0,0.0,0.0,40080185.0,39949714.125,2483027968.0,1.1062774480527433,1028.741638773816,43100992.0,144965632.0,205402154.0
test,l1config-10,4,32.0,2.0,1.0,16.0,4.0,6.25,3.9983371002015486,6.24740171906492,46.38109559123119,0.0,98.59908451122553,34078720.0,4194304.0,38273024.0,545259520.0,67108864.0,612368384.0,16.0,16.0,545262916.0,276340828.0,821603744.0,17072236.0,0.0,0.0,0.0,40075870.0,39944465.03571428,2483027968.0,1.1063963617014163,1028.7813569357077,43099328.0,144965632.0,205405886.0
test,l1config-10,5,32.0,2.0,1.0,16.0,4.0,6.25,3.998355315529799,6.247430180515311,46.38176235671747,0.0,98.59628639883658,34078720.0,4194304.0,38273024.0,545259520.0,67108864.0,612368384.0,16.0,16.0,545263320.0,276363096.0,821626416.0,17075768.0,0.0,0.0,0.0,40095531.0,39944287.91071428,2483027968.0,1.1058538702639982,1028.071475632806,43129088.0,144965632.0,205403585.0
test,l1config-10,6,32.0,2.0,1.0,16.0,4.0,6.25,3.9983436929905043,6.247412020297663,46.38150786910629,0.0,98.598834104664,34078720.0,4194304.0,38273024.0,545259520.0,67108864.0,612368384.0,16.0,16.0,545263552.0,276344872.0,821608424.0,17078732.0,0.0,0.0,0.0,40105703.0,39956317.39285714,2483027968.0,1.1055731790850258,1028.9578343116711,43091936.0,144965632.0,205401794.0
test,l1config-10,7,32.0,2.0,1.0,16.0,4.0,6.25,3.9983362634414394,6.2474004116272495,46.381316892350036,0.0,98.59985311958712,34078720.0,4194304.0,38273024.0,545259520.0,67108864.0,612368384.0,16.0,16.0,545263148.0,276351000.0,821614148.0,17071124.0,0.0,0.0,0.0,40093959.0,39943888.23214286,2483027968.0,1.1058972215907936,1029.5228160185318,43068288.0,144965632.0,205400140.0
test,l1config-10,8,32.0,2.0,1.0,16.0,4.0,6.25,3.998334813750559,6.247398146485248,46.38140070132004,0.0,98.59701372212406,34078720.0,4194304.0,38273024.0,545259520.0,67108864.0,612368384.0,16.0,16.0,545263064.0,276354964.0,821618028.0,17070412.0,0.0,0.0,0.0,40110461.0,39963054.33928572,2483027968.0,1.1054422193342779,1028.7538594200607,43100480.0,144965632.0,205403816.0
test,l1config-10,9,32.0,2.0,1.0,16.0,4.0,6.25,3.9983493134953667,6.24742080233651,46.381240844937196,0.0,98.62693589283991,34078720.0,4194304.0,38273024.0,545259520.0,67108864.0,612368384.0,16.0,16.0,545263708.0,276341536.0,821605244.0,17073316.0,0.0,0.0,0.0,40053104.0,39943445.928571425,2483027968.0,1.107025495036965,1029.3690856924231,43074720.0,144965632.0,205403880.0
test,l1config-100_l2config-55,0,32.0,2.0,3.0,16.0,8.0,12.5,7.9774363081579205,12.46474423149675,30.234543923567436,0.0,98.6180050469849,34078720.0,4194304.0,38273024.0,545259520.0,67108864.0,612368384.0,16.0,16.0,603166792.0,251788436.0,854955228.0,17134464.0,0.0,0.0,0.0,31364278.0,31312319.839285713,2483027968.0,1.4137042373521167,1314.690721300143,33726400.0,144965632.0,213703546.0
test,l1config-100_l2config-55,1,32.0,2.0,3.0,16.0,8.0,12.5,7.977452354978943,12.464769304654597,30.24191003739345,0.0,98.62319477547265,34078720.0,4194304.0,38273024.0,545259520.0,67108864.0,612368384.0,16.0,16.0,603056372.0,251795352.0,854851724.0,17135752.0,0.0,0.0,0.0,31367373.0,31314287.05357143,2483027968.0,1.4135644437232215,1314.7668167276493,33724448.0,144965632.0,213739269.0
test,l1config-100_l2config-55,2,32.0,2.0,3.0,16.0,8.0,12.5,7.977394917277269,12.464679558245733,30.247358849794264,0.0,98.63352369833619,34078720.0,4194304.0,38273024.0,545259520.0,67108864.0,612368384.0,16.0,16.0,603138984.0,251797908.0,854936892.0,17143724.0,0.0,0.0,0.0,31358752.0,31315291.285714287,2483027968.0,1.413953155793779,1314.5198505571984,33730784.0,144965632.0,213748359.0
test,l1config-100_l2config-55,3,32.0,2.0,3.0,16.0,8.0,12.5,7.97741687220352,12.464713862818,30.2563575691781,0.0,98.61395512409378,34078720.0,4194304.0,38273024.0,545259520.0,67108864.0,612368384.0,16.0,16.0,603144724.0,251832176.0,854976900.0,17133084.0,0.0,0.0,0.0,31363447.0,31321937.67857143,2483027968.0,1.4137417622314967,1315.051316993118,33717152.0,144965632.0,213745662.0
test,l1config-100_l2config-55,4,32.0,2.0,3.0,16.0,8.0,12.5,7.977452339313924,12.464769280178006,30.25017832507646,0.0,98.62295803588297,34078720.0,4194304.0,38273024.0,545259520.0,67108864.0,612368384.0,16.0,16.0,603145320.0,251859672.0,855004992.0,17131604.0,0.0,0.0,0.0,31365983.0,31314925.80357143,2483027968.0,1.4136271316677753,1314.6682685947635,33726976.0,144965632.0,213742854.0
test,l1config-100_l2config-55,5,32.0,2.0,3.0,16.0,8.0,12.5,7.9774641537620266,12.464787740253167,30.248427679286483,0.0,98.63525062865679,34078720.0,4194304.0,38273024.0,545259520.0,67108864.0,612368384.0,16.0,16.0,603102860.0,251807772.0,854910632.0,17136904.0,0.0,0.0,0.0,31376583.0,31316279.39285714,2483027968.0,1.4131495523389561,1314.2954163549516,33736544.0,144965632.0,213728551.0
test,l1config-100_l2config-55,6,32.0,2.0,3.0,16.0,8.0,12.5,7.977488479705255,12.464825749539461,30.257152435729672,0.0,98.6272168754387,34078720.0,4194304.0,38273024.0,545259520.0,67108864.0,612368384.0,16.0,16.0,603099740.0,251731392.0,854831132.0,17140872.0,0.0,0.0,0.0,31367136.0,31308455.375,2483027968.0,1.4135750791007609,1314.9340081084176,33720160.0,144965632.0,213757509.0
test,l1config-100_l2config-55,7,32.0,2.0,3.0,16.0,8.0,12.5,7.977400642807213,12.46468850438627,30.24417941045584,0.0,98.63419333220378,34078720.0,4194304.0,38273024.0,545259520.0,67108864.0,612368384.0,16.0,16.0,603175600.0,251831536.0,855007136.0,17132488.0,0.0,0.0,0.0,31365034.0,31316176.75,2483027968.0,1.413669565232798,1314.531074279404,33730496.0,144965632.0,213742054.0
test,l1config-100_l2config-55,8,32.0,2.0,3.0,16.0,8.0,12.5,7.977423396864761,12.46472405760119,30.247914141395,0.0,98.62243942359802,34078720.0,4194304.0,38273024.0,545259520.0,67108864.0,612368384.0,16.0,16.0,603080688.0,251821252.0,854901940.0,17148036.0,0.0,0.0,0.0,31369832.0,31310537.160714287,2483027968.0,1.4134539759505296,1314.7867776423586,33723936.0,144965632.0,213730637.0
test,l1config-100_l2config-55,9,32.0,2.0,3.0,16.0,8.0,12.5,7.9774353266574085,12.464742697902201,30.243881212520247,0.0,98.62399460243935,34078720.0,4194304.0,38273024.0,545259520.0,67108864.0,612368384.0,16.0,16.0,603179048.0,251791432.0,854970480.0,17135572.0,0.0,0.0,0.0,31355150.0,31307475.785714287,2483027968.0,1.414115598494028,1314.1956924184217,33739104.0,144965632.0,213722601.0
test,l1config-100_l2config-55,10,32.0,2.0,3.0,16.0,8.0,12.5,7.977442132149972,12.464753331484332,30.241456996262844,0.0,98.64414613707379,34078720.0,4194304.0,38273024.0,545259520.0,67108864.0,612368384.0,16.0,16.0,603157664.0,251791768.0,854949432.0,17132160.0,0.0,0.0,0.0,31369008.0,31308901.89285714,2483027968.0,1.4134910707387693,1314.6009150798423,33728704.0,144965632.0,213740989.0
test,l1config-100_l2config-55,11,32.0,2.0,3.0,16.0,8.0,12.5,7.977400355970483,12.46468805620388,30.241479482726934,0.0,98.61967126729336,34078720.0,4194304.0,38273024.0,545259520.0,67108864.0,612368384.0,16.0,16.0,603134048.0,251791640.0,854925688.0,17140204.0,0.0,0.0,0.0,31364052.0,31315156.64285714,2483027968.0,1.4137139733456598,1314.3477774804103,33735200.0,144965632.0,213734461.0
test,l1config-100_l2config-55,12,32.0,2.0,3.0,16.0,8.0,12.5,7.977455551725403,12.464774299570943,30.236183362840762,0.0,98.62673972091174,34078720.0,4194304.0,38273024.0,545259520.0,67108864.0,612368384.0,16.0,16.0,603154052.0,251742204.0,854896256.0,17134920.0,0.0,0.0,0.0,31356465.0,31313765.714285713,2483027968.0,1.4140561141374968,1314.2443059469203,33737856.0,144965632.0,213726132.0
test,l1config-100_l2config-55,13,32.0,2.0,3.0,16.0,8.0,12.5,7.977436565609423,12.464744633764724,30.239539686373828,0.0,98.62595106404216,34078720.0,4194304.0,38273024.0,545259520.0,67108864.0,612368384.0,16.0,16.0,603233056.0,251766088.0,854999144.0,17132064.0,0.0,0.0,0.0,31360235.0,31313508.10714286,2483027968.0,1.4138858852994072,1314.9265210178453,33720352.0,144965632.0,213742389.0
test,l1config-100_l2config-55,14,32.0,2.0,3.0,16.0,8.0,12.5,7.977467342993917,12.464792723427994,30.254208802603376,0.0,98.61898046973332,34078720.0,4194304.0,38273024.0,545259520.0,67108864.0,612368384.0,16.0,16.0,603118828.0,251843116.0,854961944.0,17129836.0,0.0,0.0,0.0,31375101.0,31314338.55357143,2483027968.0,1.4132164374842446,1314.7131747724573,33725824.0,144965632.0,213732018.0
test,l1config-100_l2config-55,15,32.0,2.0,3.0,16.0,8.0,12.5,7.9774132564197355,12.464708213155836,30.24280887232943,0.0,98.62866432359803,34078720.0,4194304.0,38273024.0,545259520.0,67108864.0,612368384.0,16.0,16.0,603095372.0,251740768.0,854836140.0,17128264.0,0.0,0.0,0.0,31364858.0,31314643.42857143,2483027968.0,1.4136774527933067,1314.4575000348966,33732384.0,144965632.0,213752343.0
test,l1config-100_l2config-55,16,32.0,2.0,3.0,16.0,8.0,12.5,7.977447922070072,12.464762378234488,30.241416392716232,0.0,98.6775542430856,34078720.0,4194304.0,38273024.0,545259520.0,67108864.0,612368384.0,16.0,16.0,603124152.0,251765424.0,854889576.0,17130812.0,0.0,0.0,0.0,31361764.0,31313106.01785714,2483027968.0,1.4138173251273118,1314.9240253399348,33720416.0,144965632.0,213723650.0
test,l1config-100_l2config-55,17,32.0,2.0,3.0,16.0,8.0,12.5,7.977470248330432,12.4647972630163,30.254938508105862,0.0,98.62962651387697,34078720.0,4194304.0,38273024.0,545259520.0,67108864.0,612368384.0,16.0,16.0,603193352.0,251853392.0,855046744.0,17136872.0,0.0,0.0,0.0,31369388.0,31317688.73214286,2483027968.0,1.4134735538257184,1314.6844843606088,33726560.0,144965632.0,213742919.0
test,l1config-100_l2config-55,18,32.0,2.0,3.0,16.0,8.0,12.5,7.9774255920887605,12.464727487638688,30.252648706633984,0.0,98.6035028960128,34078720.0,4194304.0,38273024.0,545259520.0,67108864.0,612368384.0,16.0,16.0,603180868.0,251855920.0,855036788.0,17129368.0,0.0,0.0,0.0,31365596.0,31316179.67857143,2483027968.0,1.413644427037944,1314.7431139286214,33725056.0,144965632.0,213742608.0
test,l1config-100_l2config-55,19,32.0,2.0,3.0,16.0,8.0,12.5,7.977388483238681,12.46466950506044,30.254670053312672,0.0,98.62341236012419,34078720.0,4194304.0,38273024.0,545259520.0,67108864.0,612368384.0,16.0,16.0,603115816.0,251794188.0,854910004.0,17154380.0,0.0,0.0,0.0,31372982.0,31312647.964285713,2483027968.0,1.4133115739306226,1314.5684880710228,33729536.0,144965632.0,213730389.0
test,l1config-100_l2config-55,20,32.0,2.0,3.0,16.0,8.0,12.5,7.977400939800975,12.464688968439024,30.25156501987673,0.0,98.63467548112303,34078720.0,4194304.0,38273024.0,545259520.0,67108864.0,612368384.0,16.0,16.0,603176224.0,251813832.0,854990056.0,17132888.0,0.0,0.0,0.0,31368697.0,31310143.660714287,2483027968.0,1.4135046114411014,1314.936503824222,33720096.0,144965632.0,213749076.0
test,l1config-100_l2config-55,21,32.0,2.0,3.0,16.0,8.0,12.5,7.977378647785521,12.464654137164876,30.2428085950308,0.0,98.62774449845068,34078720.0,4194304.0,38273024.0,545259520.0,67108864.0,612368384.0,16.0,16.0,603152496.0,251757700.0,854910196.0,17136696.0,0.0,0.0,0.0,31362957.0,31313073.80357143,2483027968.0,1.4137633089484172,1314.4724636208093,33732000.0,144965632.0,213726163.0
test,l1config-100_l2config-55,22,32.0,2.0,3.0,16.0,8.0,12.5,7.977401493906218,12.464689834228466,30.24171227103954,0.0,98.61887045372804,34078720.0,4194304.0,38273024.0,545259520.0,67108864.0,612368384.0,16.0,16.0,603140040.0,251779060.0,854919100.0,17145860.0,0.0,0.0,0.0,31363407.0,31314460.910714287,2483027968.0,1.413742990557015,1314.829196598613,33722848.0,144965632.0,213730231.0
test,l1config-100_l2config-55,23,32.0,2.0,3.0,16.0,8.0,12.5,7.977403744634983,12.46469335099216,30.2481839676221,0.0,98.65663787342373,34078720.0,4194304.0,38273024.0,545259520.0,67108864.0,612368384.0,16.0,16.0,603123520.0,251794796.0,854918316.0,17135556.0,0.0,0.0,0.0,31369803.0,31321741.589285713,2483027968.0,1.41345487710664,1314.9589656927837,33719520.0,144965632.0,213739080.0
test,l1config-100_l2config-55,24,32.0,2.0,3.0,16.0,8.0,12.5,7.977407554900639,12.464699304532248,30.248214330306023,0.0,98.62968580176505,34078720.0,4194304.0,38273024.0,545259520.0,67108864.0,612368384.0,16.0,16.0,603134564.0,251797584.0,854932148.0,17131420.0,0.0,0.0,0.0,31366540.0,31314592.60714286,2483027968.0,1.4136017471123765,1314.704442775422,33726048.0,144965632.0,213740340.0
test,l1config-100_l2config-55,25,32.0,2.0,3.0,16.0,8.0,12.5,7.977443288576472,12.464755138400738,30.2306844609601,0.0,98.62562972011104,34078720.0,4194304.0,38273024.0,545259520.0,67108864.0,612368384.0,16.0,16.0,603080228.0,251840656.0,854920884.0,17133848.0,0.0,0.0,0.0,31377084.0,31312921.57142857,2483027968.0,1.413126875883456,1314.275470356902,33737056.0,144965632.0,213704309.0
test,l1config-100_l2config-55,26,32.0,2.0,3.0,16.0,8.0,12.5,7.977409713963383,12.464702678067786,30.227741562730408,0.0,98.62036180707805,34078720.0,4194304.0,38273024.0,545259520.0,67108864.0,612368384.0,16.0,16.0,603085792.0,251770156.0,854855948.0,17135716.0,0.0,0.0,0.0,31368934.0,31313675.785714287,2483027968.0,1.4134940334493042,1314.5572637099187,33729824.0,144965632.0,213736719.0
test,l1config-100_l2config-55,27,32.0,2.0,3.0,16.0,8.0,12.5,7.97743590602451,12.464743603163297,30.250465198028436,0.0,98.65470746444403,34078720.0,4194304.0,38273024.0,545259520.0,67108864.0,612368384.0,16.0,16.0,603222340.0,251773732.0,854996072.0,17129876.0,0.0,0.0,0.0,31359351.0,31309021.98214286,2483027968.0,1.4139260123708965,1314.642074741089,33727648.0,144965632.0,213720672.0
test,l1config-100_l2config-55,28,32.0,2.0,3.0,16.0,8.0,12.5,7.977476971994801,12.464807768741878,30.241785553164142,0.0,98.52775135651723,34078720.0,4194304.0,38273024.0,545259520.0,67108864.0,612368384.0,16.0,16.0,603089312.0,251831704.0,854921016.0,17130976.0,0.0,0.0,0.0,31368470.0,31310784.60714286,2483027968.0,1.4135153473071185,1315.2398038122901,33712320.0,144965632.0,213721426.0
test,l1config-100_l2config-55,29,32.0,2.0,3.0,16.0,8.0,12.5,7.977421654515451,12.464721335180393,30.241146995545964,0.0,98.64311343593671,34078720.0,4194304.0,38273024.0,545259520.0,67108864.0,612368384.0,16.0,16.0,603146040.0,251743028.0,854889068.0,17138356.0,0.0,0.0,0.0,31360478.0,31310351.285714287,2483027968.0,1.4138749409232705,1314.7468564190185,33724960.0,144965632.0,213709920.0
test,l1config-100_l2config-55,30,32.0,2.0,3.0,16.0,8.0,12.5,7.977399205771004,12.464686259017194,30.252704146127407,0.0,98.63742469638109,34078720.0,4194304.0,38273024.0,545259520.0,67108864.0,612368384.0,16.0,16.0,603195232.0,251805236.0,855000468.0,17137480.0,0.0,0.0,0.0,31363415.0,31310378.80357143,2483027968.0,1.4137427200998367,1314.8341872440046,33722720.0,144965632.0,213744502.0
test,l1config-100_l2config-55,31,32.0,2.0,3.0,16.0,8.0,12.5,7.977456052532489,12.464775082082014,30.25118141839862,0.0,98.63402659854549,34078720.0,4194304.0,38273024.0,545259520.0,67108864.0,612368384.0,16.0,16.0,603172856.0,251767744.0,854940600.0,17138892.0,0.0,0.0,0.0,31357834.0,31316962.80357143,2483027968.0,1.4139941096163153,1314.7443614230533,33725024.0,144965632.0,213729358.0
test,l1config-100_l2config-55,32,32.0,2.0,3.0,16.0,8.0,12.5,7.97743957547994,12.464749336687406,30.243304499609476,0.0,98.62753207266543,34078720.0,4194304.0,38273024.0,545259520.0,67108864.0,612368384.0,16.0,16.0,603126020.0,251762940.0,854888960.0,17138492.0,0.0,0.0,0.0,31386655.0,31309582.125,2483027968.0,1.4126957563773381,1314.7767971092426,33724192.0,144965632.0,213704364.0
test,l1config-100_l2config-55,33,32.0,2.0,3.0,16.0,8.0,12.5,7.977476657953098,12.464807278051715,30.239579828448164,0.0,98.63037202146488,34078720.0,4194304.0,38273024.0,545259520.0,67108864.0,612368384.0,16.0,16.0,603116100.0,251795532.0,854911632.0,17133408.0,0.0,0.0,0.0,31362555.0,31317997.25,2483027968.0,1.4137813739876355,1314.7967583270015,33723680.0,144965632.0,213706313.0
test,l1config-100_l2config-55,34,32.0,2.0,3.0,16.0,8.0,12.5,7.977412554029298,12.464707115670778,30.232729475065725,0.0,98.60654315823392,34078720.0,4194304.0,38273024.0,545259520.0,67108864.0,612368384.0,16.0,16.0,603195376.0,251770276.0,854965652.0,17131884.0,0.0,0.0,0.0,31374148.0,31314532.964285713,2483027968.0,1.4132593306339856,1314.7106799043256,33725888.0,144965632.0,213735481.0
test,l1config-100_l2config-55,35,32.0,2.0,3.0,16.0,8.0,12.5,7.977401634184081,12.464690053412626,30.242941832215152,0.0,98.63516364713547,34078720.0,4194304.0,38273024.0,545259520.0,67108864.0,612368384.0,16.0,16.0,603132564.0,251736844.0,854869408.0,17136256.0,0.0,0.0,0.0,31359746.0,31308719.339285713,2483027968.0,1.4139079661785499,1315.0637978935015,33716832.0,144965632.0,213703101.0
test,l1config-100_l2config-55,36,32.0,2.0,3.0,16.0,8.0,12.5,7.977469918121561,12.46479674706494,30.239393137352682,0.0,98.58587182336619,34078720.0,4194304.0,38273024.0,545259520.0,67108864.0,612368384.0,16.0,16.0,603178584.0,251807984.0,854986568.0,17137220.0,0.0,0.0,0.0,31357723.0,31314890.0,2483027968.0,1.4139997912588524,1314.5510280365727,33729984.0,144965632.0,213730117.0
test,l1config-100_l2config-55,37,32.0,2.0,3.0,16.0,8.0,12.5,7.977403582341005,12.464693097407821,30.251067359530136,0.0,98.63174683038882,34078720.0,4194304.0,38273024.0,545259520.0,67108864.0,612368384.0,16.0,16.0,603153924.0,251846224.0,855000148.0,17131416.0,0.0,0.0,0.0,31355508.0,31313759.39285714,2483027968.0,1.4140990920981271,1314.5747239100167,33729376.0,144965632.0,213739248.0
test,l1config-100_l2config-55,38,32.0,2.0,3.0,16.0,8.0,12.5,7.977421076525698,12.464720432071404,30.255056711042588,0.0,98.61292266190735,34078720.0,4194304.0,38273024.0,545259520.0,67108864.0,612368384.0,16.0,16.0,603149584.0,251786532.0,854936116.0,17140276.0,0.0,0.0,0.0,31373988.0,31315905.26785714,2483027968.0,1.4132667068514824,1314.508627026652,33731072.0,144965632.0,213753114.0
test,l1config-100_l2config-55,39,32.0,2.0,3.0,16.0,8.0,12.5,7.977395063973044,12.464679787457882,30.23336041497695,0.0,98.60635063972644,34078720.0,4194304.0,38273024.0,545259520.0,67108864.0,612368384.0,16.0,16.0,603101844.0,251838692.0,854940536.0,17130528.0,0.0,0.0,0.0,31368217.0,31314126.285714287,2483027968.0,1.413526184726568,1314.7293916461185,33725408.0,144965632.0,213739230.0
test,l1config-100_l2config-55,40,32.0,2.0,3.0,16.0,8.0,12.5,7.977422828814809,12.464723170023138,30.254070638760695,0.0,98.62407361635627,34078720.0,4194304.0,38273024.0,545259520.0,67108864.0,612368384.0,16.0,16.0,603080876.0,251818072.0,854898948.0,17134580.0,0.0,0.0,0.0,31367464.0,31311301.19642857,2483027968.0,1.4135603315703587,1314.7169170924092,33725728.0,144965632.0,213725776.0
test,l1config-100_l2config-55,41,32.0,2.0,3.0,16.0,8.0,12.5,7.977409418189668,12.464702215921356,30.244700945206997,0.0,98.61316645978272,34078720.0,4194304.0,38273024.0,545259520.0,67108864.0,612368384.0,16.0,16.0,603135376.0,251787876.0,854923252.0,17134804.0,0.0,0.0,0.0,31363522.0,31314851.48214286,2483027968.0,1.4137378744262656,1314.7144222100742,33725792.0,144965632.0,213734215.0
test,l1config-100_l2config-55,42,32.0,2.0,3.0,16.0,8.0,12.5,7.977438916556618,12.464748307119716,30.231954276120398,0.0,98.63778021876044,34078720.0,4194304.0,38273024.0,545259520.0,67108864.0,612368384.0,16.0,16.0,603176988.0,251772696.0,854949684.0,17132152.0,0.0,0.0,0.0,31372081.0,31317198.5,2483027968.0,1.4133525694352145,1315.0700384325337,33716672.0,144965632.0,213742182.0
test,l1config-100_l2config-55,43,32.0,2.0,3.0,16.0,8.0,12.5,7.977420355591802,12.46471930561219,30.237306907911606,0.0,98.64167538897111,34078720.0,4194304.0,38273024.0,545259520.0,67108864.0,612368384.0,16.0,16.0,603165396.0,251793672.0,854959068.0,17136748.0,0.0,0.0,0.0,31362914.0,31308391.94642857,2483027968.0,1.4137652472836029,1314.6420747410891,33727648.0,144965632.0,213731599.0
test,l1config-100_l2config-55,44,32.0,2.0,3.0,16.0,8.0,12.5,7.977444028027649,12.4647562937932,30.245617144584624,0.0,98.61189710164298,34078720.0,4194304.0,38273024.0,545259520.0,67108864.0,612368384.0,16.0,16.0,603083752.0,251773436.0,854857188.0,17131668.0,0.0,0.0,0.0,31365909.0,31320997.23214286,2483027968.0,1.4136303653628002,1314.5485337837983,33730048.0,144965632.0,213734883.0
test,l1config-100_l2config-55,45,32.0,2.0,3.0,16.0,8.0,12.5,7.9774740139892835,12.464803146858255,30.242759586341478,0.0,98.63712973088417,34078720.0,4194304.0,38273024.0,545259520.0,67108864.0,612368384.0,16.0,16.0,603166940.0,251810848.0,854977788.0,17130656.0,0.0,0.0,0.0,31360462.0,31308196.660714287,2483027968.0,1.4138755157524048,1314.865379636069,33721920.0,144965632.0,213741397.0
test,l1config-100_l2config-55,46,32.0,2.0,3.0,16.0,8.0,12.5,7.977448130098671,12.464762703279174,30.2373457570224,0.0,98.64065717896325,34078720.0,4194304.0,38273024.0,545259520.0,67108864.0,612368384.0,16.0,16.0,603118504.0,251816256.0,854934760.0,17135744.0,0.0,0.0,0.0,31356063.0,31313271.339285713,2483027968.0,1.414074220483452,1314.6383328471995,33727744.0,144965632.0,213735832.0
test,l1config-100_l2config-55,47,32.0,2.0,3.0,16.0,8.0,12.5,7.977527677815222,12.464886996586284,30.254540765461467,0.0,98.61976618158711,34078720.0,4194304.0,38273024.0,545259520.0,67108864.0,612368384.0,16.0,16.0,603115768.0,251812672.0,854928440.0,17138440.0,0.0,0.0,0.0,31368430.0,31314136.17857143,2483027968.0,1.4135171047151995,1314.7967583270015,33723680.0,144965632.0,213701968.0
test,l1config-100_l2config-55,48,32.0,2.0,3.0,16.0,8.0,12.5,7.977450695628724,12.46476671191988,30.235769504198956,0.0,98.63512097777793,34078720.0,4194304.0,38273024.0,545259520.0,67108864.0,612368384.0,16.0,16.0,603041188.0,251802528.0,854843716.0,17130788.0,0.0,0.0,0.0,31373083.0,31325451.60714286,2483027968.0,1.413307406938313,1314.9115470924814,33720736.0,144965632.0,213730547.0
test,l1config-100_l2config-55,49,32.0,2.0,3.0,16.0,8.0,12.5,7.977430756497719,12.464735557027685,30.248737328508135,0.0,98.61731256871838,34078720.0,4194304.0,38273024.0,545259520.0,67108864.0,612368384.0,16.0,16.0,603162332.0,251764612.0,854926944.0,17144968.0,0.0,0.0,0.0,31374595.0,31323176.285714287,2483027968.0,1.413239071770172,1314.7131747724575,33725824.0,144965632.0,213760273.0
test,l1config-50,0,32.0,2.0,2.0,16.0,8.0,12.5,7.9765156237913475,12.46330566217398,46.061407157885384,0.0,98.54606174093445,34078720.0,4194304.0,38273024.0,545259520.0,67108864.0,612368384.0,16.0,16.0,545493168.0,250600336.0,796093504.0,17089088.0,0.0,0.0,0.0,30553302.0,30505728.30357143,2483027968.0,1.4512284723391295,1348.822410359674,32872960.0,144965632.0,199036300.0
test,l1config-50,1,32.0,2.0,2.0,16.0,8.0,12.5,7.976537953001974,12.463340551565585,46.06322149311781,0.0,98.53510138211668,34078720.0,4194304.0,38273024.0,545259520.0,67108864.0,612368384.0,16.0,16.0,545493400.0,250627268.0,796120668.0,17083532.0,0.0,0.0,0.0,30557478.0,30504513.160714287,2483027968.0,1.45103021780513,1349.1822693482663,32864192.0,144965632.0,199018697.0
test,l1config-50,2,32.0,2.0,2.0,16.0,8.0,12.5,7.976521293915729,12.463314521743326,46.0640896930583,0.0,98.53417529602062,34078720.0,4194304.0,38273024.0,545259520.0,67108864.0,612368384.0,16.0,16.0,545495264.0,250633344.0,796128608.0,17098272.0,0.0,0.0,0.0,30554436.0,30508938.19642857,2483027968.0,1.4511741719481877,1349.4687177044198,32857216.0,144965632.0,199035088.0
test,l1config-50,3,32.0,2.0,2.0,16.0,8.0,12.5,7.976504944435286,12.463288975680134,46.062973820041115,0.0,98.53459374003548,34078720.0,4194304.0,38273024.0,545259520.0,67108864.0,612368384.0,16.0,16.0,545490552.0,250598812.0,796089364.0,17092400.0,0.0,0.0,0.0,30559336.0,30511562.535714287,2483027968.0,1.4509417580552266,1349.2164265265978,32863360.0,144965632.0,199030704.0
test,l1config-50,4,32.0,2.0,2.0,16.0,8.0,12.5,7.976546130804954,12.463353329382741,46.06383230931072,0.0,98.52906717981699,34078720.0,4194304.0,38273024.0,545259520.0,67108864.0,612368384.0,16.0,16.0,545498732.0,250609528.0,796108260.0,17098932.0,0.0,0.0,0.0,30556613.0,30510611.57142857,2483027968.0,1.4510711987899088,1348.9629163872937,32869536.0,144965632.0,199034010.0
test,l1config-50,5,32.0,2.0,2.0,16.0,8.0,12.5,7.97652714236954,12.463323659952406,46.0643749056334,0.0,98.53621322233379,34078720.0,4194304.0,38273024.0,545259520.0,67108864.0,612368384.0,16.0,16.0,545496248.0,250654824.0,796151072.0,17084432.0,0.0,0.0,0.0,30555577.0,30514624.160714287,2483027968.0,1.4511200655853531,1349.6869205163007,32851904.0,144965632.0,199024264.0
test,l1config-50,6,32.0,2.0,2.0,16.0,8.0,12.5,7.976586471111582,12.463416361111847,46.062941758033055,0.0,98.4868241534017,34078720.0,4194304.0,38273024.0,545259520.0,67108864.0,612368384.0,16.0,16.0,545496404.0,250588712.0,796085116.0,17091176.0,0.0,0.0,0.0,30551440.0,30510765.035714287,2483027968.0,1.4513163613770095,1349.3228503623877,32860768.0,144965632.0,199029876.0
test,l1config-50,7,32.0,2.0,2.0,16.0,8.0,12.5,7.9765661864462665,12.463384666322291,46.0628330451384,0.0,98.52702736369997,34078720.0,4194304.0,38273024.0,545259520.0,67108864.0,612368384.0,16.0,16.0,545493744.0,250680024.0,796173768.0,17083652.0,0.0,0.0,0.0,30564948.0,30508301.839285713,2483027968.0,1.4506752332232131,1348.9510969957473,32869824.0,144965632.0,199028502.0
test,l1config-50,8,32.0,2.0,2.0,16.0,8.0,12.5,7.976535790939421,12.463337173342845,46.06446580027924,0.0,98.50401243015597,34078720.0,4194304.0,38273024.0,545259520.0,67108864.0,612368384.0,16.0,16.0,545497172.0,250588388.0,796085560.0,17084016.0,0.0,0.0,0.0,30563275.0,30514162.089285713,2483027968.0,1.4507545348358195,1349.2124852254472,32863456.0,144965632.0,199027716.0
test,l1config-50,9,32.0,2.0,2.0,16.0,8.0,12.5,7.976569566682294,12.463389947941085,46.06483758980597,0.0,98.5562106809555,34078720.0,4194304.0,38273024.0,545259520.0,67108864.0,612368384.0,16.0,16.0,545496652.0,250631072.0,796127724.0,17090732.0,0.0,0.0,0.0,30562592.0,30507554.19642857,2483027968.0,1.4507866590246576,1349.3136525780214,32860992.0,144965632.0,199037024.0
test,l1config-55_l2config-25,0,32.0,2.0,2.0,16.0,8.0,12.5,7.976426723888746,12.463166756076166,46.057902418179566,0.0,98.54127939211924,34078720.0,4194304.0,38273024.0,545259520.0,67108864.0,612368384.0,16.0,16.0,545494712.0,250627212.0,796121924.0,17435324.0,0.0,0.0,0.0,30710008.0,30661624.0,2483027968.0,1.443822539766722,1342.7106249823498,33022592.0,144965632.0,199042913.0
test,l1config-55_l2config-25,1,32.0,2.0,2.0,16.0,8.0,12.5,7.976435432217097,12.463180362839214,46.0558653040133,0.0,98.5345725482808,34078720.0,4194304.0,38273024.0,545259520.0,67108864.0,612368384.0,16.0,16.0,545500636.0,250594280.0,796094916.0,17426256.0,0.0,0.0,0.0,30713504.0,30661879.10714286,2483027968.0,1.4436580421770173,1342.6065425181735,33025152.0,144965632.0,199023269.0
test,l1config-55_l2config-25,2,32.0,2.0,2.0,16.0,8.0,12.5,7.976372556689256,12.463082119826963,46.058406096935364,0.0,98.51827152705403,34078720.0,4194304.0,38273024.0,545259520.0,67108864.0,612368384.0,16.0,16.0,545499272.0,250633952.0,796133224.0,17378072.0,0.0,0.0,0.0,30708914.0,30659205.625,2483027968.0,1.4438736701084738,1342.8863007384862,33018272.0,144965632.0,199019216.0
test,l1config-55_l2config-25,3,32.0,2.0,2.0,16.0,8.0,12.5,7.976413244202933,12.463145694067084,46.05589700071592,0.0,98.51496953934674,34078720.0,4194304.0,38273024.0,545259520.0,67108864.0,612368384.0,16.0,16.0,545503724.0,250600636.0,796104360.0,17396460.0,0.0,0.0,0.0,30709141.0,30665305.464285713,2483027968.0,1.4438632204177753,1342.90582310462,33017792.0,144965632.0,199025145.0
test,l1config-55_l2config-25,4,32.0,2.0,2.0,16.0,8.0,12.5,7.976433345865076,12.463177102914182,46.05666150337147,0.0,98.4841524116475,34078720.0,4194304.0,38273024.0,545259520.0,67108864.0,612368384.0,16.0,16.0,545497164.0,250660956.0,796158120.0,17394680.0,0.0,0.0,0.0,30704794.0,30656767.160714287,2483027968.0,1.4440676457081458,1342.3243000643117,33032096.0,144965632.0,199024853.0
test,l1config-55_l2config-25,5,32.0,2.0,2.0,16.0,8.0,12.5,7.97642810892146,12.46316892018978,46.0568575707792,0.0,98.50965430478166,34078720.0,4194304.0,38273024.0,545259520.0,67108864.0,612368384.0,16.0,16.0,545495244.0,250583836.0,796079080.0,17394872.0,0.0,0.0,0.0,30712682.0,30659925.67857143,2483027968.0,1.443696739281062,1343.026874445011,33014816.0,144965632.0,199035505.0
test,l1config-55_l2config-25,6,32.0,2.0,2.0,16.0,8.0,12.5,7.976444469290958,12.463194483267122,46.056759128496516,0.0,98.49442239022446,34078720.0,4194304.0,38273024.0,545259520.0,67108864.0,612368384.0,16.0,16.0,545494168.0,250664680.0,796158848.0,17424640.0,0.0,0.0,0.0,30718424.0,30658065.35714286,2483027968.0,1.4434268193943935,1342.7379493032854,33021920.0,144965632.0,199028783.0
test,l1config-55_l2config-25,7,32.0,2.0,2.0,16.0,8.0,12.5,7.976401305867609,12.463127040418138,46.05827398613152,0.0,98.52594987253627,34078720.0,4194304.0,38273024.0,545259520.0,67108864.0,612368384.0,16.0,16.0,545500288.0,250649812.0,796150100.0,17404928.0,0.0,0.0,0.0,30712508.0,30652675.23214286,2483027968.0,1.4437046011691652,1343.2456031625238,33009440.0,144965632.0,199034186.0
test,l1config-55_l2config-25,8,32.0,2.0,2.0,16.0,8.0,12.5,7.9763847180539065,12.463101121959228,46.05502917654255,0.0,98.54112360455368,34078720.0,4194304.0,38273024.0,545259520.0,67108864.0,612368384.0,16.0,16.0,545500056.0,250660460.0,796160516.0,17398224.0,0.0,0.0,0.0,30713220.0,30652710.160714287,2483027968.0,1.443671438449565,1342.5310928212796,33027008.0,144965632.0,199044086.0
test,l1config-55_l2config-25,9,32.0,2.0,2.0,16.0,8.0,12.5,7.976405955059151,12.463134304779922,46.05533111779436,0.0,98.53415845848792,34078720.0,4194304.0,38273024.0,545259520.0,67108864.0,612368384.0,16.0,16.0,545500456.0,250636372.0,796136828.0,17435360.0,0.0,0.0,0.0,30717902.0,30656901.910714287,2483027968.0,1.4434511131024919,1342.7392504891645,33021888.0,144965632.0,199040308.0
test,l1config-55_l2config-25,10,32.0,2.0,2.0,16.0,8.0,12.5,7.976445733672414,12.463196458863148,46.05501227459756,0.0,98.54734750581285,34078720.0,4194304.0,38273024.0,545259520.0,67108864.0,612368384.0,16.0,16.0,545498128.0,250611976.0,796110104.0,17433472.0,0.0,0.0,0.0,30706803.0,30649141.25,2483027968.0,1.4439730496416385,1342.7171306721787,33022432.0,144965632.0,199040460.0
test,l1config-55_l2config-25,11,32.0,2.0,2.0,16.0,8.0,12.5,7.976442807587779,12.463191886855904,46.055364538778335,0.0,98.49174142544365,34078720.0,4194304.0,38273024.0,545259520.0,67108864.0,612368384.0,16.0,16.0,545499292.0,250596760.0,796096052.0,17331200.0,0.0,0.0,0.0,30716860.0,30665579.82142857,2483027968.0,1.4435004313750421,1342.8980140900528,33017984.0,144965632.0,199030491.0
test,l1config-55_l2config-25,12,32.0,2.0,2.0,16.0,8.0,12.5,7.976435589115749,12.463180607993356,46.05556809089595,0.0,98.49257566693309,34078720.0,4194304.0,38273024.0,545259520.0,67108864.0,612368384.0,16.0,16.0,545496104.0,250643516.0,796139620.0,17400440.0,0.0,0.0,0.0,30711862.0,30651251.25,2483027968.0,1.4437353209370432,1342.7483588609325,33021664.0,144965632.0,199030686.0
test,l1config-55_l2config-25,13,32.0,2.0,2.0,16.0,8.0,12.5,7.976383190704702,12.463098735476096,46.05729543771867,0.0,98.50253029512797,34078720.0,4194304.0,38273024.0,545259520.0,67108864.0,612368384.0,16.0,16.0,545500904.0,250613988.0,796114892.0,17433524.0,0.0,0.0,0.0,30706508.0,30673226.89285714,2483027968.0,1.443986675131772,1342.587028852533,33025632.0,144965632.0,199037879.0
test,l1config-55_l2config-25,14,32.0,2.0,2.0,16.0,8.0,12.5,7.97641517415581,12.463148709618453,46.05562540901302,0.0,98.50970845687968,34078720.0,4194304.0,38273024.0,545259520.0,67108864.0,612368384.0,16.0,16.0,545498740.0,250616680.0,796115420.0,17135344.0,0.0,0.0,0.0,30704926.0,30650782.07142857,2483027968.0,1.444061449439318,1342.711926115272,33022560.0,144965632.0,199029435.0
test,l1config-55_l2config-25,15,32.0,2.0,2.0,16.0,8.0,12.5,7.97643429045353,12.46317857883364,46.05602034744131,0.0,98.51512849677444,34078720.0,4194304.0,38273024.0,545259520.0,67108864.0,612368384.0,16.0,16.0,545498820.0,250647228.0,796146048.0,17400504.0,0.0,0.0,0.0,30707676.0,30659326.60714286,2483027968.0,1.4439321747140392,1342.518085109917,33027328.0,144965632.0,199031754.0
test,l1config-55_l2config-25,16,32.0,2.0,2.0,16.0,8.0,12.5,7.976402374306824,12.463128709854413,46.05637330883028,0.0,98.53602595748333,34078720.0,4194304.0,38273024.0,545259520.0,67108864.0,612368384.0,16.0,16.0,545497168.0,250609904.0,796107072.0,17417012.0,0.0,0.0,0.0,30710641.0,30659384.464285713,2483027968.0,1.4437925214785412,1342.7782872382368,33020928.0,144965632.0,199023418.0
test,l1config-55_l2config-25,17,32.0,2.0,2.0,16.0,8.0,12.5,7.976435983854881,12.463181224773251,46.05588102367693,0.0,98.50836942818218,34078720.0,4194304.0,38273024.0,545259520.0,67108864.0,612368384.0,16.0,16.0,545495840.0,250605720.0,796101560.0,17407484.0,0.0,0.0,0.0,30716006.0,30654592.875,2483027968.0,1.4435403419344037,1342.8264356882096,33019744.0,144965632.0,199032356.0
test,l1config-55_l2config-25,18,32.0,2.0,2.0,16.0,8.0,12.5,7.976418039635565,12.46315318693057,46.05460098546424,0.0,98.5366968135706,34078720.0,4194304.0,38273024.0,545259520.0,67108864.0,612368384.0,16.0,16.0,545496952.0,250644656.0,796141608.0,17437256.0,0.0,0.0,0.0,30712209.0,30650490.10714286,2483027968.0,1.443718879705095,1342.3334028073593,33031872.0,144965632.0,199033949.0
test,l1config-55_l2config-25,19,32.0,2.0,2.0,16.0,8.0,12.5,7.976424787909423,12.463163731108473,46.056969121291985,0.0,98.50582522285936,34078720.0,4194304.0,38273024.0,545259520.0,67108864.0,612368384.0,16.0,16.0,545502604.0,250663940.0,796166544.0,17404112.0,0.0,0.0,0.0,30717896.0,30647895.76785714,2483027968.0,1.443451383298234,1342.6455715512175,33024192.0,144965632.0,199032763.0
test,l1config-55_l2config-25,20,32.0,2.0,2.0,16.0,8.0,12.5,7.976455903475242,12.463212349180065,46.055657204786286,0.0,98.48997191428269,34078720.0,4194304.0,38273024.0,545259520.0,67108864.0,612368384.0,16.0,16.0,545499236.0,250612112.0,796111348.0,17421700.0,0.0,0.0,0.0,30709711.0,30660810.05357143,2483027968.0,1.4438363269712526,1342.2826890967958,33033120.0,144965632.0,199038490.0
test,l1config-55_l2config-25,21,32.0,2.0,2.0,16.0,8.0,12.5,7.976422176689137,12.463159651076776,46.05679201331429,0.0,98.54034123999122,34078720.0,4194304.0,38273024.0,545259520.0,67108864.0,612368384.0,16.0,16.0,545499624.0,250616756.0,796116380.0,17422160.0,0.0,0.0,0.0,30708042.0,30655094.125,2483027968.0,1.4439148473586187,1342.5258897064866,33027136.0,144965632.0,199044124.0
test,l1config-55_l2config-25,22,32.0,2.0,2.0,16.0,8.0,12.5,7.976467356974558,12.463230245272747,46.05601451921476,0.0,98.53540834700688,34078720.0,4194304.0,38273024.0,545259520.0,67108864.0,612368384.0,16.0,16.0,545494948.0,250618648.0,796113596.0,17408896.0,0.0,0.0,0.0,30707906.0,30656270.55357143,2483027968.0,1.443921171677601,1342.9565839131176,33016544.0,144965632.0,199043049.0
test,l1config-55_l2config-25,23,32.0,2.0,2.0,16.0,8.0,12.5,7.976377320187555,12.463089562793055,46.05706787610309,0.0,98.53809046640838,34078720.0,4194304.0,38273024.0,545259520.0,67108864.0,612368384.0,16.0,16.0,545499556.0,250629288.0,796128844.0,17433440.0,0.0,0.0,0.0,30710001.0,30651773.69642857,2483027968.0,1.4438227160720232,1342.512882095949,33027456.0,144965632.0,199027644.0
test,l1config-55_l2config-25,24,32.0,2.0,2.0,16.0,8.0,12.5,7.976404314727759,12.463131741762123,46.05684869311123,0.0,98.54335785600684,34078720.0,4194304.0,38273024.0,545259520.0,67108864.0,612368384.0,16.0,16.0,545501588.0,250577456.0,796079044.0,17461180.0,0.0,0.0,0.0,30705879.0,30665732.14285714,2483027968.0,1.4440163958160332,1342.6052415894835,33025184.0,144965632.0,199032773.0
test,l1config-55_l2config-25,25,32.0,2.0,2.0,16.0,8.0,12.5,7.97642383217559,12.463162237774359,46.05668827369496,0.0,98.59993810211765,34078720.0,4194304.0,38273024.0,545259520.0,67108864.0,612368384.0,16.0,16.0,545497320.0,250646412.0,796143732.0,17398904.0,0.0,0.0,0.0,30702134.0,30654706.285714287,2483027968.0,1.4441926759047667,1342.7496600669872,33021632.0,144965632.0,199040847.0
test,l1config-55_l2config-25,26,32.0,2.0,2.0,16.0,8.0,12.5,7.976382027279636,12.463096917624432,46.05726045483143,0.0,98.54746624496235,34078720.0,4194304.0,38273024.0,545259520.0,67108864.0,612368384.0,16.0,16.0,545497360.0,250638872.0,796136232.0,17440592.0,0.0,0.0,0.0,30703070.0,30660418.535714287,2483027968.0,1.4441486371247643,1342.8589703794626,33018944.0,144965632.0,199030546.0
test,l1config-55_l2config-25,27,32.0,2.0,2.0,16.0,8.0,12.5,7.976448226821018,12.46320035440784,46.056990911325904,0.0,98.5223840699737,34078720.0,4194304.0,38273024.0,545259520.0,67108864.0,612368384.0,16.0,16.0,545498764.0,250663024.0,796161788.0,17437104.0,0.0,0.0,0.0,30709135.0,30648044.214285713,2483027968.0,1.4438635495395848,1342.6078434493843,33025120.0,144965632.0,199034800.0
test,l1config-55_l2config-25,28,32.0,2.0,2.0,16.0,8.0,12.5,7.9764005486917124,12.4631258573308,46.0579980797471,0.0,98.54487812267901,34078720.0,4194304.0,38273024.0,545259520.0,67108864.0,612368384.0,16.0,16.0,545497564.0,250637016.0,796134580.0,17437916.0,0.0,0.0,0.0,30706565.0,30656637.39285714,2483027968.0,1.4439843121077187,1342.6546786520971,33023968.0,144965632.0,199031933.0
test,l1config-55_l2config-25,29,32.0,2.0,2.0,16.0,8.0,12.5,7.976425595085208,12.463164992320637,46.05740170755823,0.0,98.54193741383473,34078720.0,4194304.0,38273024.0,545259520.0,67108864.0,612368384.0,16.0,16.0,545496004.0,250638536.0,796134540.0,17397412.0,0.0,0.0,0.0,30707781.0,30645598.589285713,2483027968.0,1.4439268965271286,1342.6728932244998,33023520.0,144965632.0,199027822.0
test,l1config-55_l2config-25,30,32.0,2.0,2.0,16.0,8.0,12.5,7.976434180130504,12.463178406453912,46.05755501676114,0.0,98.51899242281036,34078720.0,4194304.0,38273024.0,545259520.0,67108864.0,612368384.0,16.0,16.0,545498272.0,250589412.0,796087684.0,17421512.0,0.0,0.0,0.0,30718129.0,30659543.76785714,2483027968.0,1.4434403523455996,1342.8394493755293,33019424.0,144965632.0,199044358.0
test,l1config-55_l2config-25,31,32.0,2.0,2.0,16.0,8.0,12.5,7.976403565345938,12.463130570853028,46.05829566310145,0.0,98.53218026630927,34078720.0,4194304.0,38273024.0,545259520.0,67108864.0,612368384.0,16.0,16.0,545497256.0,250629392.0,796126648.0,17402920.0,0.0,0.0,0.0,30712174.0,30665661.839285713,2483027968.0,1.4437205132346171,1343.1297201471507,33012288.0,144965632.0,199043686.0
test,l1config-55_l2config-25,32,32.0,2.0,2.0,16.0,8.0,12.5,7.976378303804366,12.463091099694322,46.057879190074026,0.0,98.53551710939624,34078720.0,4194304.0,38273024.0,545259520.0,67108864.0,612368384.0,16.0,16.0,545499092.0,250628516.0,796127608.0,17401448.0,0.0,0.0,0.0,30708452.0,30665410.05357143,2483027968.0,1.4438956631462738,1342.8316411328688,33019616.0,144965632.0,199037149.0
test,l1config-55_l2config-25,33,32.0,2.0,2.0,16.0,8.0,12.5,7.9763991744113545,12.463123710017742,46.05887087406455,0.0,98.53178022363849,34078720.0,4194304.0,38273024.0,545259520.0,67108864.0,612368384.0,16.0,16.0,545496160.0,250656460.0,796152620.0,17441252.0,0.0,0.0,0.0,30697253.0,30661118.67857143,2483027968.0,1.4444224031442414,1343.12581432644,33012384.0,144965632.0,199032716.0
test,l1config-55_l2config-25,34,32.0,2.0,2.0,16.0,8.0,12.5,7.976442500811902,12.463191407518597,46.058621281894105,0.0,98.53710742480499,34078720.0,4194304.0,38273024.0,545259520.0,67108864.0,612368384.0,16.0,16.0,545498932.0,250632616.0,796131548.0,17424796.0,0.0,0.0,0.0,30721129.0,30665000.07142857,2483027968.0,1.4432994787644549,1342.3138970805694,33032352.0,144965632.0,199028864.0
test,l1config-55_l2config-25,35,32.0,2.0,2.0,16.0,8.0,12.5,7.976421679664274,12.463158874475429,46.05707387199503,0.0,98.49623032504759,34078720.0,4194304.0,38273024.0,545259520.0,67108864.0,612368384.0,16.0,16.0,545498012.0,250604896.0,796102908.0,17426756.0,0.0,0.0,0.0,30709985.0,30658904.19642857,2483027968.0,1.443823585845473,1342.6793985486981,33023360.0,144965632.0,199029037.0
test,l1config-55_l2config-25,36,32.0,2.0,2.0,16.0,8.0,12.5,7.97637716023262,12.463089312863469,46.05751799317658,0.0,98.49190181685891,34078720.0,4194304.0,38273024.0,545259520.0,67108864.0,612368384.0,16.0,16.0,545498656.0,250606532.0,796105188.0,17431064.0,0.0,0.0,0.0,30709880.0,30667662.85714286,2483027968.0,1.4438282285728297,1342.7847935837574,33020768.0,144965632.0,199037471.0
test,l1config-55_l2config-25,37,32.0,2.0,2.0,16.0,8.0,12.5,7.976441222465167,12.463189410101823,46.055249207027394,0.0,98.54880979118686,34078720.0,4194304.0,38273024.0,545259520.0,67108864.0,612368384.0,16.0,16.0,545498760.0,250633148.0,796131908.0,17394428.0,0.0,0.0,0.0,30701639.0,30670620.339285713,2483027968.0,1.4442158664300073,1342.9201398672078,33017440.0,144965632.0,199042296.0
test,l1config-55_l2config-25,38,32.0,2.0,2.0,16.0,8.0,12.5,7.976434097831293,12.463178277861395,46.05783940630449,0.0,98.49655862678219,34078720.0,4194304.0,38273024.0,545259520.0,67108864.0,612368384.0,16.0,16.0,545498016.0,250653596.0,796151612.0,17429588.0,0.0,0.0,0.0,30706746.0,30648117.375,2483027968.0,1.4439758358512342,1342.7483588609327,33021664.0,144965632.0,199037959.0
test,l1config-55_l2config-25,39,32.0,2.0,2.0,16.0,8.0,12.5,7.976368375906688,12.4630755873542,46.05868493910059,0.0,98.50030664294165,34078720.0,4194304.0,38273024.0,545259520.0,67108864.0,612368384.0,16.0,16.0,545497036.0,250635372.0,796132408.0,17399576.0,0.0,0.0,0.0,30696910.0,30661211.07142857,2483027968.0,1.4444385310196515,1343.0529098426427,33014176.0,144965632.0,199022898.0
test,l1config-55_l2config-25,40,32.0,2.0,2.0,16.0,8.0,12.5,7.976391949291731,12.46311242076833,46.05690597197211,0.0,98.5118468260587,34078720.0,4194304.0,38273024.0,545259520.0,67108864.0,612368384.0,16.0,16.0,545497992.0,250603280.0,796101272.0,17408852.0,0.0,0.0,0.0,30724835.0,30666424.30357143,2483027968.0,1.4431253071583225,1342.779588502297,33020896.0,144965632.0,199032449.0
test,l1config-55_l2config-25,41,32.0,2.0,2.0,16.0,8.0,12.5,7.9763878612376855,12.463106033183884,46.05464219313694,0.0,98.53823836975415,34078720.0,4194304.0,38273024.0,545259520.0,67108864.0,612368384.0,16.0,16.0,545499648.0,250617712.0,796117360.0,17402020.0,0.0,0.0,0.0,30710001.0,30662777.19642857,2483027968.0,1.4438226808109595,1342.9214414062167,33017408.0,144965632.0,199032675.0
test,l1config-55_l2config-25,42,32.0,2.0,2.0,16.0,8.0,12.5,7.976348709051764,12.463044857893381,46.05731954525282,0.0,98.52192822060066,34078720.0,4194304.0,38273024.0,545259520.0,67108864.0,612368384.0,16.0,16.0,545497200.0,250591436.0,796088636.0,17401512.0,0.0,0.0,0.0,30709170.0,30659339.73214286,2483027968.0,1.443861551302337,1343.2429988301897,33009504.0,144965632.0,199034261.0
test,l1config-55_l2config-25,43,32.0,2.0,2.0,16.0,8.0,12.5,7.976374093296525,12.463084520775821,46.05652136593696,0.0,98.55836647212041,34078720.0,4194304.0,38273024.0,545259520.0,67108864.0,612368384.0,16.0,16.0,545500936.0,250634984.0,796135920.0,17452588.0,0.0,0.0,0.0,30707229.0,30658023.67857143,2483027968.0,1.443953217312687,1342.7015171224991,33022816.0,144965632.0,199038590.0
test,l1config-55_l2config-25,44,32.0,2.0,2.0,16.0,8.0,12.5,7.976444628294034,12.463194731709427,46.05753485334612,0.0,98.4969880504579,34078720.0,4194304.0,38273024.0,545259520.0,67108864.0,612368384.0,16.0,16.0,545497720.0,250639920.0,796137640.0,17394816.0,0.0,0.0,0.0,30703503.0,30659551.964285713,2483027968.0,1.4441281885216264,1343.2364880435362,33009664.0,144965632.0,199032358.0
test,l1config-55_l2config-25,45,32.0,2.0,2.0,16.0,8.0,12.5,7.976399180339074,12.463123719279803,46.05504450411122,0.0,98.53418426306561,34078720.0,4194304.0,38273024.0,545259520.0,67108864.0,612368384.0,16.0,16.0,545500968.0,250632904.0,796133872.0,17396112.0,0.0,0.0,0.0,30714123.0,30656544.214285713,2483027968.0,1.4436288885168351,1342.693710483828,33023008.0,144965632.0,199032515.0
test,l1config-55_l2config-25,46,32.0,2.0,2.0,16.0,8.0,12.5,7.976413783340763,12.463146536469942,46.058690261315576,0.0,98.44186016295359,34078720.0,4194304.0,38273024.0,545259520.0,67108864.0,612368384.0,16.0,16.0,545496552.0,250646412.0,796142964.0,17424472.0,0.0,0.0,0.0,30706904.0,30655328.26785714,2483027968.0,1.44396802978904,1342.8784919509621,33018464.0,144965632.0,199024332.0
test,l1config-55_l2config-25,47,32.0,2.0,2.0,16.0,8.0,12.5,7.976407161096899,12.463136189213905,46.0565075721721,0.0,98.50748975604495,34078720.0,4194304.0,38273024.0,545259520.0,67108864.0,612368384.0,16.0,16.0,545497748.0,250641396.0,796139144.0,17328076.0,0.0,0.0,0.0,30711984.0,30653408.5,2483027968.0,1.4437295388456628,1342.9071246158776,33017760.0,144965632.0,199036257.0
test,l1config-55_l2config-25,48,32.0,2.0,2.0,16.0,8.0,12.5,7.976416097132919,12.463150151770186,46.05718122524916,0.0,98.53223558497905,34078720.0,4194304.0,38273024.0,545259520.0,67108864.0,612368384.0,16.0,16.0,545499548.0,250635504.0,796135052.0,17222440.0,0.0,0.0,0.0,30716686.0,30656365.660714287,2483027968.0,1.443508150142411,1342.7249375831907,33022240.0,144965632.0,199024474.0
test,l1config-55_l2config-25,49,32.0,2.0,2.0,16.0,8.0,12.5,7.976449947457053,12.463203042901645,46.05677518571428,0.0,98.50930655871502,34078720.0,4194304.0,38273024.0,545259520.0,67108864.0,612368384.0,16.0,16.0,545500764.0,250642936.0,796143700.0,17404768.0,0.0,0.0,0.0,30703797.0,30648313.48214286,2483027968.0,1.4441145368438473,1342.6702911124707,33023584.0,144965632.0,199029913.0
test,l1config-40_l2config-70,0,32.0,2.0,2.0,16.0,8.0,12.5,7.976366688405354,12.463072950633364,46.05593460277061,0.0,98.53134213516877,34078720.0,4194304.0,38273024.0,545259520.0,67108864.0,612368384.0,16.0,16.0,545497888.0,250624400.0,796122288.0,17431508.0,0.0,0.0,0.0,30690672.0,30643251.035714287,2483027968.0,1.4447321307060816,1343.1804978836517,33011040.0,144965632.0,199036361.0
test,l1config-40_l2config-70,1,32.0,2.0,2.0,16.0,8.0,12.5,7.976454007485026,12.463209386695354,46.056050135840856,0.0,98.55645619702842,34078720.0,4194304.0,38273024.0,545259520.0,67108864.0,612368384.0,16.0,16.0,545496684.0,250632368.0,796129052.0,17299732.0,0.0,0.0,0.0,30694688.0,30643513.035714287,2483027968.0,1.4445430121438925,1342.6026397396663,33025248.0,144965632.0,199036608.0
test,l1config-40_l2config-70,2,32.0,2.0,2.0,16.0,8.0,12.5,7.976394654638064,12.463116647871974,46.05660449305571,0.0,98.54451236310793,34078720.0,4194304.0,38273024.0,545259520.0,67108864.0,612368384.0,16.0,16.0,545497584.0,250646160.0,796143744.0,17406772.0,0.0,0.0,0.0,30695185.0,30648012.875,2483027968.0,1.444519293449649,1343.3888569946587,33005920.0,144965632.0,199038366.0
test,l1config-40_l2config-70,3,32.0,2.0,2.0,16.0,8.0,12.5,7.976429021232065,12.463170345675103,46.05582873279953,0.0,98.53699186514186,34078720.0,4194304.0,38273024.0,545259520.0,67108864.0,612368384.0,16.0,16.0,545497524.0,250627284.0,796124808.0,17379760.0,0.0,0.0,0.0,30691962.0,30643993.85714286,2483027968.0,1.444671301894208,1342.8082169497118,33020192.0,144965632.0,199034682.0
test,l1config-40_l2config-70,4,32.0,2.0,2.0,16.0,8.0,12.5,7.9764244367054475,12.463163182352261,46.055023649594496,0.0,98.53357807032579,34078720.0,4194304.0,38273024.0,545259520.0,67108864.0,612368384.0,16.0,16.0,545498100.0,250632668.0,796130768.0,17218244.0,0.0,0.0,0.0,30702919.0,30651368.82142857,2483027968.0,1.4441554573742013,1343.222164535065,33010016.0,144965632.0,199029027.0
test,l1config-40_l2config-70,5,32.0,2.0,2.0,16.0,8.0,12.5,7.976419123197067,12.463154879995416,46.05661206833864,0.0,98.50429794035882,34078720.0,4194304.0,38273024.0,545259520.0,67108864.0,612368384.0,16.0,16.0,545498712.0,250628436.0,796127148.0,17400240.0,0.0,0.0,0.0,30705249.0,30644757.44642857,2483027968.0,1.4440459531212226,1343.4136039331229,33005312.0,144965632.0,199039324.0
test,l1config-40_l2config-70,6,32.0,2.0,2.0,16.0,8.0,12.5,7.976399514574491,12.463124241522642,46.055401887253,0.0,98.53970737827808,34078720.0,4194304.0,38273024.0,545259520.0,67108864.0,612368384.0,16.0,16.0,545499640.0,250641524.0,796141164.0,17435080.0,0.0,0.0,0.0,30699965.0,30638818.94642857,2483027968.0,1.4442948044689592,1343.5594991528062,33001728.0,144965632.0,199039337.0
test,l1config-40_l2config-70,7,32.0,2.0,2.0,16.0,8.0,12.5,7.976386184026739,12.46310341254178,46.054833900168674,0.0,98.5188801924306,34078720.0,4194304.0,38273024.0,545259520.0,67108864.0,612368384.0,16.0,16.0,545496712.0,250621820.0,796118532.0,17397616.0,0.0,0.0,0.0,30694846.0,30647925.14285714,2483027968.0,1.4445356117335675,1343.2807626374777,33008576.0,144965632.0,199031497.0
test,l1config-40_l2config-70,8,32.0,2.0,2.0,16.0,8.0,12.5,7.97640779665863,12.463137182279109,46.05421059325804,0.0,98.53510184480679,34078720.0,4194304.0,38273024.0,545259520.0,67108864.0,612368384.0,16.0,16.0,545500024.0,250619316.0,796119340.0,17450256.0,0.0,0.0,0.0,30691520.0,30638944.73214286,2483027968.0,1.4446922601306507,1342.8472577089963,33019232.0,144965632.0,199046469.0
test,l1config-40_l2config-70,9,32.0,2.0,2.0,16.0,8.0,12.5,7.976398897973031,12.463123278082861,46.05266627898641,0.0,98.54280749554114,34078720.0,4194304.0,38273024.0,545259520.0,67108864.0,612368384.0,16.0,16.0,545501328.0,250656108.0,796157436.0,17413468.0,0.0,0.0,0.0,30700986.0,30644991.51785714,2483027968.0,1.444246678523362,1343.2130497341775,33010240.0,144965632.0,199033241.0
test,l1config-40_l2config-70,10,32.0,2.0,2.0,16.0,8.0,12.5,7.976408766534953,12.463138697710864,46.05751521352834,0.0,98.5273664268115,34078720.0,4194304.0,38273024.0,545259520.0,67108864.0,612368384.0,16.0,16.0,545499888.0,250693040.0,796192928.0,17334380.0,0.0,0.0,0.0,30694060.0,30652232.125,2483027968.0,1.4445726851388674,1343.3133193480571,33007776.0,144965632.0,199031139.0
test,l1config-40_l2config-70,11,32.0,2.0,2.0,16.0,8.0,12.5,7.9763827567753065,12.463098057461416,46.05753762932379,0.0,98.54139042728802,34078720.0,4194304.0,38273024.0,545259520.0,67108864.0,612368384.0,16.0,16.0,545498352.0,250674576.0,796172928.0,17410068.0,0.0,0.0,0.0,30704349.0,30633445.60714286,2483027968.0,1.4440881866608366,1343.2013308862297,33010528.0,144965632.0,199036575.0
test,l1config-40_l2config-70,12,32.0,2.0,2.0,16.0,8.0,12.5,7.97642525739447,12.46316446467886,46.05634579270838,0.0,98.54038146538325,34078720.0,4194304.0,38273024.0,545259520.0,67108864.0,612368384.0,16.0,16.0,545500048.0,250667712.0,796167760.0,17395536.0,0.0,0.0,0.0,30682959.0,30647804.69642857,2483027968.0,1.4450952683951437,1343.391461892615,33005856.0,144965632.0,199032956.0
test,l1config-40_l2config-70,13,32.0,2.0,2.0,16.0,8.0,12.5,7.976385028588261,12.463101607169158,46.05743973868433,0.0,98.49515760223409,34078720.0,4194304.0,38273024.0,545259520.0,67108864.0,612368384.0,16.0,16.0,545500744.0,250651944.0,796152688.0,17381472.0,0.0,0.0,0.0,30699823.0,30652747.25,2483027968.0,1.4443011674012332,1342.7171306721787,33022432.0,144965632.0,199041927.0
test,l1config-40_l2config-70,14,32.0,2.0,2.0,16.0,8.0,12.5,7.976406928272803,12.463135825426255,46.057174351444864,0.0,98.53332581635176,34078720.0,4194304.0,38273024.0,545259520.0,67108864.0,612368384.0,16.0,16.0,545498988.0,250644368.0,796143356.0,17427460.0,0.0,0.0,0.0,30704500.0,30645912.60714286,2483027968.0,1.4440812024361984,1343.3055055935931,33007968.0,144965632.0,199022793.0
test,l1config-40_l2config-70,15,32.0,2.0,2.0,16.0,8.0,12.5,7.976392738552062,12.463113653987596,46.057903037656175,0.0,98.53602494328672,34078720.0,4194304.0,38273024.0,545259520.0,67108864.0,612368384.0,16.0,16.0,545496536.0,250674776.0,796171312.0,17409412.0,0.0,0.0,0.0,30695232.0,30645699.30357143,2483027968.0,1.444517399281958,1343.1661755692442,33011392.0,144965632.0,199029000.0
test,l1config-40_l2config-70,16,32.0,2.0,2.0,16.0,8.0,12.5,7.976408617106485,12.463138464228884,46.05411556437832,0.0,98.57482822730758,34078720.0,4194304.0,38273024.0,545259520.0,67108864.0,612368384.0,16.0,16.0,545495088.0,250641968.0,796137056.0,17409976.0,0.0,0.0,0.0,30694000.0,30641783.01785714,2483027968.0,1.444575203046255,1342.8472577089965,33019232.0,144965632.0,199037407.0
test,l1config-40_l2config-70,17,32.0,2.0,2.0,16.0,8.0,12.5,7.976409428435007,12.463139731929699,46.05655581399113,0.0,98.55171936929905,34078720.0,4194304.0,38273024.0,545259520.0,67108864.0,612368384.0,16.0,16.0,545500156.0,250624764.0,796124920.0,17432644.0,0.0,0.0,0.0,30705362.0,30639530.44642857,2483027968.0,1.444040580044573,1342.8967125964546,33018016.0,144965632.0,199031053.0
test,l1config-40_l2config-70,18,32.0,2.0,2.0,16.0,8.0,12.5,7.976406606481216,12.4631353226269,46.054631617128614,0.0,98.5135117206679,34078720.0,4194304.0,38273024.0,545259520.0,67108864.0,612368384.0,16.0,16.0,545498836.0,250666432.0,796165268.0,17413204.0,0.0,0.0,0.0,30697363.0,30648771.875,2483027968.0,1.4444172390064303,1343.480034434255,33003680.0,144965632.0,199035927.0
test,l1config-40_l2config-70,19,32.0,2.0,2.0,16.0,8.0,12.5,7.976393072507092,12.463114175792331,46.05542559779046,0.0,98.5582821835574,34078720.0,4194304.0,38273024.0,545259520.0,67108864.0,612368384.0,16.0,16.0,545496724.0,250616508.0,796113232.0,17345040.0,0.0,0.0,0.0,30709106.0,30649621.51785714,2483027968.0,1.4438647249758438,1343.167477585205,33011360.0,144965632.0,199034849.0
test,l1config-40_l2config-70,20,32.0,2.0,2.0,16.0,8.0,12.5,7.9764328991557525,12.463176404930863,46.05612528308073,0.0,98.5364644221261,34078720.0,4194304.0,38273024.0,545259520.0,67108864.0,612368384.0,16.0,16.0,545500776.0,250642992.0,796143768.0,17321732.0,0.0,0.0,0.0,30688273.0,30644779.42857143,2483027968.0,1.4448449405802077,1343.4487722035872,33004448.0,144965632.0,199042336.0
test,l1config-40_l2config-70,21,32.0,2.0,2.0,16.0,8.0,12.5,7.976382245745345,12.463097258977102,46.055678841974995,0.0,98.5225927888373,34078720.0,4194304.0,38273024.0,545259520.0,67108864.0,612368384.0,16.0,16.0,545497648.0,250640792.0,796138440.0,17238824.0,0.0,0.0,0.0,30694731.0,30641521.660714287,2483027968.0,1.4445410708524486,1343.57122425134,33001440.0,144965632.0,199037436.0
test,l1config-40_l2config-70,22,32.0,2.0,2.0,16.0,8.0,12.5,7.976364666812786,12.463069791894977,46.05635460617919,0.0,98.52292882718251,34078720.0,4194304.0,38273024.0,545259520.0,67108864.0,612368384.0,16.0,16.0,545501332.0,250661924.0,796163256.0,17429280.0,0.0,0.0,0.0,30705492.0,30651745.35714286,2483027968.0,1.4440348307792676,1343.4253264853598,33005024.0,144965632.0,199033169.0
test,l1config-40_l2config-70,23,32.0,2.0,2.0,16.0,8.0,12.5,7.976412451116362,12.463144454869315,46.05531513976195,0.0,98.52453838907785,34078720.0,4194304.0,38273024.0,545259520.0,67108864.0,612368384.0,16.0,16.0,545498960.0,250620296.0,796119256.0,17398516.0,0.0,0.0,0.0,30699844.0,30651095.535714287,2483027968.0,1.4443004264284167,1343.3224355098234,33007552.0,144965632.0,199039211.0
test,l1config-40_l2config-70,24,32.0,2.0,2.0,16.0,8.0,12.5,7.976404639227699,12.46313224879328,46.05648443023143,0.0,98.53228636785765,34078720.0,4194304.0,38273024.0,545259520.0,67108864.0,612368384.0,16.0,16.0,545496360.0,250599328.0,796095688.0,17377864.0,0.0,0.0,0.0,30689852.0,30646997.57142857,2483027968.0,1.4447706853387883,1342.8537647229195,33019072.0,144965632.0,199036577.0
test,l1config-40_l2config-70,25,32.0,2.0,2.0,16.0,8.0,12.5,7.9763790397783705,12.463092249653704,46.05548943836028,0.0,98.50358114783693,34078720.0,4194304.0,38273024.0,545259520.0,67108864.0,612368384.0,16.0,16.0,545495352.0,250640860.0,796136212.0,17389408.0,0.0,0.0,0.0,30698308.0,30643894.55357143,2483027968.0,1.4443727042614687,1343.2104455280733,33010304.0,144965632.0,199030112.0
test,l1config-40_l2config-70,26,32.0,2.0,2.0,16.0,8.0,12.5,7.976361627057994,12.463065042278116,46.0561638177645,0.0,98.50456131939823,34078720.0,4194304.0,38273024.0,545259520.0,67108864.0,612368384.0,16.0,16.0,545499028.0,250671584.0,796170612.0,17404884.0,0.0,0.0,0.0,30704473.0,30651685.125,2483027968.0,1.444082766238202,1343.1870081275367,33010880.0,144965632.0,199034303.0
test,l1config-40_l2config-70,27,32.0,2.0,2.0,16.0,8.0,12.5,7.976401200707341,12.46312687610522,46.05417932871978,0.0,98.53809620901252,34078720.0,4194304.0,38273024.0,545259520.0,67108864.0,612368384.0,16.0,16.0,545500500.0,250661544.0,796162044.0,17427528.0,0.0,0.0,0.0,30700704.0,30652301.035714287,2483027968.0,1.4442596388119149,1343.0568152393505,33014080.0,144965632.0,199039574.0
test,l1config-40_l2config-70,28,32.0,2.0,2.0,16.0,8.0,12.5,7.976371692389691,12.463080769358893,46.055958312042755,0.0,98.52530579097701,34078720.0,4194304.0,38273024.0,545259520.0,67108864.0,612368384.0,16.0,16.0,545499656.0,250669320.0,796168976.0,17414380.0,0.0,0.0,0.0,30706396.0,30650198.625,2483027968.0,1.4439919655121705,1343.4839423153905,33003584.0,144965632.0,199033694.0
test,l1config-40_l2config-70,29,32.0,2.0,2.0,16.0,8.0,12.5,7.976416658809061,12.463151029389158,46.0577382975669,0.0,98.51614800811534,34078720.0,4194304.0,38273024.0,545259520.0,67108864.0,612368384.0,16.0,16.0,545500520.0,250713344.0,796213864.0,17429488.0,0.0,0.0,0.0,30696306.0,30642132.14285714,2483027968.0,1.4444666468496374,1343.088059230687,33013312.0,144965632.0,199034366.0
test,l1config-40_l2config-70,30,32.0,2.0,2.0,16.0,8.0,12.5,7.976416485141684,12.46315075803388,46.058298407122265,0.0,98.51030791478692,34078720.0,4194304.0,38273024.0,545259520.0,67108864.0,612368384.0,16.0,16.0,545502232.0,250638908.0,796141140.0,17455572.0,0.0,0.0,0.0,30703109.0,30652567.69642857,2483027968.0,1.4441468615186694,1342.961790366863,33016416.0,144965632.0,199041533.0
test,l1config-40_l2config-70,31,32.0,2.0,2.0,16.0,8.0,12.5,7.976456171814149,12.46321276845961,46.05493670007264,0.0,98.53864401460505,34078720.0,4194304.0,38273024.0,545259520.0,67108864.0,612368384.0,16.0,16.0,545499612.0,250655676.0,796155288.0,17424444.0,0.0,0.0,0.0,30713641.0,30641586.589285713,2483027968.0,1.4436514498920656,1342.9982366734537,33015520.0,144965632.0,199031830.0
test,l1config-40_l2config-70,32,32.0,2.0,2.0,16.0,8.0,12.5,7.976405359455115,12.463133374148617,46.05645214955669,0.0,98.5352870339803,34078720.0,4194304.0,38273024.0,545259520.0,67108864.0,612368384.0,16.0,16.0,545498260.0,250620660.0,796118920.0,17441896.0,0.0,0.0,0.0,30700590.0,30652616.339285713,2483027968.0,1.4442652016931385,1342.9370600711056,33017024.0,144965632.0,199032873.0
test,l1config-40_l2config-70,33,32.0,2.0,2.0,16.0,8.0,12.5,7.976414714889652,12.463147992015081,46.05612384242322,0.0,98.5204611258928,34078720.0,4194304.0,38273024.0,545259520.0,67108864.0,612368384.0,16.0,16.0,545500692.0,250613632.0,796114324.0,17413784.0,0.0,0.0,0.0,30699869.0,30641555.44642857,2483027968.0,1.444298944485065,1343.166175569244,33011392.0,144965632.0,199044068.0
test,l1config-40_l2config-70,34,32.0,2.0,2.0,16.0,8.0,12.5,7.976402123542926,12.463128318035823,46.05542822462266,0.0,98.54924814051726,34078720.0,4194304.0,38273024.0,545259520.0,67108864.0,612368384.0,16.0,16.0,545496824.0,250639784.0,796136608.0,17387384.0,0.0,0.0,0.0,30708635.0,30637616.05357143,2483027968.0,1.4438868587979155,1342.8407507581344,33019392.0,144965632.0,199036478.0
test,l1config-40_l2config-70,35,32.0,2.0,2.0,16.0,8.0,12.5,7.976397339416067,12.463120842837604,46.05541147085823,0.0,98.52910635371613,34078720.0,4194304.0,38273024.0,545259520.0,67108864.0,612368384.0,16.0,16.0,545497040.0,250628136.0,796125176.0,17433124.0,0.0,0.0,0.0,30693231.0,30642424.714285713,2483027968.0,1.4446112783280092,1343.4500747674838,33004416.0,144965632.0,199048569.0
test,l1config-40_l2config-70,36,32.0,2.0,2.0,16.0,8.0,12.5,7.976429431988841,12.463170987482563,46.05412992729978,0.0,98.51650940760933,34078720.0,4194304.0,38273024.0,545259520.0,67108864.0,612368384.0,16.0,16.0,545498932.0,250642104.0,796141036.0,17440584.0,0.0,0.0,0.0,30700851.0,30638262.5,2483027968.0,1.4442531115957749,1343.6324586464998,32999936.0,144965632.0,199037216.0
test,l1config-40_l2config-70,37,32.0,2.0,2.0,16.0,8.0,12.5,7.976405862316168,12.463134159869012,46.0569829254391,0.0,98.49022730905057,34078720.0,4194304.0,38273024.0,545259520.0,67108864.0,612368384.0,16.0,16.0,545497772.0,250674460.0,796172232.0,17321120.0,0.0,0.0,0.0,30690752.0,30635747.125,2483027968.0,1.4447282941854835,1342.960488749642,33016448.0,144965632.0,199047811.0
test,l1config-40_l2config-70,38,32.0,2.0,2.0,16.0,8.0,12.5,7.976418931008407,12.463154579700635,46.05637863899197,0.0,98.53988962157085,34078720.0,4194304.0,38273024.0,545259520.0,67108864.0,612368384.0,16.0,16.0,545502076.0,250637440.0,796139516.0,17412304.0,0.0,0.0,0.0,30696667.0,30644121.48214286,2483027968.0,1.444449824275903,1343.6024921812846,33000672.0,144965632.0,199034342.0
test,l1config-40_l2config-70,39,32.0,2.0,2.0,16.0,8.0,12.5,7.976400362583528,12.463125566536762,46.0559665949768,0.0,98.5307758806983,34078720.0,4194304.0,38273024.0,545259520.0,67108864.0,612368384.0,16.0,16.0,545499148.0,250651000.0,796150148.0,17393152.0,0.0,0.0,0.0,30709248.0,30647854.339285713,2483027968.0,1.4438579779977525,1343.1544575391842,33011680.0,144965632.0,199033534.0
test,l1config-40_l2config-70,40,32.0,2.0,2.0,16.0,8.0,12.5,7.976422805724657,12.463160633944776,46.05777758514024,0.0,98.53302671555745,34078720.0,4194304.0,38273024.0,545259520.0,67108864.0,612368384.0,16.0,16.0,545497056.0,250675472.0,796172528.0,17259956.0,0.0,0.0,0.0,30717264.0,30645684.19642857,2483027968.0,1.4434809997143103,1343.453982474329,33004320.0,144965632.0,199037072.0
test,l1config-40_l2config-70,41,32.0,2.0,2.0,16.0,8.0,12.5,7.9764058520848105,12.463134143882517,46.05787785514214,0.0,98.53661295878497,34078720.0,4194304.0,38273024.0,545259520.0,67108864.0,612368384.0,16.0,16.0,545500056.0,250669284.0,796169340.0,17413672.0,0.0,0.0,0.0,30687430.0,30646462.89285714,2483027968.0,1.4448847371866373,1343.5126008050552,33002880.0,144965632.0,199024406.0
test,l1config-40_l2config-70,42,32.0,2.0,2.0,16.0,8.0,12.5,7.976400016218099,12.46312502534078,46.05686080900105,0.0,98.53758592720969,34078720.0,4194304.0,38273024.0,545259520.0,67108864.0,612368384.0,16.0,16.0,545499052.0,250620304.0,796119356.0,17326684.0,0.0,0.0,0.0,30705461.0,30638170.26785714,2483027968.0,1.4440362416376806,1343.3888569946587,33005920.0,144965632.0,199024421.0
test,l1config-40_l2config-70,43,32.0,2.0,2.0,16.0,8.0,12.5,7.976402249661812,12.463128515096582,46.05651088475394,0.0,98.53876145293417,34078720.0,4194304.0,38273024.0,545259520.0,67108864.0,612368384.0,16.0,16.0,545497480.0,250683032.0,796180512.0,17405744.0,0.0,0.0,0.0,30703226.0,30648162.14285714,2483027968.0,1.4441414524144298,1343.2625315688565,33009024.0,144965632.0,199034056.0
test,l1config-40_l2config-70,44,32.0,2.0,2.0,16.0,8.0,12.5,7.976412441587697,12.463144439980777,46.05556695079175,0.0,98.54485383826875,34078720.0,4194304.0,38273024.0,545259520.0,67108864.0,612368384.0,16.0,16.0,545497568.0,250614224.0,796111792.0,17433744.0,0.0,0.0,0.0,30707234.0,30651210.339285713,2483027968.0,1.4439528646383826,1342.6780974788155,33023392.0,144965632.0,199037336.0
test,l1config-40_l2config-70,45,32.0,2.0,2.0,16.0,8.0,12.5,7.976398877356228,12.463123245869106,46.05554085745317,0.0,98.57358832473118,34078720.0,4194304.0,38273024.0,545259520.0,67108864.0,612368384.0,16.0,16.0,545499292.0,250647588.0,796146880.0,17401240.0,0.0,0.0,0.0,30697594.0,30645995.26785714,2483027968.0,1.4444060874179434,1342.9643936088742,33016352.0,144965632.0,199041246.0
test,l1config-40_l2config-70,46,32.0,2.0,2.0,16.0,8.0,12.5,7.976406735924757,12.463135524882432,46.05512345845509,0.0,98.55621611401101,34078720.0,4194304.0,38273024.0,545259520.0,67108864.0,612368384.0,16.0,16.0,545500588.0,250665340.0,796165928.0,17302276.0,0.0,0.0,0.0,30701336.0,30661334.60714286,2483027968.0,1.4442300021966357,1343.1193046757362,33012544.0,144965632.0,199045780.0
test,l1config-40_l2config-70,47,32.0,2.0,2.0,16.0,8.0,12.5,7.976377646262793,12.463090072285613,46.05652055905897,0.0,98.5155586008671,34078720.0,4194304.0,38273024.0,545259520.0,67108864.0,612368384.0,16.0,16.0,545497144.0,250632892.0,796130036.0,17418404.0,0.0,0.0,0.0,30706879.0,30650813.42857143,2483027968.0,1.4439692759318616,1343.5438660064283,33002112.0,144965632.0,199037720.0
test,l1config-40_l2config-70,48,32.0,2.0,2.0,16.0,8.0,12.5,7.976444721344384,12.4631948771006,46.05568524560752,0.0,98.52912432869817,34078720.0,4194304.0,38273024.0,545259520.0,67108864.0,612368384.0,16.0,16.0,545500328.0,250685920.0,796186248.0,17414288.0,0.0,0.0,0.0,30698792.0,30652841.125,2483027968.0,1.4443499439031386,1343.2781581688048,33008640.0,144965632.0,199035576.0
test,l1config-40_l2config-70,49,32.0,2.0,2.0,16.0,8.0,12.5,7.976415268464612,12.463148856975955,46.05721957133176,0.0,98.53443318842125,34078720.0,4194304.0,38273024.0,545259520.0,67108864.0,612368384.0,16.0,16.0,545499124.0,250657528.0,796156652.0,17431336.0,0.0,0.0,0.0,30701614.0,30646108.85714286,2483027968.0,1.4442171953214087,1343.513903492727,33002848.0,144965632.0,199035479.0
test,l1config-100_l2config-25,0,32.0,2.0,3.0,16.0,8.0,12.5,7.977440929178892,12.464751451842018,30.217814119268176,0.0,98.61783409282016,34078720.0,4194304.0,38273024.0,545259520.0,67108864.0,612368384.0,16.0,16.0,603183484.0,251823240.0,855006724.0,17137072.0,0.0,0.0,0.0,31361790.0,31321263.75,2483027968.0,1.4138162544556716,1314.5348155627307,33730400.0,144965632.0,213756806.0
test,l1config-100_l2config-25,1,32.0,2.0,3.0,16.0,8.0,12.5,7.977392901041009,12.464676407876576,30.221604864519424,0.0,98.64069457974671,34078720.0,4194304.0,38273024.0,545259520.0,67108864.0,612368384.0,16.0,16.0,603182796.0,251833724.0,855016520.0,17128964.0,0.0,0.0,0.0,31364660.0,31316198.25,2483027968.0,1.413686557401158,1314.5697352340887,33729504.0,144965632.0,213751312.0
test,l1config-100_l2config-25,2,32.0,2.0,3.0,16.0,8.0,12.5,7.977450217931452,12.464765965517893,30.226849931138972,0.0,98.62427561315833,34078720.0,4194304.0,38273024.0,545259520.0,67108864.0,612368384.0,16.0,16.0,603251204.0,251789364.0,855040568.0,17145372.0,0.0,0.0,0.0,31371984.0,31326314.785714287,2483027968.0,1.4133569732146642,1314.4400429485775,33732832.0,144965632.0,213759090.0
test,l1config-100_l2config-25,3,32.0,2.0,3.0,16.0,8.0,12.5,7.97741127374655,12.464705115228984,30.219790156264942,0.0,98.61607900309477,34078720.0,4194304.0,38273024.0,545259520.0,67108864.0,612368384.0,16.0,16.0,603214304.0,251897876.0,855112180.0,17134992.0,0.0,0.0,0.0,31377757.0,31323787.64285714,2483027968.0,1.4130966117181825,1314.56225229119,33729696.0,144965632.0,213788407.0
test,l1config-100_l2config-25,4,32.0,2.0,3.0,16.0,8.0,12.5,7.9774403263753335,12.464750509961458,30.231938363652013,0.0,98.63230755380785,34078720.0,4194304.0,38273024.0,545259520.0,67108864.0,612368384.0,16.0,16.0,603215944.0,251784084.0,855000028.0,17130008.0,0.0,0.0,0.0,31368347.0,31319812.589285713,2483027968.0,1.4135210476338465,1313.8891361068067,33746976.0,144965632.0,213753159.0
test,l1config-100_l2config-25,5,32.0,2.0,3.0,16.0,8.0,12.5,7.977444425371308,12.464756914642669,30.221064990396474,0.0,98.65202359566226,34078720.0,4194304.0,38273024.0,545259520.0,67108864.0,612368384.0,16.0,16.0,603226752.0,251878920.0,855105672.0,17134232.0,0.0,0.0,0.0,31369762.0,31312634.5,2483027968.0,1.413456927241072,1314.210650044137,33738720.0,144965632.0,213778119.0
test,l1config-100_l2config-25,6,32.0,2.0,3.0,16.0,8.0,12.5,7.977422518383596,12.464722684974369,30.21687878175761,0.0,98.62140306478506,34078720.0,4194304.0,38273024.0,545259520.0,67108864.0,612368384.0,16.0,16.0,603236464.0,251805032.0,855041496.0,17134056.0,0.0,0.0,0.0,31367529.0,31316313.839285713,2483027968.0,1.413557695298643,1314.7219068854856,33725600.0,144965632.0,213766272.0
test,l1config-100_l2config-25,7,32.0,2.0,3.0,16.0,8.0,12.5,7.977450294756971,12.464766085557768,30.215731875172985,0.0,98.61735672152737,34078720.0,4194304.0,38273024.0,545259520.0,67108864.0,612368384.0,16.0,16.0,603273596.0,251837868.0,855111464.0,17127400.0,0.0,0.0,0.0,31361029.0,31313405.82142857,2483027968.0,1.4138503026079883,1314.397649097915,33733920.0,144965632.0,213747017.0
test,l1config-100_l2config-25,8,32.0,2.0,3.0,16.0,8.0,12.5,7.977410737190789,12.464704276860608,30.22314414045996,0.0,98.63845968610809,34078720.0,4194304.0,38273024.0,545259520.0,67108864.0,612368384.0,16.0,16.0,603263564.0,251892428.0,855155992.0,17128500.0,0.0,0.0,0.0,31366956.0,31316442.82142857,2483027968.0,1.4135831909369732,1314.0199658168565,33743616.0,144965632.0,213771931.0
test,l1config-100_l2config-25,9,32.0,2.0,3.0,16.0,8.0,12.5,7.977425695863488,12.464727649786699,30.219631672247406,0.0,98.6061973807771,34078720.0,4194304.0,38273024.0,545259520.0,67108864.0,612368384.0,16.0,16.0,603238012.0,251855816.0,855093828.0,17131020.0,0.0,0.0,0.0,31371221.0,31317796.55357143,2483027968.0,1.4133911118834905,1313.9713688831919,33744864.0,144965632.0,213772848.0
test,l1config-100_l2config-25,10,32.0,2.0,3.0,16.0,8.0,12.5,7.977484039414585,12.464818811585289,30.22300827621865,0.0,98.63820899223471,34078720.0,4194304.0,38273024.0,545259520.0,67108864.0,612368384.0,16.0,16.0,603232592.0,251814584.0,855047176.0,17129164.0,0.0,0.0,0.0,31370061.0,31314299.60714286,2483027968.0,1.413443567680734,1314.0959836141199,33741664.0,144965632.0,213764971.0
test,l1config-100_l2config-25,11,32.0,2.0,3.0,16.0,8.0,12.5,7.977419279286313,12.464717623884864,30.22064615868177,0.0,98.61179203588893,34078720.0,4194304.0,38273024.0,545259520.0,67108864.0,612368384.0,16.0,16.0,603157572.0,251840944.0,854998516.0,17136716.0,0.0,0.0,0.0,31375576.0,31317722.714285713,2483027968.0,1.413195267763543,1314.6108929428694,33728448.0,144965632.0,213744165.0
test,l1config-100_l2config-25,12,32.0,2.0,3.0,16.0,8.0,12.5,7.977405411961114,12.46469595618924,30.225662965719952,0.0,98.64047898013906,34078720.0,4194304.0,38273024.0,545259520.0,67108864.0,612368384.0,16.0,16.0,603250032.0,251841296.0,855091328.0,17128756.0,0.0,0.0,0.0,31380228.0,31320518.57142857,2483027968.0,1.412985597916991,1314.390168114019,33734112.0,144965632.0,213748821.0
test,l1config-100_l2config-25,13,32.0,2.0,3.0,16.0,8.0,12.5,7.977513479927235,12.464864812386304,30.213570527717557,0.0,98.62027628609543,34078720.0,4194304.0,38273024.0,545259520.0,67108864.0,612368384.0,16.0,16.0,603204456.0,251766772.0,854971228.0,17131140.0,0.0,0.0,0.0,31380706.0,31317027.35714286,2483027968.0,1.412964266261919,1314.157053461174,33740096.0,144965632.0,213761868.0
test,l1config-100_l2config-25,14,32.0,2.0,3.0,16.0,8.0,12.5,7.977384853106788,12.464663832979356,30.22735394483386,0.0,98.6233721288188,34078720.0,4194304.0,38273024.0,545259520.0,67108864.0,612368384.0,16.0,16.0,603199580.0,251757808.0,854957388.0,17127860.0,0.0,0.0,0.0,31368574.0,31321191.964285713,2483027968.0,1.4135105031920823,1314.2044176587112,33738880.0,144965632.0,213749609.0
test,l1config-100_l2config-25,15,32.0,2.0,3.0,16.0,8.0,12.5,7.977440727593729,12.464751136865202,30.224474713622403,0.0,98.62440456281692,34078720.0,4194304.0,38273024.0,545259520.0,67108864.0,612368384.0,16.0,16.0,603276844.0,251818064.0,855094908.0,17136420.0,0.0,0.0,0.0,31373394.0,31317771.69642857,2483027968.0,1.4132933857527412,1314.7568364975757,33724704.0,144965632.0,213774704.0
test,l1config-100_l2config-25,16,32.0,2.0,3.0,16.0,8.0,12.5,7.9774181503488855,12.464715859920133,30.215137788674333,0.0,98.63076496103186,34078720.0,4194304.0,38273024.0,545259520.0,67108864.0,612368384.0,16.0,16.0,603198188.0,251830024.0,855028212.0,17133068.0,0.0,0.0,0.0,31372585.0,31316775.42857143,2483027968.0,1.4133299878259755,1314.1732566182352,33739680.0,144965632.0,213750985.0
test,l1config-100_l2config-25,17,32.0,2.0,3.0,16.0,8.0,12.5,7.9774208246084735,12.46472003845074,30.224101024098417,0.0,98.64467746307457,34078720.0,4194304.0,38273024.0,545259520.0,67108864.0,612368384.0,16.0,16.0,603211128.0,251756724.0,854967852.0,17154032.0,0.0,0.0,0.0,31372150.0,31320464.0,2483027968.0,1.4133493482737625,1314.403883316213,33733760.0,144965632.0,213758964.0
test,l1config-100_l2config-25,18,32.0,2.0,3.0,16.0,8.0,12.5,7.977479470220556,12.464811672219618,30.227560739641586,0.0,98.61563839866825,34078720.0,4194304.0,38273024.0,545259520.0,67108864.0,612368384.0,16.0,16.0,603171092.0,251805300.0,854976392.0,17147964.0,0.0,0.0,0.0,31374014.0,31315767.67857143,2483027968.0,1.4132654793534591,1314.0199658168565,33743616.0,144965632.0,213772929.0
test,l1config-100_l2config-25,19,32.0,2.0,3.0,16.0,8.0,12.5,7.977430550528312,12.464735235200488,30.222768396988926,0.0,98.62276510456006,34078720.0,4194304.0,38273024.0,545259520.0,67108864.0,612368384.0,16.0,16.0,603208516.0,251830776.0,855039292.0,17148772.0,0.0,0.0,0.0,31385909.0,31321154.51785714,2483027968.0,1.4127298068462462,1314.830444256409,33722816.0,144965632.0,213753863.0
test,l1config-100_l2config-25,20,32.0,2.0,3.0,16.0,8.0,12.5,7.97745950316863,12.464780473700984,30.221658759081688,0.0,98.61973616072886,34078720.0,4194304.0,38273024.0,545259520.0,67108864.0,612368384.0,16.0,16.0,603240028.0,251781532.0,855021560.0,17129856.0,0.0,0.0,0.0,31380244.0,31324721.5,2483027968.0,1.4129851138670164,1314.397649097915,33733920.0,144965632.0,213771897.0
test,l1config-100_l2config-25,21,32.0,2.0,3.0,16.0,8.0,12.5,7.977399175365542,12.46468621150866,30.228000683596374,0.0,98.63815610723864,34078720.0,4194304.0,38273024.0,545259520.0,67108864.0,612368384.0,16.0,16.0,603255820.0,251759008.0,855014828.0,17129920.0,0.0,0.0,0.0,31366936.0,31314389.94642857,2483027968.0,1.4135840922578549,1314.6333436884822,33727872.0,144965632.0,213773099.0
test,l1config-100_l2config-25,22,32.0,2.0,3.0,16.0,8.0,12.5,7.977465961842651,12.464790565379143,30.22712619259397,0.0,98.62397907559763,34078720.0,4194304.0,38273024.0,545259520.0,67108864.0,612368384.0,16.0,16.0,603148532.0,251793260.0,854941792.0,17134532.0,0.0,0.0,0.0,31364206.0,31321232.89285714,2483027968.0,1.4137072685672116,1314.218128984677,33738528.0,144965632.0,213768390.0
test,l1config-100_l2config-25,23,32.0,2.0,3.0,16.0,8.0,12.5,7.977461942963075,12.464784285879805,30.23220562504076,0.0,98.62846769719489,34078720.0,4194304.0,38273024.0,545259520.0,67108864.0,612368384.0,16.0,16.0,603190536.0,251775544.0,854966080.0,17144664.0,0.0,0.0,0.0,31362855.0,31312286.85714286,2483027968.0,1.413768019562931,1314.4599939422235,33732320.0,144965632.0,213736907.0
test,l1config-100_l2config-25,24,32.0,2.0,3.0,16.0,8.0,12.5,7.977390397516499,12.46467249611953,30.214788402551317,0.0,98.61155818150293,34078720.0,4194304.0,38273024.0,545259520.0,67108864.0,612368384.0,16.0,16.0,603277688.0,251764604.0,855042292.0,17132904.0,0.0,0.0,0.0,31384610.0,31321129.42857143,2483027968.0,1.4127882455976395,1314.3739596077094,33734528.0,144965632.0,213757780.0
test,l1config-100_l2config-25,25,32.0,2.0,3.0,16.0,8.0,12.5,7.977431291671149,12.46473639323617,30.217040970633903,0.0,98.64614623030184,34078720.0,4194304.0,38273024.0,545259520.0,67108864.0,612368384.0,16.0,16.0,603255548.0,251834740.0,855090288.0,17128636.0,0.0,0.0,0.0,31379655.0,31310077.19642857,2483027968.0,1.4130113430993523,1314.7381239745687,33725184.0,144965632.0,213760223.0
test,l1config-100_l2config-25,26,32.0,2.0,3.0,16.0,8.0,12.5,7.977486133888834,12.464822084201304,30.209455809449278,0.0,98.63013272877687,34078720.0,4194304.0,38273024.0,545259520.0,67108864.0,612368384.0,16.0,16.0,603190392.0,251775084.0,854965476.0,17134668.0,0.0,0.0,0.0,31367154.0,31323345.51785714,2483027968.0,1.413574549581356,1313.9551707040848,33745280.0,144965632.0,213736250.0
test,l1config-100_l2config-25,27,32.0,2.0,3.0,16.0,8.0,12.5,7.977422273579354,12.46472230246774,30.213917044404408,0.0,98.64997354017498,34078720.0,4194304.0,38273024.0,545259520.0,67108864.0,612368384.0,16.0,16.0,603174472.0,251766056.0,854940528.0,17146496.0,0.0,0.0,0.0,31362392.0,31322769.85714286,2483027968.0,1.413788958511634,1314.6021623044378,33728672.0,144965632.0,213756853.0
test,l1config-100_l2config-25,28,32.0,2.0,3.0,16.0,8.0,12.5,7.977382995083523,12.464660929818004,30.218198556590774,0.0,98.64044906356779,34078720.0,4194304.0,38273024.0,545259520.0,67108864.0,612368384.0,16.0,16.0,603176876.0,251714936.0,854891812.0,17135008.0,0.0,0.0,0.0,31375886.0,31314172.160714287,2483027968.0,1.4131808772197754,1314.719411984213,33725664.0,144965632.0,213756425.0
test,l1config-100_l2config-25,29,32.0,2.0,3.0,16.0,8.0,12.5,7.977405873165149,12.464696676820546,30.225522163655477,0.0,98.63987417693917,34078720.0,4194304.0,38273024.0,545259520.0,67108864.0,612368384.0,16.0,16.0,603200328.0,251776080.0,854976408.0,17150196.0,0.0,0.0,0.0,31370024.0,31315279.32142857,2483027968.0,1.4134447391666485,1314.8641319119706,33721952.0,144965632.0,213772419.0
test,l1config-100_l2config-25,30,32.0,2.0,3.0,16.0,8.0,12.5,7.97746891420792,12.464795178449876,30.21738766553502,0.0,98.64466422895535,34078720.0,4194304.0,38273024.0,545259520.0,67108864.0,612368384.0,16.0,16.0,603155980.0,251751204.0,854907184.0,17133752.0,0.0,0.0,0.0,31372222.0,31317723.785714287,2483027968.0,1.4133460482879203,1314.1396043542493,33740544.0,144965632.0,213755882.0
test,l1config-100_l2config-25,31,32.0,2.0,3.0,16.0,8.0,12.5,7.977407188919613,12.464698732686895,30.21456706495995,0.0,98.63109299650061,34078720.0,4194304.0,38273024.0,545259520.0,67108864.0,612368384.0,16.0,16.0,603116904.0,251785360.0,854902264.0,17153388.0,0.0,0.0,0.0,31380846.0,31318204.85714286,2483027968.0,1.4129573096925738,1314.1632853973742,33739936.0,144965632.0,213741328.0
test,l1config-100_l2config-25,32,32.0,2.0,3.0,16.0,8.0,12.5,7.977458223982433,12.464778474972551,30.229560220181828,0.0,98.62698187912396,34078720.0,4194304.0,38273024.0,545259520.0,67108864.0,612368384.0,16.0,16.0,603192544.0,251797016.0,854989560.0,17129600.0,0.0,0.0,0.0,31378102.0,31314280.625,2483027968.0,1.4130814688631461,1313.8816609102473,33747168.0,144965632.0,213761218.0
test,l1config-100_l2config-25,33,32.0,2.0,3.0,16.0,8.0,12.5,7.977453731034864,12.464771454741976,30.2223932619962,0.0,98.58185146029273,34078720.0,4194304.0,38273024.0,545259520.0,67108864.0,612368384.0,16.0,16.0,603213000.0,251777984.0,854990984.0,17130064.0,0.0,0.0,0.0,31362187.0,31312073.39285714,2483027968.0,1.4137980870956817,1314.5747239100165,33729376.0,144965632.0,213768668.0
test,l1config-100_l2config-25,34,32.0,2.0,3.0,16.0,8.0,12.5,7.977353775790519,12.464615274672685,30.224009122154527,0.0,98.64801054456277,34078720.0,4194304.0,38273024.0,545259520.0,67108864.0,612368384.0,16.0,16.0,603178376.0,251805656.0,854984032.0,17127360.0,0.0,0.0,0.0,31369634.0,31318387.01785714,2483027968.0,1.41346272847787,1314.2056641310674,33738848.0,144965632.0,213746696.0
test,l1config-100_l2config-25,35,32.0,2.0,3.0,16.0,8.0,12.5,7.97740144483078,12.464689757548093,30.222513282671688,0.0,98.60665150179283,34078720.0,4194304.0,38273024.0,545259520.0,67108864.0,612368384.0,16.0,16.0,603164956.0,251810376.0,854975332.0,17139772.0,0.0,0.0,0.0,31367289.0,31313330.89285714,2483027968.0,1.4135681728469147,1314.0872598135925,33741888.0,144965632.0,213760843.0
test,l1config-100_l2config-25,36,32.0,2.0,3.0,16.0,8.0,12.5,7.977485492153181,12.464821081489346,30.225712220743873,0.0,98.62880573587046,34078720.0,4194304.0,38273024.0,545259520.0,67108864.0,612368384.0,16.0,16.0,603189856.0,251760524.0,854950380.0,17136176.0,0.0,0.0,0.0,31376556.0,31317679.589285713,2483027968.0,1.4131508922317395,1314.3465307384618,33735232.0,144965632.0,213744946.0
test,l1config-100_l2config-25,37,32.0,2.0,3.0,16.0,8.0,12.5,7.977428161911783,12.464731502987162,30.220461483021893,0.0,98.59048795954128,34078720.0,4194304.0,38273024.0,545259520.0,67108864.0,612368384.0,16.0,16.0,603182772.0,251780624.0,854963396.0,17135520.0,0.0,0.0,0.0,31378337.0,31315640.69642857,2483027968.0,1.413070795878525,1314.0511195881559,33742816.0,144965632.0,213751240.0
test,l1config-100_l2config-25,38,32.0,2.0,3.0,16.0,8.0,12.5,7.977463674107445,12.464786990792883,30.23757635740037,0.0,98.61327525095456,34078720.0,4194304.0,38273024.0,545259520.0,67108864.0,612368384.0,16.0,16.0,603209784.0,251819132.0,855028916.0,17134656.0,0.0,0.0,0.0,31374666.0,31324519.125,2483027968.0,1.4132359186918517,1314.6445693488495,33727584.0,144965632.0,213740784.0
test,l1config-100_l2config-25,39,32.0,2.0,3.0,16.0,8.0,12.5,7.977488404313475,12.464825631739805,30.21423854149308,0.0,98.62813988591182,34078720.0,4194304.0,38273024.0,545259520.0,67108864.0,612368384.0,16.0,16.0,603219692.0,251828668.0,855048360.0,17135996.0,0.0,0.0,0.0,31371210.0,31311801.125,2483027968.0,1.4133917538999896,1314.3677256732635,33734688.0,144965632.0,213767484.0
test,l1config-100_l2config-25,40,32.0,2.0,3.0,16.0,8.0,12.5,7.977508126265151,12.464856447289298,30.216405801933156,0.0,98.6284846803072,34078720.0,4194304.0,38273024.0,545259520.0,67108864.0,612368384.0,16.0,16.0,603241680.0,251806548.0,855048228.0,17133940.0,0.0,0.0,0.0,31378890.0,31308471.089285713,2483027968.0,1.4130460167120793,1314.3290765995273,33735680.0,144965632.0,213768861.0
test,l1config-100_l2config-25,41,32.0,2.0,3.0,16.0,8.0,12.5,7.977403979383651,12.464693717786956,30.21776573756041,0.0,98.62539256232006,34078720.0,4194304.0,38273024.0,545259520.0,67108864.0,612368384.0,16.0,16.0,603202852.0,251817448.0,855020300.0,17132768.0,0.0,0.0,0.0,31370015.0,31317693.589285713,2483027968.0,1.413445595253737,1314.3103762507988,33736160.0,144965632.0,213769186.0
test,l1config-100_l2config-25,42,32.0,2.0,3.0,16.0,8.0,12.5,7.9774260769147425,12.464728245179286,30.2181006234593,0.0,98.60098479355302,34078720.0,4194304.0,38273024.0,545259520.0,67108864.0,612368384.0,16.0,16.0,603237860.0,251805124.0,855042984.0,17133460.0,0.0,0.0,0.0,31376353.0,31321748.875,2483027968.0,1.4131603391109522,1314.4288207807977,33733120.0,144965632.0,213751789.0
test,l1config-100_l2config-25,43,32.0,2.0,3.0,16.0,8.0,12.5,7.977420058067771,12.464718840730892,30.23668878212734,0.0,98.58922774504852,34078720.0,4194304.0,38273024.0,545259520.0,67108864.0,612368384.0,16.0,16.0,603168480.0,251766928.0,854935408.0,17135824.0,0.0,0.0,0.0,31375335.0,31317187.964285713,2483027968.0,1.4132060327124725,1314.5859485692924,33729088.0,144965632.0,213748719.0
test,l1config-100_l2config-25,44,32.0,2.0,3.0,16.0,8.0,12.5,7.977448886598686,12.464763885310447,30.220939653532795,0.0,98.62323258629026,34078720.0,4194304.0,38273024.0,545259520.0,67108864.0,612368384.0,16.0,16.0,603190880.0,251796636.0,854987516.0,17135432.0,0.0,0.0,0.0,31364538.0,31316963.39285714,2483027968.0,1.4136922929135889,1313.9439568140367,33745568.0,144965632.0,213753659.0
test,l1config-100_l2config-25,45,32.0,2.0,3.0,16.0,8.0,12.5,7.977452747655301,12.464769918211408,30.22987596249534,0.0,98.58261081492064,34078720.0,4194304.0,38273024.0,545259520.0,67108864.0,612368384.0,16.0,16.0,603283192.0,251810772.0,855093964.0,17135624.0,0.0,0.0,0.0,31375202.0,31314354.05357143,2483027968.0,1.413211708023537,1314.406377020091,33733696.0,144965632.0,213759150.0
test,l1config-100_l2config-25,46,32.0,2.0,3.0,16.0,8.0,12.5,7.977447776184035,12.464762150287555,30.21643696123895,0.0,98.62871564614498,34078720.0,4194304.0,38273024.0,545259520.0,67108864.0,612368384.0,16.0,16.0,603189152.0,251821728.0,855010880.0,17126644.0,0.0,0.0,0.0,31372396.0,31316764.339285713,2483027968.0,1.4133382770510785,1314.1782422854087,33739552.0,144965632.0,213767531.0
test,l1config-100_l2config-25,47,32.0,2.0,3.0,16.0,8.0,12.5,7.977457890622284,12.464777954097318,30.232274322114748,0.0,98.58326217610976,34078720.0,4194304.0,38273024.0,545259520.0,67108864.0,612368384.0,16.0,16.0,603175268.0,251832924.0,855008192.0,17137484.0,0.0,0.0,0.0,31371919.0,31315607.839285713,2483027968.0,1.4133600367295975,1314.5734767374852,33729408.0,144965632.0,213752093.0
test,l1config-100_l2config-25,48,32.0,2.0,3.0,16.0,8.0,12.5,7.977400358119659,12.464688059561967,30.22141572908542,0.0,98.63694601382929,34078720.0,4194304.0,38273024.0,545259520.0,67108864.0,612368384.0,16.0,16.0,603204260.0,251852728.0,855056988.0,17133332.0,0.0,0.0,0.0,31363762.0,31321574.07142857,2483027968.0,1.4137271689861364,1314.49865071595,33731328.0,144965632.0,213751471.0
test,l1config-100_l2config-25,49,32.0,2.0,3.0,16.0,8.0,12.5,7.9773957853351085,12.464680914586108,30.2129235185519,0.0,98.62174574992015,34078720.0,4194304.0,38273024.0,545259520.0,67108864.0,612368384.0,16.0,16.0,603180684.0,251762312.0,854942996.0,17129752.0,0.0,0.0,0.0,31372749.0,31315719.67857143,2483027968.0,1.413322363176238,1313.9003490611328,33746688.0,144965632.0,213748002.0
test,l1config-0,0,32.0,2.0,1.0,16.0,4.0,6.25,3.9983206587415006,6.247376029283594,46.37998187819329,0.0,98.59596126826847,34078720.0,4194304.0,38273024.0,545259520.0,67108864.0,612368384.0,16.0,16.0,545262804.0,276343592.0,821606396.0,17076212.0,0.0,0.0,0.0,40065037.0,39977346.35714286,2483027968.0,1.1066955911353265,1029.33238076348,43076256.0,144965632.0,205398807.0
test,l1config-0,1,32.0,2.0,1.0,16.0,4.0,6.25,3.9983455103606307,6.247414859938486,46.381210536271844,0.0,98.59507262287885,34078720.0,4194304.0,38273024.0,545259520.0,67108864.0,612368384.0,16.0,16.0,545263044.0,276345436.0,821608480.0,17074948.0,0.0,0.0,0.0,40094148.0,39936160.803571425,2483027968.0,1.1058919671214067,1028.9333836166543,43092960.0,144965632.0,205400640.0
test,l1config-0,2,32.0,2.0,1.0,16.0,4.0,6.25,3.9983602866670434,6.2474379479172555,46.381298090516765,0.0,98.59609270331472,34078720.0,4194304.0,38273024.0,545259520.0,67108864.0,612368384.0,16.0,16.0,545262964.0,276343444.0,821606408.0,17071724.0,0.0,0.0,0.0,40086847.0,39926142.73214286,2483027968.0,1.106093389692494,1029.420324033026,43072576.0,144965632.0,205401731.0
test,l1config-0,3,32.0,2.0,1.0,16.0,4.0,6.25,3.9983434204797357,6.247411594499587,46.380951221022066,0.0,98.59654256280481,34078720.0,4194304.0,38273024.0,545259520.0,67108864.0,612368384.0,16.0,16.0,545264144.0,276351408.0,821615552.0,17072536.0,0.0,0.0,0.0,40085054.0,39944915.26785714,2483027968.0,1.106142851341798,1028.9754089664975,43091200.0,144965632.0,205401182.0
test,l1config-0,4,32.0,2.0,1.0,16.0,4.0,6.25,3.9983475937468196,6.247418115229405,46.381720709495205,0.0,98.59505517183777,34078720.0,4194304.0,38273024.0,545259520.0,67108864.0,612368384.0,16.0,16.0,545263436.0,276351648.0,821615084.0,17077880.0,0.0,0.0,0.0,40115083.0,39944301.928571425,2483027968.0,1.1053148105668669,1028.965475392177,43091616.0,144965632.0,205400385.0
test,l1config-0,5,32.0,2.0,1.0,16.0,4.0,6.25,3.9983187280439463,6.247373012568666,46.38133451838452,0.0,98.59924601073226,34078720.0,4194304.0,38273024.0,545259520.0,67108864.0,612368384.0,16.0,16.0,545263056.0,276333440.0,821596496.0,17078264.0,0.0,0.0,0.0,40075695.0,40001049.571428575,2483027968.0,1.1064013034752371,1028.7966339684665,43098688.0,144965632.0,205403271.0
test,l1config-0,6,32.0,2.0,1.0,16.0,4.0,6.25,3.998331695752146,6.247393274612728,46.381203797649356,0.0,98.59833770305848,34078720.0,4194304.0,38273024.0,545259520.0,67108864.0,612368384.0,16.0,16.0,545262396.0,276341872.0,821604268.0,17082864.0,0.0,0.0,0.0,40067015.0,39953508.01785714,2483027968.0,1.1066409427437798,1029.4187944564612,43072640.0,144965632.0,205402587.0
test,l1config-0,7,32.0,2.0,1.0,16.0,4.0,6.25,3.998318255829484,6.247372274733569,46.381403599611055,0.0,98.59633148455592,34078720.0,4194304.0,38273024.0,545259520.0,67108864.0,612368384.0,16.0,16.0,545262444.0,276346412.0,821608856.0,17072408.0,0.0,0.0,0.0,40088185.0,39990327.41071428,2483027968.0,1.106056582610648,1026.868445121354,43179616.0,144965632.0,205401152.0
test,l1config-0,8,32.0,2.0,1.0,16.0,4.0,6.25,3.998338428569341,6.247403794639595,46.38153474569652,0.0,98.59630579742806,34078720.0,4194304.0,38273024.0,545259520.0,67108864.0,612368384.0,16.0,16.0,545262940.0,276334200.0,821597140.0,17073220.0,0.0,0.0,0.0,40087751.0,39950670.571428575,2483027968.0,1.1060685915485833,1029.2452170473068,43079904.0,144965632.0,205402688.0
test,l1config-0,9,32.0,2.0,1.0,16.0,4.0,6.25,3.9983624938633358,6.247441396661462,46.38136955458361,0.0,98.59805030875204,34078720.0,4194304.0,38273024.0,545259520.0,67108864.0,612368384.0,16.0,16.0,545262268.0,276353260.0,821615528.0,17071800.0,0.0,0.0,0.0,40094703.0,39934594.071428575,2483027968.0,1.1058767556450873,1028.556073392242,43108768.0,144965632.0,205402220.0
test,l1config-80,0,32.0,2.0,2.0,16.0,8.0,12.5,7.976727083794458,12.46363606842884,45.52072290854987,0.0,98.53456345487915,34078720.0,4194304.0,38273024.0,545259520.0,67108864.0,612368384.0,16.0,16.0,546802860.0,250760588.0,797563448.0,17086340.0,0.0,0.0,0.0,30684512.0,30630279.51785714,2483027968.0,1.4450231654681962,1344.1812115071543,32986464.0,144965632.0,199391894.0
test,l1config-80,1,32.0,2.0,2.0,16.0,8.0,12.5,7.976783221518472,12.463723783622612,45.524958773497964,0.0,98.50510350497338,34078720.0,4194304.0,38273024.0,545259520.0,67108864.0,612368384.0,16.0,16.0,546819624.0,250752992.0,797572616.0,17085632.0,0.0,0.0,0.0,30681457.0,30630863.14285714,2483027968.0,1.445166671982818,1344.06386325406,32989344.0,144965632.0,199390546.0
test,l1config-80,2,32.0,2.0,2.0,16.0,8.0,12.5,7.97675048959855,12.463672639997734,45.52547740685185,0.0,98.53493805914046,34078720.0,4194304.0,38273024.0,545259520.0,67108864.0,612368384.0,16.0,16.0,546807316.0,250826832.0,797634148.0,17083736.0,0.0,0.0,0.0,30681722.0,30628528.23214286,2483027968.0,1.4451543077298314,1343.5373523028093,33002272.0,144965632.0,199397041.0
test,l1config-80,3,32.0,2.0,2.0,16.0,8.0,12.5,7.976812806986926,12.463770010917072,45.52278773584728,0.0,98.54164226469643,34078720.0,4194304.0,38273024.0,545259520.0,67108864.0,612368384.0,16.0,16.0,546812560.0,250735564.0,797548124.0,17088992.0,0.0,0.0,0.0,30678189.0,30630463.285714287,2483027968.0,1.4453204303098053,1344.2046836167376,32985888.0,144965632.0,199384361.0
test,l1config-80,4,32.0,2.0,2.0,16.0,8.0,12.5,7.976776109444169,12.463712671006515,45.52827311212308,0.0,98.53867842490351,34078720.0,4194304.0,38273024.0,545259520.0,67108864.0,612368384.0,16.0,16.0,546799172.0,250766652.0,797565824.0,17086664.0,0.0,0.0,0.0,30671248.0,30636942.51785714,2483027968.0,1.4456475699992455,1344.006500453737,32990752.0,144965632.0,199387486.0
test,l1config-80,5,32.0,2.0,2.0,16.0,8.0,12.5,7.9767506337762555,12.463672865275399,45.52396344654407,0.0,98.53497235528013,34078720.0,4194304.0,38273024.0,545259520.0,67108864.0,612368384.0,16.0,16.0,546792800.0,250726188.0,797518988.0,17101048.0,0.0,0.0,0.0,30668035.0,30628295.73214286,2483027968.0,1.4457986492055954,1343.9699994027926,32991648.0,144965632.0,199390911.0
test,l1config-80,6,32.0,2.0,2.0,16.0,8.0,12.5,7.976793980386612,12.46374059435408,45.52411392730969,0.0,98.54718385108598,34078720.0,4194304.0,38273024.0,545259520.0,67108864.0,612368384.0,16.0,16.0,546801788.0,250758728.0,797560516.0,17085540.0,0.0,0.0,0.0,30678943.0,30620566.39285714,2483027968.0,1.445284790701511,1343.9660886934967,32991744.0,144965632.0,199385805.0
test,l1config-80,7,32.0,2.0,2.0,16.0,8.0,12.5,7.976754246288622,12.463678509825971,45.52422232630784,0.0,98.5259628293722,34078720.0,4194304.0,38273024.0,545259520.0,67108864.0,612368384.0,16.0,16.0,546804524.0,250779892.0,797584416.0,17111920.0,0.0,0.0,0.0,30686008.0,30633398.14285714,2483027968.0,1.444952164539043,1343.7653695153604,32996672.0,144965632.0,199393262.0
test,l1config-80,8,32.0,2.0,2.0,16.0,8.0,12.5,7.9767372908079555,12.46365201688743,45.525761025212766,0.0,98.53448069401985,34078720.0,4194304.0,38273024.0,545259520.0,67108864.0,612368384.0,16.0,16.0,546803288.0,250767416.0,797570704.0,17079260.0,0.0,0.0,0.0,30675924.0,30630036.98214286,2483027968.0,1.4454268767088059,1343.773188620639,32996480.0,144965632.0,199399128.0
test,l1config-80,9,32.0,2.0,2.0,16.0,8.0,12.5,7.976776449484805,12.463713202320008,45.52728021350259,0.0,98.53430949850033,34078720.0,4194304.0,38273024.0,545259520.0,67108864.0,612368384.0,16.0,16.0,546821696.0,250787212.0,797608908.0,17091176.0,0.0,0.0,0.0,30683860.0,30622267.910714287,2483027968.0,1.445053011251177,1343.8709351149398,32994080.0,144965632.0,199392038.0
test,l1config-55_l2config-10,0,32.0,2.0,2.0,16.0,8.0,12.5,7.976426781517812,12.463166846121581,46.05796333155225,0.0,98.52992372725353,34078720.0,4194304.0,38273024.0,545259520.0,67108864.0,612368384.0,16.0,16.0,545503928.0,250637648.0,796141576.0,17282792.0,0.0,0.0,0.0,30695912.0,30643059.464285713,2483027968.0,1.4444852109557125,1343.4852449474874,33003552.0,144965632.0,199039596.0
test,l1config-55_l2config-10,1,32.0,2.0,2.0,16.0,8.0,12.5,7.976418037328186,12.46315318332529,46.05637442260648,0.0,98.54179038106953,34078720.0,4194304.0,38273024.0,545259520.0,67108864.0,612368384.0,16.0,16.0,545501228.0,250637284.0,796138512.0,17387024.0,0.0,0.0,0.0,30706834.0,30650679.44642857,2483027968.0,1.4439716153944775,1343.259927170879,33009088.0,144965632.0,199023442.0
test,l1config-55_l2config-10,2,32.0,2.0,2.0,16.0,8.0,12.5,7.976371043774032,12.463079755896924,46.05747812062904,0.0,98.53601849200234,34078720.0,4194304.0,38273024.0,545259520.0,67108864.0,612368384.0,16.0,16.0,545500736.0,250619848.0,796120584.0,17403372.0,0.0,0.0,0.0,30698587.0,30650199.160714287,2483027968.0,1.4443594478828519,1342.6885061084793,33023136.0,144965632.0,199041658.0
test,l1config-55_l2config-10,3,32.0,2.0,2.0,16.0,8.0,12.5,7.976444087416922,12.46319388658894,46.0572493117495,0.0,98.53943847415033,34078720.0,4194304.0,38273024.0,545259520.0,67108864.0,612368384.0,16.0,16.0,545500184.0,250665944.0,796166128.0,17440668.0,0.0,0.0,0.0,30704297.0,30652454.375,2483027968.0,1.444090691121481,1342.8394493755295,33019424.0,144965632.0,199034735.0
test,l1config-55_l2config-10,4,32.0,2.0,2.0,16.0,8.0,12.5,7.976431303578737,12.463173911841777,46.059205204831315,0.0,98.53851453227456,34078720.0,4194304.0,38273024.0,545259520.0,67108864.0,612368384.0,16.0,16.0,545498484.0,250652360.0,796150844.0,17242320.0,0.0,0.0,0.0,30690270.0,30647541.73214286,2483027968.0,1.444750913475224,1343.2130497341777,33010240.0,144965632.0,199028498.0
test,l1config-55_l2config-10,5,32.0,2.0,2.0,16.0,8.0,12.5,7.976433659103585,12.463177592349352,46.05820841155228,0.0,98.54864388810923,34078720.0,4194304.0,38273024.0,545259520.0,67108864.0,612368384.0,16.0,16.0,545500848.0,250649848.0,796150696.0,17404120.0,0.0,0.0,0.0,30702117.0,30642600.285714287,2483027968.0,1.4441935578837355,1342.9201398672078,33017440.0,144965632.0,199032249.0
test,l1config-55_l2config-10,6,32.0,2.0,2.0,16.0,8.0,12.5,7.976405266412837,12.463133228770058,46.05660329295579,0.0,98.52169687137406,34078720.0,4194304.0,38273024.0,545259520.0,67108864.0,612368384.0,16.0,16.0,545497292.0,250622832.0,796120124.0,17407168.0,0.0,0.0,0.0,30689531.0,30655634.785714287,2483027968.0,1.4447858559033904,1343.4513773339063,33004384.0,144965632.0,199027997.0
test,l1config-55_l2config-10,7,32.0,2.0,2.0,16.0,8.0,12.5,7.976428045115124,12.463168820492381,46.05802994406377,0.0,98.50689175493986,34078720.0,4194304.0,38273024.0,545259520.0,67108864.0,612368384.0,16.0,16.0,545500776.0,250645556.0,796146332.0,17354392.0,0.0,0.0,0.0,30700841.0,30645318.76785714,2483027968.0,1.4442532174420526,1342.9292506932486,33017216.0,144965632.0,199030344.0
test,l1config-55_l2config-10,8,32.0,2.0,2.0,16.0,8.0,12.5,7.976387105092526,12.46310485170707,46.05578235434729,0.0,98.49127505585183,34078720.0,4194304.0,38273024.0,545259520.0,67108864.0,612368384.0,16.0,16.0,545499940.0,250638300.0,796138240.0,17427556.0,0.0,0.0,0.0,30707446.0,30653242.160714287,2483027968.0,1.443942989827802,1343.203935056991,33010464.0,144965632.0,199030940.0
test,l1config-55_l2config-10,9,32.0,2.0,2.0,16.0,8.0,12.5,7.976431147151778,12.463173667424652,46.05773752587341,0.0,98.52193601230098,34078720.0,4194304.0,38273024.0,545259520.0,67108864.0,612368384.0,16.0,16.0,545499596.0,250626400.0,796125996.0,17357412.0,0.0,0.0,0.0,30696398.0,30650535.64285714,2483027968.0,1.444462505872055,1343.312017049334,33007808.0,144965632.0,199030433.0
test,l1config-55_l2config-10,10,32.0,2.0,2.0,16.0,8.0,12.5,7.9764095729339655,12.463139957709322,46.058896774051696,0.0,98.53920925261797,34078720.0,4194304.0,38273024.0,545259520.0,67108864.0,612368384.0,16.0,16.0,545500992.0,250578484.0,796079476.0,17403760.0,0.0,0.0,0.0,30702880.0,30645371.14285714,2483027968.0,1.444157315315385,1343.3354588126972,33007232.0,144965632.0,199034064.0
test,l1config-55_l2config-10,11,32.0,2.0,2.0,16.0,8.0,12.5,7.976400846392373,12.463126322488083,46.057021894374465,0.0,98.57921379399399,34078720.0,4194304.0,38273024.0,545259520.0,67108864.0,612368384.0,16.0,16.0,545501204.0,250637524.0,796138728.0,17398920.0,0.0,0.0,0.0,30711627.0,30647082.785714287,2483027968.0,1.4437460273301452,1343.5360495696646,33002304.0,144965632.0,199026196.0
test,l1config-55_l2config-10,12,32.0,2.0,2.0,16.0,8.0,12.5,7.976417789716955,12.463152796432741,46.056547426866516,0.0,98.55610056294685,34078720.0,4194304.0,38273024.0,545259520.0,67108864.0,612368384.0,16.0,16.0,545500868.0,250667844.0,796168712.0,17405948.0,0.0,0.0,0.0,30698546.0,30647178.76785714,2483027968.0,1.4443614945483156,1343.740609615615,32997280.0,144965632.0,199042401.0
test,l1config-55_l2config-10,13,32.0,2.0,2.0,16.0,8.0,12.5,7.976419987827535,12.463156230980523,46.056688272205136,0.0,98.5352643506428,34078720.0,4194304.0,38273024.0,545259520.0,67108864.0,612368384.0,16.0,16.0,545498932.0,250630232.0,796129164.0,17404000.0,0.0,0.0,0.0,30701160.0,30644926.92857143,2483027968.0,1.4442382815095813,1343.194820503503,33010688.0,144965632.0,199035873.0
test,l1config-55_l2config-10,14,32.0,2.0,2.0,16.0,8.0,12.5,7.976353231580832,12.46305192434505,46.05800414278024,0.0,98.5096624892774,34078720.0,4194304.0,38273024.0,545259520.0,67108864.0,612368384.0,16.0,16.0,545499284.0,250659328.0,796158612.0,17403616.0,0.0,0.0,0.0,30701972.0,30649266.5,2483027968.0,1.4442004020771488,1343.1726856742926,33011232.0,144965632.0,199034566.0
test,l1config-55_l2config-10,15,32.0,2.0,2.0,16.0,8.0,12.5,7.976411628534215,12.46314316958471,46.05744062590967,0.0,98.5092652990103,34078720.0,4194304.0,38273024.0,545259520.0,67108864.0,612368384.0,16.0,16.0,545501432.0,250656208.0,796157640.0,17405312.0,0.0,0.0,0.0,30692104.0,30644624.48214286,2483027968.0,1.4446646768173796,1343.0138571247185,33015136.0,144965632.0,199038100.0
test,l1config-55_l2config-10,16,32.0,2.0,2.0,16.0,8.0,12.5,7.976445104187504,12.463195475292975,46.05791907153772,0.0,98.53657725177949,34078720.0,4194304.0,38273024.0,545259520.0,67108864.0,612368384.0,16.0,16.0,545504044.0,250660072.0,796164116.0,17449128.0,0.0,0.0,0.0,30700582.0,30647958.285714287,2483027968.0,1.444265472193741,1343.207841332067,33010368.0,144965632.0,199030079.0
test,l1config-55_l2config-10,17,32.0,2.0,2.0,16.0,8.0,12.5,7.97638628453116,12.463103569579937,46.05612068809785,0.0,98.51547832689917,34078720.0,4194304.0,38273024.0,545259520.0,67108864.0,612368384.0,16.0,16.0,545499172.0,250603816.0,796102988.0,17339952.0,0.0,0.0,0.0,30701711.0,30645313.535714287,2483027968.0,1.4442122560913795,1343.6207324791835,33000224.0,144965632.0,199030937.0
test,l1config-55_l2config-10,18,32.0,2.0,2.0,16.0,8.0,12.5,7.976362111666051,12.463065799478205,46.05622051607524,0.0,98.54050177503994,34078720.0,4194304.0,38273024.0,545259520.0,67108864.0,612368384.0,16.0,16.0,545500644.0,250595780.0,796096424.0,17395548.0,0.0,0.0,0.0,30694025.0,30647380.464285713,2483027968.0,1.4445741676440238,1343.3055055935931,33007968.0,144965632.0,199036286.0
test,l1config-55_l2config-10,19,32.0,2.0,2.0,16.0,8.0,12.5,7.976383950754272,12.46309992305355,46.05837880144759,0.0,98.50894813644628,34078720.0,4194304.0,38273024.0,545259520.0,67108864.0,612368384.0,16.0,16.0,545497364.0,250666956.0,796164320.0,17430104.0,0.0,0.0,0.0,30702743.0,30649144.85714286,2483027968.0,1.4441638651841466,1343.3367611568729,33007200.0,144965632.0,199037697.0
test,l1config-55_l2config-10,20,32.0,2.0,2.0,16.0,8.0,12.5,7.9764218502602295,12.463159141031609,46.05880042495311,0.0,98.54619585885,34078720.0,4194304.0,38273024.0,545259520.0,67108864.0,612368384.0,16.0,16.0,545495704.0,250630676.0,796126380.0,17368508.0,0.0,0.0,0.0,30693056.0,30655775.464285713,2483027968.0,1.4446196326130112,1342.931853809109,33017152.0,144965632.0,199040967.0
test,l1config-55_l2config-10,21,32.0,2.0,2.0,16.0,8.0,12.5,7.97642477778105,12.46316371528289,46.05622417288943,0.0,98.5467402560956,34078720.0,4194304.0,38273024.0,545259520.0,67108864.0,612368384.0,16.0,16.0,545502976.0,250600464.0,796103440.0,17419852.0,0.0,0.0,0.0,30689705.0,30638964.339285713,2483027968.0,1.4447776173881277,1343.43704924218,33004736.0,144965632.0,199026206.0
test,l1config-55_l2config-10,22,32.0,2.0,2.0,16.0,8.0,12.5,7.976439965611616,12.46318744626815,46.0558298642921,0.0,98.52075096283687,34078720.0,4194304.0,38273024.0,545259520.0,67108864.0,612368384.0,16.0,16.0,545497424.0,250616932.0,796114356.0,17442084.0,0.0,0.0,0.0,30704495.0,30649800.64285714,2483027968.0,1.444081696268044,1343.50999543729,33002944.0,144965632.0,199031998.0
test,l1config-55_l2config-10,23,32.0,2.0,2.0,16.0,8.0,12.5,7.976453359598528,12.4632083743727,46.05718960400222,0.0,98.53971043144779,34078720.0,4194304.0,38273024.0,545259520.0,67108864.0,612368384.0,16.0,16.0,545502076.0,250601264.0,796103340.0,17379200.0,0.0,0.0,0.0,30707322.0,30645698.82142857,2483027968.0,1.44394873836182,1343.0477026823628,33014304.0,144965632.0,199038221.0
test,l1config-55_l2config-10,24,32.0,2.0,2.0,16.0,8.0,12.5,7.976450057540555,12.463203214907118,46.05637069238041,0.0,98.54083563759588,34078720.0,4194304.0,38273024.0,545259520.0,67108864.0,612368384.0,16.0,16.0,545497224.0,250642372.0,796139596.0,17438604.0,0.0,0.0,0.0,30707072.0,30658562.92857143,2483027968.0,1.4439603296145955,1343.2716470413084,33008800.0,144965632.0,199034459.0
test,l1config-55_l2config-10,25,32.0,2.0,2.0,16.0,8.0,12.5,7.976420141703063,12.463156471411036,46.05775675352336,0.0,98.53697650248833,34078720.0,4194304.0,38273024.0,545259520.0,67108864.0,612368384.0,16.0,16.0,545499596.0,250645396.0,796144992.0,17405344.0,0.0,0.0,0.0,30697175.0,30644168.160714287,2483027968.0,1.4444261086417345,1343.0099519778369,33015232.0,144965632.0,199027261.0
test,l1config-55_l2config-10,26,32.0,2.0,2.0,16.0,8.0,12.5,7.976414453128419,12.463147583013155,46.05965124952069,0.0,98.5615295008627,34078720.0,4194304.0,38273024.0,545259520.0,67108864.0,612368384.0,16.0,16.0,545502016.0,250631760.0,796133776.0,17399616.0,0.0,0.0,0.0,30702230.0,30640294.714285713,2483027968.0,1.444188124910408,1342.8251343333504,33019776.0,144965632.0,199035772.0
test,l1config-55_l2config-10,27,32.0,2.0,2.0,16.0,8.0,12.5,7.9764206607361885,12.463157282400294,46.05694470038103,0.0,98.56902329666384,34078720.0,4194304.0,38273024.0,545259520.0,67108864.0,612368384.0,16.0,16.0,545498940.0,250683160.0,796182100.0,17402348.0,0.0,0.0,0.0,30709337.0,30642364.75,2483027968.0,1.4438535936712256,1343.5295359418355,33002464.0,144965632.0,199036373.0
test,l1config-55_l2config-10,28,32.0,2.0,2.0,16.0,8.0,12.5,7.976412363266121,12.463144317603314,46.055715694760835,0.0,98.53445855384238,34078720.0,4194304.0,38273024.0,545259520.0,67108864.0,612368384.0,16.0,16.0,545500596.0,250615416.0,796116012.0,17405132.0,0.0,0.0,0.0,30698367.0,30648572.42857143,2483027968.0,1.4443696812681746,1343.1883101838866,33010848.0,144965632.0,199036532.0
test,l1config-55_l2config-10,29,32.0,2.0,2.0,16.0,8.0,12.5,7.976370725626728,12.463079258791762,46.05863148748317,0.0,98.54029242505963,34078720.0,4194304.0,38273024.0,545259520.0,67108864.0,612368384.0,16.0,16.0,545498472.0,250639060.0,796137532.0,17407400.0,0.0,0.0,0.0,30696640.0,30647590.35714286,2483027968.0,1.4444511888896583,1343.5451687547313,33002080.0,144965632.0,199040816.0
test,l1config-55_l2config-10,30,32.0,2.0,2.0,16.0,8.0,12.5,7.976405563130713,12.46313369239174,46.05533954411025,0.0,98.53663536323671,34078720.0,4194304.0,38273024.0,545259520.0,67108864.0,612368384.0,16.0,16.0,545499420.0,250634712.0,796134132.0,17408164.0,0.0,0.0,0.0,30705745.0,30651910.67857143,2483027968.0,1.4440224506149302,1343.3510871094732,33006848.0,144965632.0,199031514.0
test,l1config-55_l2config-10,31,32.0,2.0,2.0,16.0,8.0,12.5,7.976411296060515,12.463142650094555,46.05780905011991,0.0,98.54473287070572,34078720.0,4194304.0,38273024.0,545259520.0,67108864.0,612368384.0,16.0,16.0,545502840.0,250656800.0,796159640.0,17407528.0,0.0,0.0,0.0,30694951.0,30643088.82142857,2483027968.0,1.4445305291427348,1343.4018815854624,33005600.0,144965632.0,199029678.0
test,l1config-55_l2config-10,32,32.0,2.0,2.0,16.0,8.0,12.5,7.97639895418096,12.46312336590775,46.056458559492995,0.0,98.52219130667017,34078720.0,4194304.0,38273024.0,545259520.0,67108864.0,612368384.0,16.0,16.0,545498892.0,250649808.0,796148700.0,17429396.0,0.0,0.0,0.0,30701770.0,30643234.98214286,2483027968.0,1.4442097629690525,1343.0815499459477,33013472.0,144965632.0,199038385.0
test,l1config-55_l2config-10,33,32.0,2.0,2.0,16.0,8.0,12.5,7.976349148165103,12.463045544007974,46.05804546575909,0.0,98.53911934506269,34078720.0,4194304.0,38273024.0,545259520.0,67108864.0,612368384.0,16.0,16.0,545500484.0,250641452.0,796141936.0,17427092.0,0.0,0.0,0.0,30690521.0,30645551.285714287,2483027968.0,1.44473895646795,1342.70281823777,33022784.0,144965632.0,199029789.0
test,l1config-55_l2config-10,34,32.0,2.0,2.0,16.0,8.0,12.5,7.9763510196195275,12.463048468155511,46.05664844026192,0.0,98.50905017137029,34078720.0,4194304.0,38273024.0,545259520.0,67108864.0,612368384.0,16.0,16.0,545500668.0,250633836.0,796134504.0,17397828.0,0.0,0.0,0.0,30698210.0,30648942.92857143,2483027968.0,1.4443774446227358,1342.9839182456587,33015872.0,144965632.0,199046347.0
test,l1config-55_l2config-10,35,32.0,2.0,2.0,16.0,8.0,12.5,7.976392310682007,12.463112985440636,46.059035270537684,0.0,98.50647923015802,34078720.0,4194304.0,38273024.0,545259520.0,67108864.0,612368384.0,16.0,16.0,545501304.0,250641628.0,796142932.0,17200008.0,0.0,0.0,0.0,30694782.0,30642068.30357143,2483027968.0,1.4445382706957992,1343.569921452508,33001472.0,144965632.0,199032032.0
test,l1config-55_l2config-10,36,32.0,2.0,2.0,16.0,8.0,12.5,7.976401046570399,12.46312663526625,46.057805493876344,0.0,98.50094271721613,34078720.0,4194304.0,38273024.0,545259520.0,67108864.0,612368384.0,16.0,16.0,545500408.0,250646424.0,796146832.0,17437872.0,0.0,0.0,0.0,30698408.0,30642509.0,2483027968.0,1.444367869830785,1343.4513773339063,33004384.0,144965632.0,199032673.0
test,l1config-55_l2config-10,37,32.0,2.0,2.0,16.0,8.0,12.5,7.9764544288849875,12.463210045132794,46.05764863290723,0.0,98.54751877427293,34078720.0,4194304.0,38273024.0,545259520.0,67108864.0,612368384.0,16.0,16.0,545501288.0,250650140.0,796151428.0,17404836.0,0.0,0.0,0.0,30684247.0,30642690.26785714,2483027968.0,1.445034267719988,1343.0555134379242,33014112.0,144965632.0,199043804.0
test,l1config-55_l2config-10,38,32.0,2.0,2.0,16.0,8.0,12.5,7.976369578315794,12.46307746611843,46.05691227891055,0.0,98.54264446050833,34078720.0,4194304.0,38273024.0,545259520.0,67108864.0,612368384.0,16.0,16.0,545500168.0,250657588.0,796157756.0,17451688.0,0.0,0.0,0.0,30703138.0,30647701.375,2483027968.0,1.444145285818904,1342.8602717999047,33018912.0,144965632.0,199042859.0
test,l1config-55_l2config-10,39,32.0,2.0,2.0,16.0,8.0,12.5,7.976383533486241,12.463099271072252,46.05798035403436,0.0,98.50660455094375,34078720.0,4194304.0,38273024.0,545259520.0,67108864.0,612368384.0,16.0,16.0,545498316.0,250628508.0,796126824.0,17223224.0,0.0,0.0,0.0,30693958.0,30646492.214285713,2483027968.0,1.4445771208974907,1343.2351858937793,33009696.0,144965632.0,199038012.0
test,l1config-55_l2config-10,40,32.0,2.0,2.0,16.0,8.0,12.5,7.9764370733452274,12.463182927101919,46.056940407917814,0.0,98.54461011221154,34078720.0,4194304.0,38273024.0,545259520.0,67108864.0,612368384.0,16.0,16.0,545499728.0,250608192.0,796107920.0,17411252.0,0.0,0.0,0.0,30700085.0,30645139.67857143,2483027968.0,1.4442887591471643,1343.3185285682014,33007648.0,144965632.0,199026631.0
test,l1config-55_l2config-10,41,32.0,2.0,2.0,16.0,8.0,12.5,7.976346656186132,12.463041650290831,46.057662898679204,0.0,98.50157548035689,34078720.0,4194304.0,38273024.0,545259520.0,67108864.0,612368384.0,16.0,16.0,545501108.0,250626684.0,796127792.0,17429796.0,0.0,0.0,0.0,30697573.0,30643198.39285714,2483027968.0,1.444407251974512,1342.6013388185395,33025280.0,144965632.0,199025100.0
test,l1config-55_l2config-10,42,32.0,2.0,2.0,16.0,8.0,12.5,7.976409209511159,12.463139389861185,46.05725390770463,0.0,98.52461025916247,34078720.0,4194304.0,38273024.0,545259520.0,67108864.0,612368384.0,16.0,16.0,545500068.0,250673656.0,796173724.0,17399988.0,0.0,0.0,0.0,30711259.0,30645325.964285713,2483027968.0,1.443763515172131,1343.3628085706944,33006560.0,144965632.0,199033346.0
test,l1config-55_l2config-10,43,32.0,2.0,2.0,16.0,8.0,12.5,7.976409297583402,12.463139527474066,46.05596479756138,0.0,98.50139414458982,34078720.0,4194304.0,38273024.0,545259520.0,67108864.0,612368384.0,16.0,16.0,545499276.0,250645608.0,796144884.0,17322588.0,0.0,0.0,0.0,30698902.0,30640408.125,2483027968.0,1.4443448155699998,1343.2026329703478,33010496.0,144965632.0,199038650.0
test,l1config-55_l2config-10,44,32.0,2.0,2.0,16.0,8.0,12.5,7.976406651717691,12.463135393308892,46.05737629500423,0.0,98.53604429233637,34078720.0,4194304.0,38273024.0,545259520.0,67108864.0,612368384.0,16.0,16.0,545499344.0,250655628.0,796154972.0,17417268.0,0.0,0.0,0.0,30699363.0,30640798.714285713,2483027968.0,1.444323102893288,1343.3276448006711,33007424.0,144965632.0,199032461.0
test,l1config-55_l2config-10,45,32.0,2.0,2.0,16.0,8.0,12.5,7.976411442164174,12.463142878381522,46.05644244226808,0.0,98.51547757140725,34078720.0,4194304.0,38273024.0,545259520.0,67108864.0,612368384.0,16.0,16.0,545500068.0,250635584.0,796135652.0,17404904.0,0.0,0.0,0.0,30700272.0,30651524.14285714,2483027968.0,1.4442803616440547,1342.8693818136305,33018688.0,144965632.0,199049821.0
test,l1config-55_l2config-10,46,32.0,2.0,2.0,16.0,8.0,12.5,7.976409783689086,12.463140287014198,46.05851242116869,0.0,98.50675827498266,34078720.0,4194304.0,38273024.0,545259520.0,67108864.0,612368384.0,16.0,16.0,545501556.0,250640228.0,796141784.0,17409368.0,0.0,0.0,0.0,30703136.0,30653481.10714286,2483027968.0,1.4441452387831428,1343.1674775852052,33011360.0,144965632.0,199035931.0
test,l1config-55_l2config-10,47,32.0,2.0,2.0,16.0,8.0,12.5,7.976422656841748,12.46316040131523,46.05719368225182,0.0,98.49962278441944,34078720.0,4194304.0,38273024.0,545259520.0,67108864.0,612368384.0,16.0,16.0,545499084.0,250624172.0,796123256.0,17176504.0,0.0,0.0,0.0,30696889.0,30648094.57142857,2483027968.0,1.4444391897880828,1343.088059230687,33013312.0,144965632.0,199037333.0
test,l1config-55_l2config-10,48,32.0,2.0,2.0,16.0,8.0,12.5,7.976400501623616,12.4631257837869,46.0588121588182,0.0,98.4926040588444,34078720.0,4194304.0,38273024.0,545259520.0,67108864.0,612368384.0,16.0,16.0,545501316.0,250637752.0,796139068.0,17415836.0,0.0,0.0,0.0,30708511.0,30644604.14285714,2483027968.0,1.4438927361881095,1343.1791958424474,33011072.0,144965632.0,199032934.0
test,l1config-55_l2config-10,49,32.0,2.0,2.0,16.0,8.0,12.5,7.976388576449755,12.463107150702742,46.05558767922138,0.0,98.47292012513704,34078720.0,4194304.0,38273024.0,545259520.0,67108864.0,612368384.0,16.0,16.0,545498500.0,250637536.0,796136036.0,17410256.0,0.0,0.0,0.0,30698708.0,30644698.85714286,2483027968.0,1.4443539666119591,1343.236488043536,33009664.0,144965632.0,199034999.0
test,l1config-55_l2config-55,0,32.0,2.0,2.0,16.0,8.0,12.5,7.976417810123288,12.463152828317638,46.05683760985123,0.0,98.54604798072089,34078720.0,4194304.0,38273024.0,545259520.0,67108864.0,612368384.0,16.0,16.0,545498076.0,250631804.0,796129880.0,17410748.0,0.0,0.0,0.0,30700421.0,30645606.01785714,2483027968.0,1.4442732109060628,1343.21565395038,33010176.0,144965632.0,199029893.0
test,l1config-55_l2config-55,1,32.0,2.0,2.0,16.0,8.0,12.5,7.976377730496107,12.463090203900167,46.056091593432214,0.0,98.53058643354528,34078720.0,4194304.0,38273024.0,545259520.0,67108864.0,612368384.0,16.0,16.0,545495832.0,250676608.0,796172440.0,17426708.0,0.0,0.0,0.0,30693268.0,30648852.94642857,2483027968.0,1.444609854579216,1343.4995740672764,33003200.0,144965632.0,199025590.0
test,l1config-55_l2config-55,2,32.0,2.0,2.0,16.0,8.0,12.5,7.976395400972446,12.463117814019446,46.05666875455837,0.0,98.5132551326225,34078720.0,4194304.0,38273024.0,545259520.0,67108864.0,612368384.0,16.0,16.0,545498380.0,250680004.0,796178384.0,17409908.0,0.0,0.0,0.0,30707671.0,30645567.01785714,2483027968.0,1.4439322217359223,1343.381042361401,33006112.0,144965632.0,199037266.0
test,l1config-55_l2config-55,3,32.0,2.0,2.0,16.0,8.0,12.5,7.97638668414816,12.4631041939815,46.05644242663695,0.0,98.5332296897384,34078720.0,4194304.0,38273024.0,545259520.0,67108864.0,612368384.0,16.0,16.0,545497572.0,250665116.0,796162688.0,17436496.0,0.0,0.0,0.0,30693434.0,30645115.25,2483027968.0,1.4446017475011455,1342.9735050353918,33016128.0,144965632.0,199027868.0
test,l1config-55_l2config-55,4,32.0,2.0,2.0,16.0,8.0,12.5,7.976435647953732,12.463180699927706,46.056570063917476,0.0,98.53631240620916,34078720.0,4194304.0,38273024.0,545259520.0,67108864.0,612368384.0,16.0,16.0,545496832.0,250655812.0,796152644.0,17424992.0,0.0,0.0,0.0,30687194.0,30640876.160714287,2483027968.0,1.4448958608537408,1343.4982714073924,33003232.0,144965632.0,199032574.0
test,l1config-55_l2config-55,5,32.0,2.0,2.0,16.0,8.0,12.5,7.976359453699547,12.463061646405542,46.05660370916423,0.0,98.52230270244358,34078720.0,4194304.0,38273024.0,545259520.0,67108864.0,612368384.0,16.0,16.0,545500428.0,250604308.0,796104736.0,17404328.0,0.0,0.0,0.0,30701943.0,30640673.05357143,2483027968.0,1.444201566302072,1342.9969349855833,33015552.0,144965632.0,199022798.0
test,l1config-55_l2config-55,6,32.0,2.0,2.0,16.0,8.0,12.5,7.976406728552556,12.463135513363369,46.0570729539036,0.0,98.54282016480731,34078720.0,4194304.0,38273024.0,545259520.0,67108864.0,612368384.0,16.0,16.0,545498072.0,250634980.0,796133052.0,17429988.0,0.0,0.0,0.0,30697361.0,30647162.39285714,2483027968.0,1.4444173213500238,1343.3953692584912,33005760.0,144965632.0,199039815.0
test,l1config-55_l2config-55,7,32.0,2.0,2.0,16.0,8.0,12.5,7.97643126609537,12.463173853274014,46.055330878595484,0.0,98.52634239609503,34078720.0,4194304.0,38273024.0,545259520.0,67108864.0,612368384.0,16.0,16.0,545498004.0,250645516.0,796143520.0,17403644.0,0.0,0.0,0.0,30685196.0,30648246.10714286,2483027968.0,1.4449900245541833,1343.259927170879,33009088.0,144965632.0,199032022.0
test,l1config-55_l2config-55,8,32.0,2.0,2.0,16.0,8.0,12.5,7.976410986681007,12.463142166689073,46.05504316496922,0.0,98.5297465083061,34078720.0,4194304.0,38273024.0,545259520.0,67108864.0,612368384.0,16.0,16.0,545499900.0,250626480.0,796126380.0,17403020.0,0.0,0.0,0.0,30701608.0,30642255.42857143,2483027968.0,1.4442171718011858,1343.0385902490304,33014528.0,144965632.0,199027941.0
test,l1config-55_l2config-55,9,32.0,2.0,2.0,16.0,8.0,12.5,7.976455451202371,12.463211642503705,46.056901174237986,0.0,98.5123982894915,34078720.0,4194304.0,38273024.0,545259520.0,67108864.0,612368384.0,16.0,16.0,545497084.0,250635928.0,796133012.0,17438332.0,0.0,0.0,0.0,30705872.0,30646915.0,2483027968.0,1.4440165604118367,1343.1570615281948,33011616.0,144965632.0,199042542.0
test,l1config-55_l2config-55,10,32.0,2.0,2.0,16.0,8.0,12.5,7.9764349714647675,12.4631796429137,46.05515531134151,0.0,98.55113899831369,34078720.0,4194304.0,38273024.0,545259520.0,67108864.0,612368384.0,16.0,16.0,545497988.0,250623368.0,796121356.0,17286916.0,0.0,0.0,0.0,30689856.0,30650382.69642857,2483027968.0,1.444770132190009,1343.1896122427613,33010816.0,144965632.0,199039159.0
test,l1config-55_l2config-55,11,32.0,2.0,2.0,16.0,8.0,12.5,7.9764402996696715,12.463187968233862,46.05574380340218,0.0,98.49984089414792,34078720.0,4194304.0,38273024.0,545259520.0,67108864.0,612368384.0,16.0,16.0,545499128.0,250644436.0,796143564.0,17408300.0,0.0,0.0,0.0,30704237.0,30649278.69642857,2483027968.0,1.4440938658023885,1343.381042361401,33006112.0,144965632.0,199043818.0
test,l1config-55_l2config-55,12,32.0,2.0,2.0,16.0,8.0,12.5,7.976475483300886,12.463242942657635,46.056141564911755,0.0,98.53628477168013,34078720.0,4194304.0,38273024.0,545259520.0,67108864.0,612368384.0,16.0,16.0,545496280.0,250645504.0,796141784.0,17423756.0,0.0,0.0,0.0,30688292.0,30646708.25,2483027968.0,1.4448441872790154,1343.327644800671,33007424.0,144965632.0,199040694.0
test,l1config-55_l2config-55,13,32.0,2.0,2.0,16.0,8.0,12.5,7.976383931997218,12.463099893745653,46.05910892117641,0.0,98.54278620804618,34078720.0,4194304.0,38273024.0,545259520.0,67108864.0,612368384.0,16.0,16.0,545499792.0,250585540.0,796085332.0,17405204.0,0.0,0.0,0.0,30701310.0,30647771.55357143,2483027968.0,1.4442312017503014,1343.0424955624599,33014432.0,144965632.0,199035029.0
test,l1config-55_l2config-55,14,32.0,2.0,2.0,16.0,8.0,12.5,7.976400171633408,12.4631252681772,46.05571811468585,0.0,98.49744670870312,34078720.0,4194304.0,38273024.0,545259520.0,67108864.0,612368384.0,16.0,16.0,545499552.0,250610372.0,796109924.0,17407536.0,0.0,0.0,0.0,30688718.0,30648670.23214286,2483027968.0,1.4448240132236625,1343.246905332478,33009408.0,144965632.0,199045655.0
test,l1config-55_l2config-55,15,32.0,2.0,2.0,16.0,8.0,12.5,7.976430230346218,12.463172234915966,46.0548258521291,0.0,98.49703343201007,34078720.0,4194304.0,38273024.0,545259520.0,67108864.0,612368384.0,16.0,16.0,545500780.0,250645328.0,796146108.0,17417900.0,0.0,0.0,0.0,30691407.0,30655945.39285714,2483027968.0,1.4446973909313843,1343.29769193003,33008160.0,144965632.0,199045840.0
test,l1config-55_l2config-55,16,32.0,2.0,2.0,16.0,8.0,12.5,7.976381512432773,12.463096113176206,46.05462097651765,0.0,98.50604254575428,34078720.0,4194304.0,38273024.0,545259520.0,67108864.0,612368384.0,16.0,16.0,545499284.0,250625100.0,796124384.0,17404080.0,0.0,0.0,0.0,30689456.0,30641770.92857143,2483027968.0,1.4447893984938402,1343.5412605174017,33002176.0,144965632.0,199036315.0
test,l1config-55_l2config-55,17,32.0,2.0,2.0,16.0,8.0,12.5,7.976404101300943,12.463131408282724,46.05666283339666,0.0,98.51463317006828,34078720.0,4194304.0,38273024.0,545259520.0,67108864.0,612368384.0,16.0,16.0,545498808.0,250618072.0,796116880.0,17423904.0,0.0,0.0,0.0,30703014.0,30638255.73214286,2483027968.0,1.4441513299396906,1343.5295359418355,33002464.0,144965632.0,199028711.0
test,l1config-55_l2config-55,18,32.0,2.0,2.0,16.0,8.0,12.5,7.976461512638238,12.463221113497248,46.05493590368825,0.0,98.50887364214564,34078720.0,4194304.0,38273024.0,545259520.0,67108864.0,612368384.0,16.0,16.0,545498532.0,250640992.0,796139524.0,17436928.0,0.0,0.0,0.0,30708576.0,30642102.82142857,2483027968.0,1.4438896916940158,1343.4474696422167,33004480.0,144965632.0,199024168.0
test,l1config-55_l2config-55,19,32.0,2.0,2.0,16.0,8.0,12.5,7.976377933253984,12.463090520709349,46.055979955232864,0.0,98.58030938048464,34078720.0,4194304.0,38273024.0,545259520.0,67108864.0,612368384.0,16.0,16.0,545502292.0,250650516.0,796152808.0,17431316.0,0.0,0.0,0.0,30706142.0,30642186.964285713,2483027968.0,1.4440038043482977,1342.994331617412,33015616.0,144965632.0,199033382.0
test,l1config-55_l2config-55,20,32.0,2.0,2.0,16.0,8.0,12.5,7.976390989542296,12.463110921159839,46.05663146155029,0.0,98.48942845675187,34078720.0,4194304.0,38273024.0,545259520.0,67108864.0,612368384.0,16.0,16.0,545498560.0,250684788.0,796183348.0,17403572.0,0.0,0.0,0.0,30696859.0,30650634.17857143,2483027968.0,1.4444405661454944,1343.0490044686471,33014272.0,144965632.0,199043801.0
test,l1config-55_l2config-55,21,32.0,2.0,2.0,16.0,8.0,12.5,7.976469492397391,12.463233581870924,46.05494254661015,0.0,98.53902147454562,34078720.0,4194304.0,38273024.0,545259520.0,67108864.0,612368384.0,16.0,16.0,545498308.0,250642300.0,796140608.0,17409964.0,0.0,0.0,0.0,30697789.0,30643448.285714287,2483027968.0,1.4443969710046456,1343.1193046757362,33012544.0,144965632.0,199021797.0
test,l1config-55_l2config-55,22,32.0,2.0,2.0,16.0,8.0,12.5,7.976404571509278,12.463132142983246,46.05555459769249,0.0,98.5082805928434,34078720.0,4194304.0,38273024.0,545259520.0,67108864.0,612368384.0,16.0,16.0,545496476.0,250622216.0,796118692.0,17413076.0,0.0,0.0,0.0,30704554.0,30648624.535714287,2483027968.0,1.4440786980084659,1343.228675182865,33009856.0,144965632.0,199029579.0
test,l1config-55_l2config-55,23,32.0,2.0,2.0,16.0,8.0,12.5,7.9763770493276045,12.463089139574382,46.057190583095,0.0,98.49951385183668,34078720.0,4194304.0,38273024.0,545259520.0,67108864.0,612368384.0,16.0,16.0,545499088.0,250653284.0,796152372.0,17423956.0,0.0,0.0,0.0,30694665.0,30652049.660714287,2483027968.0,1.4445437768965,1342.895411105379,33018048.0,144965632.0,199041145.0
test,l1config-55_l2config-55,24,32.0,2.0,2.0,16.0,8.0,12.5,7.976391199313149,12.463111248926795,46.05486244728725,0.0,98.54434385730819,34078720.0,4194304.0,38273024.0,545259520.0,67108864.0,612368384.0,16.0,16.0,545498704.0,250636060.0,796134764.0,17397516.0,0.0,0.0,0.0,30692605.0,30652986.55357143,2483027968.0,1.4446410953318323,1343.3966717188343,33005728.0,144965632.0,199035148.0
test,l1config-55_l2config-55,25,32.0,2.0,2.0,16.0,8.0,12.5,7.976427652441738,12.463168206940216,46.05673337370828,0.0,98.52741314567702,34078720.0,4194304.0,38273024.0,545259520.0,67108864.0,612368384.0,16.0,16.0,545499516.0,250643836.0,796143352.0,17433616.0,0.0,0.0,0.0,30696957.0,30645230.98214286,2483027968.0,1.4444359547703063,1343.305505593593,33007968.0,144965632.0,199026921.0
test,l1config-55_l2config-55,26,32.0,2.0,2.0,16.0,8.0,12.5,7.976397412461968,12.463120956971824,46.055017707597166,0.0,98.54120797989687,34078720.0,4194304.0,38273024.0,545259520.0,67108864.0,612368384.0,16.0,16.0,545498260.0,250622796.0,796121056.0,17439712.0,0.0,0.0,0.0,30696605.0,30647960.839285713,2483027968.0,1.4444526240896656,1343.2742514847323,33008736.0,144965632.0,199022205.0
test,l1config-55_l2config-55,27,32.0,2.0,2.0,16.0,8.0,12.5,7.976451427514238,12.463205355490997,46.055297693835,0.0,98.55109506087834,34078720.0,4194304.0,38273024.0,545259520.0,67108864.0,612368384.0,16.0,16.0,545498764.0,250595044.0,796093808.0,17400440.0,0.0,0.0,0.0,30695806.0,30649032.535714287,2483027968.0,1.444490375579568,1342.9292506932486,33017216.0,144965632.0,199036939.0
test,l1config-55_l2config-55,28,32.0,2.0,2.0,16.0,8.0,12.5,7.976416385239857,12.463150601937278,46.056277660399545,0.0,98.53187872036332,34078720.0,4194304.0,38273024.0,545259520.0,67108864.0,612368384.0,16.0,16.0,545502708.0,250648716.0,796151424.0,17409164.0,0.0,0.0,0.0,30698346.0,30652698.32142857,2483027968.0,1.4443705399381348,1343.160967530642,33011520.0,144965632.0,199029070.0
test,l1config-55_l2config-55,29,32.0,2.0,2.0,16.0,8.0,12.5,7.9764022854217185,12.463128570971435,46.0562794124302,0.0,98.52101291463312,34078720.0,4194304.0,38273024.0,545259520.0,67108864.0,612368384.0,16.0,16.0,545498020.0,250645788.0,796143808.0,17435864.0,0.0,0.0,0.0,30703682.0,30643397.285714287,2483027968.0,1.444119522439578,1343.4448645270522,33004544.0,144965632.0,199043373.0
test,l1config-55_l2config-55,30,32.0,2.0,2.0,16.0,8.0,12.5,7.976408182957742,12.46313778587147,46.05687186704607,0.0,98.52253489445071,34078720.0,4194304.0,38273024.0,545259520.0,67108864.0,612368384.0,16.0,16.0,545498492.0,250621720.0,796120212.0,17299680.0,0.0,0.0,0.0,30697484.0,30647543.964285713,2483027968.0,1.4444112632392878,1343.3159239530792,33007712.0,144965632.0,199054912.0
test,l1config-55_l2config-55,31,32.0,2.0,2.0,16.0,8.0,12.5,7.97641705266068,12.463151644782313,46.05411712607548,0.0,98.5399678068409,34078720.0,4194304.0,38273024.0,545259520.0,67108864.0,612368384.0,16.0,16.0,545497728.0,250634892.0,796132620.0,17407400.0,0.0,0.0,0.0,30700160.0,30650576.375,2483027968.0,1.4442855248031716,1343.6064007748573,33000576.0,144965632.0,199047350.0
test,l1config-55_l2config-55,32,32.0,2.0,2.0,16.0,8.0,12.5,7.976442804127935,12.4631918814499,46.05763051801713,0.0,98.52881755810728,34078720.0,4194304.0,38273024.0,545259520.0,67108864.0,612368384.0,16.0,16.0,545498036.0,250661260.0,796159296.0,17172972.0,0.0,0.0,0.0,30704432.0,30644400.410714287,2483027968.0,1.4440843535594892,1342.848559106736,33019200.0,144965632.0,199027371.0
test,l1config-55_l2config-55,33,32.0,2.0,2.0,16.0,8.0,12.5,7.9763939643962445,12.463115569369132,46.05451199262613,0.0,98.53521634272417,34078720.0,4194304.0,38273024.0,545259520.0,67108864.0,612368384.0,16.0,16.0,545500100.0,250618300.0,796118400.0,17430632.0,0.0,0.0,0.0,30698167.0,30645897.30357143,2483027968.0,1.4443791031683928,1343.480034434255,33003680.0,144965632.0,199022522.0
test,l1config-55_l2config-55,34,32.0,2.0,2.0,16.0,8.0,12.5,7.976423465637236,12.46316166505818,46.05620515293898,0.0,98.4939313843729,34078720.0,4194304.0,38273024.0,545259520.0,67108864.0,612368384.0,16.0,16.0,545496728.0,250602312.0,796099040.0,17444732.0,0.0,0.0,0.0,30712894.0,30653119.339285713,2483027968.0,1.4436866446952863,1342.908426129658,33017728.0,144965632.0,199029336.0
test,l1config-55_l2config-55,35,32.0,2.0,2.0,16.0,8.0,12.5,7.976400024609078,12.463125038451684,46.05698808440956,0.0,98.52765765923866,34078720.0,4194304.0,38273024.0,545259520.0,67108864.0,612368384.0,16.0,16.0,545499620.0,250651056.0,796150676.0,17415532.0,0.0,0.0,0.0,30705877.0,30651870.64285714,2483027968.0,1.4440165251413042,1343.1909143041603,33010784.0,144965632.0,199037934.0
test,l1config-55_l2config-55,36,32.0,2.0,2.0,16.0,8.0,12.5,7.976405840636329,12.463134125994264,46.05626378955814,0.0,98.51631124660199,34078720.0,4194304.0,38273024.0,545259520.0,67108864.0,612368384.0,16.0,16.0,545500824.0,250673528.0,796174352.0,17408408.0,0.0,0.0,0.0,30692578.0,30647351.69642857,2483027968.0,1.4446419425575012,1342.9162352653188,33017536.0,144965632.0,199030519.0
test,l1config-55_l2config-55,37,32.0,2.0,2.0,16.0,8.0,12.5,7.976406103298558,12.463134536403997,46.057268182284325,0.0,98.53768278470378,34078720.0,4194304.0,38273024.0,545259520.0,67108864.0,612368384.0,16.0,16.0,545501584.0,250592108.0,796093692.0,17397384.0,0.0,0.0,0.0,30692668.0,30653585.75,2483027968.0,1.4446381182828487,1342.9852199082968,33015840.0,144965632.0,199032482.0
test,l1config-55_l2config-55,38,32.0,2.0,2.0,16.0,8.0,12.5,7.976351802376482,12.463049691213254,46.05504357183758,0.0,98.54577369458337,34078720.0,4194304.0,38273024.0,545259520.0,67108864.0,612368384.0,16.0,16.0,545499792.0,250637500.0,796137292.0,17426944.0,0.0,0.0,0.0,30699176.0,30646080.64285714,2483027968.0,1.4443314656075092,1343.1010779894516,33012992.0,144965632.0,199036934.0
test,l1config-55_l2config-55,39,32.0,2.0,2.0,16.0,8.0,12.5,7.976422583300175,12.463160286406524,46.05730955243867,0.0,98.54038794311627,34078720.0,4194304.0,38273024.0,545259520.0,67108864.0,612368384.0,16.0,16.0,545502328.0,250671300.0,796173628.0,17413220.0,0.0,0.0,0.0,30697212.0,30640450.89285714,2483027968.0,1.444424297062807,1343.6689413648742,32999040.0,144965632.0,199031533.0
test,l1config-55_l2config-55,40,32.0,2.0,2.0,16.0,8.0,12.5,7.976444630142715,12.463194734597991,46.05734397347246,0.0,98.53419898103701,34078720.0,4194304.0,38273024.0,545259520.0,67108864.0,612368384.0,16.0,16.0,545498416.0,250619996.0,796118412.0,17409072.0,0.0,0.0,0.0,30693686.0,30647685.67857143,2483027968.0,1.4445901224159108,1343.2898783573664,33008352.0,144965632.0,199049017.0
test,l1config-55_l2config-55,41,32.0,2.0,2.0,16.0,8.0,12.5,7.976407280889747,12.46313637639023,46.05693248719222,0.0,98.54088571682745,34078720.0,4194304.0,38273024.0,545259520.0,67108864.0,612368384.0,16.0,16.0,545496632.0,250631484.0,796128116.0,17411172.0,0.0,0.0,0.0,30702301.0,30653232.625,2483027968.0,1.444184479431741,1343.0789462497185,33013536.0,144965632.0,199029767.0
test,l1config-55_l2config-55,42,32.0,2.0,2.0,16.0,8.0,12.5,7.976417699740904,12.463152655845162,46.05419618766319,0.0,98.54952201138111,34078720.0,4194304.0,38273024.0,545259520.0,67108864.0,612368384.0,16.0,16.0,545498240.0,250657616.0,796155856.0,17356940.0,0.0,0.0,0.0,30701515.0,30646893.73214286,2483027968.0,1.4442214524943995,1342.8589703794626,33018944.0,144965632.0,199030212.0
test,l1config-55_l2config-55,43,32.0,2.0,2.0,16.0,8.0,12.5,7.976421729162065,12.463158951815727,46.05643137806398,0.0,98.52862304334752,34078720.0,4194304.0,38273024.0,545259520.0,67108864.0,612368384.0,16.0,16.0,545496768.0,250611672.0,796108440.0,17440256.0,0.0,0.0,0.0,30700461.0,30647524.910714287,2483027968.0,1.4442711644907875,1343.5282332238487,33002496.0,144965632.0,199027976.0
test,l1config-55_l2config-55,44,32.0,2.0,2.0,16.0,8.0,12.5,7.9763922630959065,12.463112911087354,46.05553214262835,0.0,98.52005796536004,34078720.0,4194304.0,38273024.0,545259520.0,67108864.0,612368384.0,16.0,16.0,545499276.0,250676808.0,796176084.0,17426932.0,0.0,0.0,0.0,30701386.0,30650815.69642857,2483027968.0,1.4442275207733182,1343.5073900796297,33003008.0,144965632.0,199031602.0
test,l1config-55_l2config-55,45,32.0,2.0,2.0,16.0,8.0,12.5,7.976413340211857,12.463145844081026,46.05642277492408,0.0,98.52350511801477,34078720.0,4194304.0,38273024.0,545259520.0,67108864.0,612368384.0,16.0,16.0,545498364.0,250610580.0,796108944.0,17447552.0,0.0,0.0,0.0,30703990.0,30647772.0,2483027968.0,1.444105047845197,1343.2456031625238,33009440.0,144965632.0,199034887.0
test,l1config-55_l2config-55,46,32.0,2.0,2.0,16.0,8.0,12.5,7.976417128315178,12.463151762992466,46.055805035944836,0.0,98.52238892901508,34078720.0,4194304.0,38273024.0,545259520.0,67108864.0,612368384.0,16.0,16.0,545495260.0,250642592.0,796137852.0,17410712.0,0.0,0.0,0.0,30710674.0,30648736.25,2483027968.0,1.443790864279725,1343.4344441674282,33004800.0,144965632.0,199042953.0
test,l1config-55_l2config-55,47,32.0,2.0,2.0,16.0,8.0,12.5,7.9764323423436565,12.463175534911963,46.055474804132345,0.0,98.53724114279261,34078720.0,4194304.0,38273024.0,545259520.0,67108864.0,612368384.0,16.0,16.0,545499632.0,250662488.0,796162120.0,17406568.0,0.0,0.0,0.0,30695714.0,30640518.48214286,2483027968.0,1.444494469658433,1343.3471800011882,33006944.0,144965632.0,199039945.0
test,l1config-55_l2config-55,48,32.0,2.0,2.0,16.0,8.0,12.5,7.976439226892721,12.463186292019875,46.05631724564452,0.0,98.49765153947843,34078720.0,4194304.0,38273024.0,545259520.0,67108864.0,612368384.0,16.0,16.0,545497652.0,250642028.0,796139680.0,17403772.0,0.0,0.0,0.0,30700208.0,30643678.23214286,2483027968.0,1.44428310199498,1343.0945685785211,33013152.0,144965632.0,199037777.0
test,l1config-55_l2config-55,49,32.0,2.0,2.0,16.0,8.0,12.5,7.976453396535982,12.463208432087471,46.05650492328005,0.0,98.53012366965476,34078720.0,4194304.0,38273024.0,545259520.0,67108864.0,612368384.0,16.0,16.0,545495868.0,250623116.0,796118984.0,17405132.0,0.0,0.0,0.0,30711167.0,30651322.464285713,2483027968.0,1.4437678754460284,1343.3797399313637,33006144.0,144965632.0,199024705.0
test,l1config-30,0,32.0,2.0,1.0,16.0,4.0,6.25,3.998321998801831,6.24737812312786,46.37986475506794,0.0,98.60882694290021,34078720.0,4194304.0,38273024.0,545259520.0,67108864.0,612368384.0,16.0,16.0,545262644.0,276339448.0,821602092.0,17077008.0,0.0,0.0,0.0,40121462.0,39960426.08928572,2483027968.0,1.105139149827764,1029.3247342327566,43076576.0,144965632.0,205402559.0
test,l1config-30,1,32.0,2.0,1.0,16.0,4.0,6.25,3.998289551692743,6.247327424519911,46.38197203678119,0.0,98.58452484676788,34078720.0,4194304.0,38273024.0,545259520.0,67108864.0,612368384.0,16.0,16.0,545263264.0,276351184.0,821614448.0,17084600.0,0.0,0.0,0.0,40112052.0,40030775.053571425,2483027968.0,1.1053983594055554,1028.7462214821337,43100800.0,144965632.0,205403637.0
test,l1config-30,2,32.0,2.0,1.0,16.0,4.0,6.25,3.9983176025264533,6.247371253947583,46.38147040572158,0.0,98.60032866126403,34078720.0,4194304.0,38273024.0,545259520.0,67108864.0,612368384.0,16.0,16.0,545263696.0,276340316.0,821604012.0,17082524.0,0.0,0.0,0.0,40063667.0,39997342.85714286,2483027968.0,1.1067334007058802,1028.7072697628091,43102432.0,144965632.0,205402681.0
test,l1config-30,3,32.0,2.0,1.0,16.0,4.0,6.25,3.9983169490526436,6.247370232894756,46.381123935407395,0.0,98.60395659576447,34078720.0,4194304.0,38273024.0,545259520.0,67108864.0,612368384.0,16.0,16.0,545262468.0,276331044.0,821593512.0,17090720.0,0.0,0.0,0.0,40062468.0,39971288.08928572,2483027968.0,1.1067667167041422,1029.4149705349348,43072800.0,144965632.0,205403520.0
test,l1config-30,4,32.0,2.0,1.0,16.0,4.0,6.25,3.9983279732246304,6.247387458163485,46.38106081903256,0.0,98.59739580424979,34078720.0,4194304.0,38273024.0,545259520.0,67108864.0,612368384.0,16.0,16.0,545263388.0,276345840.0,821609228.0,17076448.0,0.0,0.0,0.0,40050856.0,39978533.571428575,2483027968.0,1.107087451227952,1028.414080918469,43114720.0,144965632.0,205404522.0
test,l1config-30,5,32.0,2.0,1.0,16.0,4.0,6.25,3.9983290005123404,6.247389063300532,46.38124561131439,0.0,98.59786747261565,34078720.0,4194304.0,38273024.0,545259520.0,67108864.0,612368384.0,16.0,16.0,545262440.0,276337216.0,821599656.0,17080628.0,0.0,0.0,0.0,40072407.0,39979088.08928572,2483027968.0,1.1064919956241235,1028.864622266491,43095840.0,144965632.0,205399009.0
test,l1config-30,6,32.0,2.0,1.0,16.0,4.0,6.25,3.9983388016560384,6.24740437758756,46.3811680766247,0.0,98.59616929123706,34078720.0,4194304.0,38273024.0,545259520.0,67108864.0,612368384.0,16.0,16.0,545263628.0,276330836.0,821594464.0,17071436.0,0.0,0.0,0.0,40088718.0,39944851.66071428,2483027968.0,1.1060418287354563,1028.1424196750486,43126112.0,144965632.0,205401565.0
test,l1config-30,7,32.0,2.0,1.0,16.0,4.0,6.25,3.9983513507122384,6.247423985487872,46.38134908049912,0.0,98.59589410939819,34078720.0,4194304.0,38273024.0,545259520.0,67108864.0,612368384.0,16.0,16.0,545263220.0,276346644.0,821609864.0,17076040.0,0.0,0.0,0.0,40078339.0,39951925.96428572,2483027968.0,1.1063282235586074,1029.1076201786545,43085664.0,144965632.0,205403386.0
test,l1config-30,8,32.0,2.0,1.0,16.0,4.0,6.25,3.998340857331518,6.247407589580497,46.38130410496383,0.0,98.59591475176579,34078720.0,4194304.0,38273024.0,545259520.0,67108864.0,612368384.0,16.0,16.0,545262252.0,276359964.0,821622216.0,17071480.0,0.0,0.0,0.0,40111009.0,39950667.53571428,2483027968.0,1.1054271924728756,1027.2894519719498,43161920.0,144965632.0,205405801.0
test,l1config-30,9,32.0,2.0,1.0,16.0,4.0,6.25,3.9983478256480796,6.247418477575124,46.38080347686158,0.0,98.59848320903335,34078720.0,4194304.0,38273024.0,545259520.0,67108864.0,612368384.0,16.0,16.0,545263116.0,276331724.0,821594840.0,17077124.0,0.0,0.0,0.0,40075260.0,39941672.66071428,2483027968.0,1.1064132715852542,1028.6759577742746,43103744.0,144965632.0,205403125.0
test,l1config-85_l2config-10,0,32.0,2.0,3.0,16.0,8.0,12.5,7.977440460729798,12.46475071989031,30.246087287753877,0.0,98.62050404435006,34078720.0,4194304.0,38273024.0,545259520.0,67108864.0,612368384.0,16.0,16.0,603074644.0,251801968.0,854876612.0,17152472.0,0.0,0.0,0.0,31368855.0,31314561.125,2483027968.0,1.4134976720803765,1314.185720857098,33739360.0,144965632.0,213768044.0
test,l1config-85_l2config-10,1,32.0,2.0,3.0,16.0,8.0,12.5,7.977468792313808,12.464794987990325,30.237170266505952,0.0,98.63533008621852,34078720.0,4194304.0,38273024.0,545259520.0,67108864.0,612368384.0,16.0,16.0,603091808.0,251816044.0,854907852.0,17139600.0,0.0,0.0,0.0,31366119.0,31315422.39285714,2483027968.0,1.413620991068118,1314.4288207807977,33733120.0,144965632.0,213730661.0
test,l1config-85_l2config-10,2,32.0,2.0,3.0,16.0,8.0,12.5,7.977415596835627,12.464711870055666,30.244828813646045,0.0,98.62990247798483,34078720.0,4194304.0,38273024.0,545259520.0,67108864.0,612368384.0,16.0,16.0,603196888.0,251865040.0,855061928.0,17133016.0,0.0,0.0,0.0,31377782.0,31312820.26785714,2483027968.0,1.4130959361935695,1314.6969582988538,33726240.0,144965632.0,213740310.0
test,l1config-85_l2config-10,3,32.0,2.0,3.0,16.0,8.0,12.5,7.97754519544562,12.46491436788378,30.24568752002007,0.0,98.63150230641678,34078720.0,4194304.0,38273024.0,545259520.0,67108864.0,612368384.0,16.0,16.0,603152352.0,251828976.0,854981328.0,17134516.0,0.0,0.0,0.0,31374959.0,31312323.625,2483027968.0,1.4132227434810967,1314.2455524949428,33737824.0,144965632.0,213746669.0
test,l1config-85_l2config-10,4,32.0,2.0,3.0,16.0,8.0,12.5,7.977408943631337,12.464701474423965,30.236219397633462,0.0,98.64886310630705,34078720.0,4194304.0,38273024.0,545259520.0,67108864.0,612368384.0,16.0,16.0,603102948.0,251865664.0,854968612.0,17137240.0,0.0,0.0,0.0,31365995.0,31315697.10714286,2483027968.0,1.4136265119718117,1314.504885892393,33731168.0,144965632.0,213741224.0
test,l1config-85_l2config-10,5,32.0,2.0,3.0,16.0,8.0,12.5,7.977426762476186,12.46472931636904,30.25232492332377,0.0,98.63256995829718,34078720.0,4194304.0,38273024.0,545259520.0,67108864.0,612368384.0,16.0,16.0,603116620.0,251766256.0,854882876.0,17132416.0,0.0,0.0,0.0,31362842.0,31313498.339285713,2483027968.0,1.4137682449519722,1314.690721300143,33726400.0,144965632.0,213746316.0
test,l1config-85_l2config-10,6,32.0,2.0,3.0,16.0,8.0,12.5,7.97740260438556,12.464691569352437,30.23671340251994,0.0,98.61326319429766,34078720.0,4194304.0,38273024.0,545259520.0,67108864.0,612368384.0,16.0,16.0,603187156.0,251774144.0,854961300.0,17132172.0,0.0,0.0,0.0,31361564.0,31316616.14285714,2483027968.0,1.413826442807299,1314.3490242247242,33735168.0,144965632.0,213754063.0
test,l1config-85_l2config-10,7,32.0,2.0,3.0,16.0,8.0,12.5,7.977396984407024,12.464682788135976,30.248377944837323,0.0,98.6228705299115,34078720.0,4194304.0,38273024.0,545259520.0,67108864.0,612368384.0,16.0,16.0,603178304.0,251844620.0,855022924.0,17133484.0,0.0,0.0,0.0,31371330.0,31321113.07142857,2483027968.0,1.4133861447229201,1314.8965735081495,33721120.0,144965632.0,213731075.0
test,l1config-85_l2config-10,8,32.0,2.0,3.0,16.0,8.0,12.5,7.977422345439358,12.464722414748996,30.236934809652933,0.0,98.64293873692611,34078720.0,4194304.0,38273024.0,545259520.0,67108864.0,612368384.0,16.0,16.0,603140188.0,251860008.0,855000196.0,17133420.0,0.0,0.0,0.0,31367369.0,31320808.410714287,2483027968.0,1.4135648380405066,1314.5747239100167,33729376.0,144965632.0,213752949.0
test,l1config-85_l2config-10,9,32.0,2.0,3.0,16.0,8.0,12.5,7.977388736601573,12.464669900939958,30.241691106497132,0.0,98.59335942484306,34078720.0,4194304.0,38273024.0,545259520.0,67108864.0,612368384.0,16.0,16.0,603155404.0,251808476.0,854963880.0,17135820.0,0.0,0.0,0.0,31371727.0,31320515.625,2483027968.0,1.4133686078842138,1314.5173564227362,33730848.0,144965632.0,213746975.0
test,l1config-85_l2config-10,10,32.0,2.0,3.0,16.0,8.0,12.5,7.977432910147626,12.464738922105665,30.232178982367326,0.0,98.62236502113454,34078720.0,4194304.0,38273024.0,545259520.0,67108864.0,612368384.0,16.0,16.0,603170416.0,251854684.0,855025100.0,17135080.0,0.0,0.0,0.0,31377227.0,31320048.875,2483027968.0,1.4131212012537238,1314.5722295673195,33729440.0,144965632.0,213737131.0
test,l1config-85_l2config-10,11,32.0,2.0,3.0,16.0,8.0,12.5,7.977377446958154,12.464652260872116,30.230189706825122,0.0,98.63179190042575,34078720.0,4194304.0,38273024.0,545259520.0,67108864.0,612368384.0,16.0,16.0,603157116.0,251804420.0,854961536.0,17137456.0,0.0,0.0,0.0,31376683.0,31318028.01785714,2483027968.0,1.4131450372567707,1314.4799455415239,33731808.0,144965632.0,213765558.0
test,l1config-85_l2config-10,12,32.0,2.0,3.0,16.0,8.0,12.5,7.977415730949262,12.464712079608221,30.23334120453204,0.0,98.62751577880012,34078720.0,4194304.0,38273024.0,545259520.0,67108864.0,612368384.0,16.0,16.0,603099520.0,251880104.0,854979624.0,17129432.0,0.0,0.0,0.0,31370369.0,31316363.48214286,2483027968.0,1.4134296564339466,1314.4163519302253,33733440.0,144965632.0,213760715.0
test,l1config-85_l2config-10,13,32.0,2.0,3.0,16.0,8.0,12.5,7.977414347370179,12.464709917765905,30.253295172017186,0.0,98.63231439889763,34078720.0,4194304.0,38273024.0,545259520.0,67108864.0,612368384.0,16.0,16.0,603158456.0,251811600.0,854970056.0,17133684.0,0.0,0.0,0.0,31365276.0,31315033.30357143,2483027968.0,1.413658624205302,1314.426326991758,33733184.0,144965632.0,213758212.0
test,l1config-85_l2config-10,14,32.0,2.0,3.0,16.0,8.0,12.5,7.977416724009591,12.464713631264985,30.23995910077824,0.0,98.61106838834861,34078720.0,4194304.0,38273024.0,545259520.0,67108864.0,612368384.0,16.0,16.0,603157312.0,251822180.0,854979492.0,17134492.0,0.0,0.0,0.0,31370210.0,31323508.10714286,2483027968.0,1.4134366289193625,1314.8167201508807,33723168.0,144965632.0,213737940.0
test,l1config-85_l2config-10,15,32.0,2.0,3.0,16.0,8.0,12.5,7.977432679309413,12.464738561420956,30.241454438378295,0.0,98.60034955675027,34078720.0,4194304.0,38273024.0,545259520.0,67108864.0,612368384.0,16.0,16.0,603065188.0,251758112.0,854823300.0,17135580.0,0.0,0.0,0.0,31364130.0,31314582.0,2483027968.0,1.4137104124806155,1314.320349703898,33735904.0,144965632.0,213741448.0
test,l1config-85_l2config-10,16,32.0,2.0,3.0,16.0,8.0,12.5,7.9774189778531,12.464717152895469,30.24492951418053,0.0,98.61529701065703,34078720.0,4194304.0,38273024.0,545259520.0,67108864.0,612368384.0,16.0,16.0,603137468.0,251802820.0,854940288.0,17138088.0,0.0,0.0,0.0,31366152.0,31316056.76785714,2483027968.0,1.4136190869297025,1314.7718068995055,33724320.0,144965632.0,213722746.0
test,l1config-85_l2config-10,17,32.0,2.0,3.0,16.0,8.0,12.5,7.977420315379331,12.464719242780205,30.25109961165872,0.0,98.59863646964267,34078720.0,4194304.0,38273024.0,545259520.0,67108864.0,612368384.0,16.0,16.0,603175972.0,251815396.0,854991368.0,17135316.0,0.0,0.0,0.0,31373530.0,31313551.05357143,2483027968.0,1.4132869552458283,1314.2555249642517,33737568.0,144965632.0,213776217.0
test,l1config-85_l2config-10,18,32.0,2.0,3.0,16.0,8.0,12.5,7.97742592111452,12.464728001741438,30.23555754324757,0.0,98.6164235443694,34078720.0,4194304.0,38273024.0,545259520.0,67108864.0,612368384.0,16.0,16.0,603164792.0,251762396.0,854927188.0,17142220.0,0.0,0.0,0.0,31377171.0,31315921.01785714,2483027968.0,1.4131233067161837,1314.841673283128,33722528.0,144965632.0,213763014.0
test,l1config-85_l2config-10,19,32.0,2.0,3.0,16.0,8.0,12.5,7.977493399558848,12.4648334368107,30.23658598344468,0.0,98.6311676426492,34078720.0,4194304.0,38273024.0,545259520.0,67108864.0,612368384.0,16.0,16.0,603113504.0,251833060.0,854946564.0,17133672.0,0.0,0.0,0.0,31369649.0,31322987.5,2483027968.0,1.413462041338598,1314.7817873568601,33724064.0,144965632.0,213738204.0
test,l1config-85_l2config-10,20,32.0,2.0,3.0,16.0,8.0,12.5,7.977402511800241,12.464691424687876,30.25198159111289,0.0,98.63417794475569,34078720.0,4194304.0,38273024.0,545259520.0,67108864.0,612368384.0,16.0,16.0,603191736.0,251855744.0,855047480.0,17129996.0,0.0,0.0,0.0,31374303.0,31310150.214285713,2483027968.0,1.4132527765633471,1314.3801936012892,33734368.0,144965632.0,213751197.0
test,l1config-85_l2config-10,21,32.0,2.0,3.0,16.0,8.0,12.5,7.977378803113597,12.464654379864996,30.247530060805765,0.0,98.64094911231233,34078720.0,4194304.0,38273024.0,545259520.0,67108864.0,612368384.0,16.0,16.0,603130908.0,251893012.0,855023920.0,17138928.0,0.0,0.0,0.0,31373144.0,31322273.75,2483027968.0,1.4133046477271975,1314.839177927282,33722592.0,144965632.0,213737854.0
test,l1config-85_l2config-10,22,32.0,2.0,3.0,16.0,8.0,12.5,7.977385239826994,12.464664437229677,30.251897042014953,0.0,98.63983625160738,34078720.0,4194304.0,38273024.0,545259520.0,67108864.0,612368384.0,16.0,16.0,603126580.0,251795964.0,854922544.0,17129144.0,0.0,0.0,0.0,31369708.0,31311588.80357143,2483027968.0,1.4134592927881913,1314.719411984213,33725664.0,144965632.0,213734556.0
test,l1config-85_l2config-10,23,32.0,2.0,3.0,16.0,8.0,12.5,7.97746966347139,12.464796349174048,30.259948325694815,0.0,98.62520169795921,34078720.0,4194304.0,38273024.0,545259520.0,67108864.0,612368384.0,16.0,16.0,603121792.0,251804768.0,854926560.0,17127916.0,0.0,0.0,0.0,31364784.0,31315136.839285713,2483027968.0,1.4136809909561885,1314.7817873568601,33724064.0,144965632.0,213751472.0
test,l1config-85_l2config-10,24,32.0,2.0,3.0,16.0,8.0,12.5,7.9774071100402235,12.46469860943785,30.228666191841526,0.0,98.63038464854776,34078720.0,4194304.0,38273024.0,545259520.0,67108864.0,612368384.0,16.0,16.0,603048044.0,251838416.0,854886460.0,17136524.0,0.0,0.0,0.0,31372089.0,31319726.875,2483027968.0,1.4133521076594195,1314.350270971403,33735136.0,144965632.0,213759304.0
test,l1config-85_l2config-10,25,32.0,2.0,3.0,16.0,8.0,12.5,7.977473037868652,12.46480162166977,30.244434704891205,0.0,98.67064595473899,34078720.0,4194304.0,38273024.0,545259520.0,67108864.0,612368384.0,16.0,16.0,603153264.0,251820440.0,854973704.0,17133028.0,0.0,0.0,0.0,31366144.0,31312271.625,2483027968.0,1.4136196728178994,1314.240566317041,33737952.0,144965632.0,213758786.0
test,l1config-85_l2config-10,26,32.0,2.0,3.0,16.0,8.0,12.5,7.9774057427848755,12.464696473101368,30.223112594849955,0.0,98.62206951567954,34078720.0,4194304.0,38273024.0,545259520.0,67108864.0,612368384.0,16.0,16.0,603138120.0,251774324.0,854912444.0,17134924.0,0.0,0.0,0.0,31370837.0,31320958.19642857,2483027968.0,1.4134082888416521,1314.4363022046925,33732928.0,144965632.0,213730743.0
test,l1config-85_l2config-10,27,32.0,2.0,3.0,16.0,8.0,12.5,7.977408196751321,12.46470030742394,30.2281729053503,0.0,98.63699134137563,34078720.0,4194304.0,38273024.0,545259520.0,67108864.0,612368384.0,16.0,16.0,603151524.0,251852240.0,855003764.0,17137576.0,0.0,0.0,0.0,31369668.0,31313419.26785714,2483027968.0,1.4134609824695525,1314.4250801007865,33733216.0,144965632.0,213726967.0
test,l1config-85_l2config-10,28,32.0,2.0,3.0,16.0,8.0,12.5,7.9774511079029935,12.464767356098427,30.23328177904134,0.0,98.65173139969735,34078720.0,4194304.0,38273024.0,545259520.0,67108864.0,612368384.0,16.0,16.0,603192956.0,251839664.0,855032620.0,17129136.0,0.0,0.0,0.0,31368523.0,31308647.82142857,2483027968.0,1.4135131730839374,1314.3004029490608,33736416.0,144965632.0,213760383.0
test,l1config-85_l2config-10,29,32.0,2.0,3.0,16.0,8.0,12.5,7.977427324650284,12.46473019476607,30.2343604501294,0.0,98.62261081262459,34078720.0,4194304.0,38273024.0,545259520.0,67108864.0,612368384.0,16.0,16.0,603193992.0,251841148.0,855035140.0,17130036.0,0.0,0.0,0.0,31372995.0,31321404.39285714,2483027968.0,1.4133111910167906,1314.6034095313994,33728640.0,144965632.0,213771793.0
test,l1config-85_l2config-10,30,32.0,2.0,3.0,16.0,8.0,12.5,7.977439158260278,12.464748684781684,30.24532026506213,0.0,98.62223963611493,34078720.0,4194304.0,38273024.0,545259520.0,67108864.0,612368384.0,16.0,16.0,603141320.0,251867316.0,855008636.0,17132884.0,0.0,0.0,0.0,31364056.0,31315313.035714287,2483027968.0,1.4137141085687366,1314.8142248897477,33723232.0,144965632.0,213758657.0
test,l1config-85_l2config-10,31,32.0,2.0,3.0,16.0,8.0,12.5,7.97740151103514,12.464689860992406,30.236678387340564,0.0,98.63669531973656,34078720.0,4194304.0,38273024.0,545259520.0,67108864.0,612368384.0,16.0,16.0,603092240.0,251830480.0,854922720.0,17135512.0,0.0,0.0,0.0,31361761.0,31319589.285714287,2483027968.0,1.413817156073787,1314.5048858923928,33731168.0,144965632.0,213741545.0
test,l1config-85_l2config-10,32,32.0,2.0,3.0,16.0,8.0,12.5,7.977443733267698,12.464755833230779,30.234001457949766,0.0,98.62856205100324,34078720.0,4194304.0,38273024.0,545259520.0,67108864.0,612368384.0,16.0,16.0,603164540.0,251826148.0,854990688.0,17134068.0,0.0,0.0,0.0,31363955.0,31314777.07142857,2483027968.0,1.4137186047507677,1314.7830349246833,33724032.0,144965632.0,213730357.0
test,l1config-85_l2config-10,33,32.0,2.0,3.0,16.0,8.0,12.5,7.977470301044246,12.464797345381633,30.2397858602379,0.0,98.62586775755065,34078720.0,4194304.0,38273024.0,545259520.0,67108864.0,612368384.0,16.0,16.0,603147068.0,251845208.0,854992276.0,17131944.0,0.0,0.0,0.0,31365200.0,31311744.55357143,2483027968.0,1.413662466503594,1314.5335684659224,33730432.0,144965632.0,213745000.0
test,l1config-85_l2config-10,34,32.0,2.0,3.0,16.0,8.0,12.5,7.977435889347914,12.464743577106116,30.2462042341908,0.0,98.62669634743656,34078720.0,4194304.0,38273024.0,545259520.0,67108864.0,612368384.0,16.0,16.0,603174084.0,251858232.0,855032316.0,17132568.0,0.0,0.0,0.0,31363871.0,31313129.92857143,2483027968.0,1.4137222670755623,1314.841673283128,33722528.0,144965632.0,213717033.0
test,l1config-85_l2config-10,35,32.0,2.0,3.0,16.0,8.0,12.5,7.977446223798871,12.464759724685734,30.247677167677544,0.0,98.62100221601962,34078720.0,4194304.0,38273024.0,545259520.0,67108864.0,612368384.0,16.0,16.0,603134048.0,251830428.0,854964476.0,17138860.0,0.0,0.0,0.0,31366009.0,31312429.875,2483027968.0,1.413625779604555,1314.5659937519904,33729600.0,144965632.0,213750191.0
test,l1config-85_l2config-10,36,32.0,2.0,3.0,16.0,8.0,12.5,7.977426235732413,12.464728493331895,30.241094475355872,0.0,98.63831533275507,34078720.0,4194304.0,38273024.0,545259520.0,67108864.0,612368384.0,16.0,16.0,603178340.0,251866920.0,855045260.0,17133864.0,0.0,0.0,0.0,31364139.0,31310293.23214286,2483027968.0,1.4137099842765337,1314.400142778138,33733856.0,144965632.0,213713448.0
test,l1config-85_l2config-10,37,32.0,2.0,3.0,16.0,8.0,12.5,7.977448735698692,12.464763649529207,30.24816116495197,0.0,98.63225306596985,34078720.0,4194304.0,38273024.0,545259520.0,67108864.0,612368384.0,16.0,16.0,603153740.0,251856884.0,855010624.0,17128908.0,0.0,0.0,0.0,31369786.0,31311155.48214286,2483027968.0,1.4134558683796887,1314.4799455415239,33731808.0,144965632.0,213726339.0
test,l1config-85_l2config-10,38,32.0,2.0,3.0,16.0,8.0,12.5,7.977395893625118,12.464681083789248,30.24605956086856,0.0,98.62141327427253,34078720.0,4194304.0,38273024.0,545259520.0,67108864.0,612368384.0,16.0,16.0,603136848.0,251826236.0,854963084.0,17134812.0,0.0,0.0,0.0,31359454.0,31316362.660714287,2483027968.0,1.4139217064917782,1314.5111211279882,33731008.0,144965632.0,213734331.0
test,l1config-85_l2config-10,39,32.0,2.0,3.0,16.0,8.0,12.5,7.97743576187035,12.46474337792242,30.2438037753975,0.0,98.61539930626859,34078720.0,4194304.0,38273024.0,545259520.0,67108864.0,612368384.0,16.0,16.0,603087888.0,251751500.0,854839388.0,17130020.0,0.0,0.0,0.0,31363633.0,31318804.57142857,2483027968.0,1.4137326343747867,1314.8067391631746,33723424.0,144965632.0,213763882.0
test,l1config-85_l2config-10,40,32.0,2.0,3.0,16.0,8.0,12.5,7.977387966685579,12.464668697946218,30.24320103133984,0.0,98.63002992672492,34078720.0,4194304.0,38273024.0,545259520.0,67108864.0,612368384.0,16.0,16.0,603128560.0,251829284.0,854957844.0,17136020.0,0.0,0.0,0.0,31367084.0,31325929.625,2483027968.0,1.4135777830358205,1314.7705593529904,33724352.0,144965632.0,213749583.0
test,l1config-85_l2config-10,41,32.0,2.0,3.0,16.0,8.0,12.5,7.9774410382076395,12.464751622199437,30.233985456673114,0.0,98.61219630606632,34078720.0,4194304.0,38273024.0,545259520.0,67108864.0,612368384.0,16.0,16.0,603191504.0,251825272.0,855016776.0,17131748.0,0.0,0.0,0.0,31363042.0,31314856.125,2483027968.0,1.4137594435633045,1314.7830349246833,33724032.0,144965632.0,213732684.0
test,l1config-85_l2config-10,42,32.0,2.0,3.0,16.0,8.0,12.5,7.977422481334873,12.46472262708574,30.235198920694838,0.0,98.61232306768245,34078720.0,4194304.0,38273024.0,545259520.0,67108864.0,612368384.0,16.0,16.0,603132576.0,251813128.0,854945704.0,17135832.0,0.0,0.0,0.0,31370692.0,31313413.535714287,2483027968.0,1.413414934465344,1314.469969666165,33732064.0,144965632.0,213739354.0
test,l1config-85_l2config-10,43,32.0,2.0,3.0,16.0,8.0,12.5,7.977477692756464,12.464808894931975,30.242607226464607,0.0,98.62673558757395,34078720.0,4194304.0,38273024.0,545259520.0,67108864.0,612368384.0,16.0,16.0,603118864.0,251863732.0,854982596.0,17129716.0,0.0,0.0,0.0,31370787.0,31315056.39285714,2483027968.0,1.4134104740059363,1314.605903992423,33728576.0,144965632.0,213721103.0
test,l1config-85_l2config-10,44,32.0,2.0,3.0,16.0,8.0,12.5,7.977440186348186,12.464750291169041,30.250268061029423,0.0,98.61476185919133,34078720.0,4194304.0,38273024.0,545259520.0,67108864.0,612368384.0,16.0,16.0,603117912.0,251847136.0,854965048.0,17135940.0,0.0,0.0,0.0,31366910.0,31314590.285714287,2483027968.0,1.4135854555078722,1314.691968695151,33726368.0,144965632.0,213724574.0
test,l1config-85_l2config-10,45,32.0,2.0,3.0,16.0,8.0,12.5,7.977479454779368,12.464811648092763,30.246185401164784,0.0,98.60641369503823,34078720.0,4194304.0,38273024.0,545259520.0,67108864.0,612368384.0,16.0,16.0,603150780.0,251781912.0,854932692.0,17137996.0,0.0,0.0,0.0,31362536.0,31319653.75,2483027968.0,1.413782467145808,1314.5697352340887,33729504.0,144965632.0,213750318.0
test,l1config-85_l2config-10,46,32.0,2.0,3.0,16.0,8.0,12.5,7.977439307950762,12.464748918673067,30.23526926801755,0.0,98.61142496703991,34078720.0,4194304.0,38273024.0,545259520.0,67108864.0,612368384.0,16.0,16.0,603199968.0,251821984.0,855021952.0,17156376.0,0.0,0.0,0.0,31365418.0,31320129.01785714,2483027968.0,1.4136529453041393,1314.5959262051274,33728832.0,144965632.0,213751345.0
test,l1config-85_l2config-10,47,32.0,2.0,3.0,16.0,8.0,12.5,7.9774014927247405,12.464689832382406,30.243090123807242,0.0,98.62466794643969,34078720.0,4194304.0,38273024.0,545259520.0,67108864.0,612368384.0,16.0,16.0,603221728.0,251760940.0,854982668.0,17138428.0,0.0,0.0,0.0,31371784.0,31316885.160714287,2483027968.0,1.4133657132776651,1314.2941697123365,33736576.0,144965632.0,213753077.0
test,l1config-85_l2config-10,48,32.0,2.0,3.0,16.0,8.0,12.5,7.977450611492969,12.464766580457765,30.24094888724201,0.0,98.62619426653431,34078720.0,4194304.0,38273024.0,545259520.0,67108864.0,612368384.0,16.0,16.0,603099344.0,251945132.0,855044476.0,17134880.0,0.0,0.0,0.0,31369455.0,31317434.60714286,2483027968.0,1.4134711206425568,1314.7318865852678,33725344.0,144965632.0,213759356.0
test,l1config-85_l2config-10,49,32.0,2.0,3.0,16.0,8.0,12.5,7.977406024714413,12.46469691361627,30.244372302874112,0.0,98.61988560843616,34078720.0,4194304.0,38273024.0,545259520.0,67108864.0,612368384.0,16.0,16.0,603180916.0,251862420.0,855043336.0,17136408.0,0.0,0.0,0.0,31359899.0,31316671.73214286,2483027968.0,1.4139010904862943,1314.547286660961,33730080.0,144965632.0,213754667.0
test,l1config-25_l2config-25,0,32.0,2.0,1.0,16.0,4.0,6.25,3.9982386944305297,6.247247960047702,46.3798746831922,0.0,98.60209782322323,34078720.0,4194304.0,38273024.0,545259520.0,67108864.0,612368384.0,16.0,16.0,545263240.0,276351660.0,821614900.0,17425264.0,0.0,0.0,0.0,40272688.0,40083780.428571425,2483027968.0,1.1009889802575787,1024.2610395005652,43289536.0,144965632.0,205399047.0
test,l1config-25_l2config-25,1,32.0,2.0,1.0,16.0,4.0,6.25,3.99823139709459,6.2472365579602975,46.379376420890885,0.0,98.58665083749494,34078720.0,4194304.0,38273024.0,545259520.0,67108864.0,612368384.0,16.0,16.0,545262404.0,276352964.0,821615368.0,17395444.0,0.0,0.0,0.0,40270741.0,40086322.08928572,2483027968.0,1.1010424293339374,1024.861047742603,43264192.0,144965632.0,205406771.0
test,l1config-25_l2config-25,2,32.0,2.0,1.0,16.0,4.0,6.25,3.9982231694255344,6.247223702227397,46.379882384496355,0.0,98.57692234492177,34078720.0,4194304.0,38273024.0,545259520.0,67108864.0,612368384.0,16.0,16.0,545263128.0,276363272.0,821626400.0,17385376.0,0.0,0.0,0.0,40240422.0,40117499.678571425,2483027968.0,1.1018718005673236,1024.3867406022375,43284224.0,144965632.0,205401324.0
test,l1config-25_l2config-25,3,32.0,2.0,1.0,16.0,4.0,6.25,3.998210584263692,6.247204037912018,46.37933149973991,0.0,98.53782936484646,34078720.0,4194304.0,38273024.0,545259520.0,67108864.0,612368384.0,16.0,16.0,545263620.0,276351856.0,821615476.0,17422904.0,0.0,0.0,0.0,40246756.0,40128960.196428575,2483027968.0,1.1016984299828592,1023.3366462196169,43328640.0,144965632.0,205401764.0
test,l1config-25_l2config-25,4,32.0,2.0,1.0,16.0,4.0,6.25,3.9982400764957418,6.247250119524597,46.37999039169205,0.0,98.59021364272851,34078720.0,4194304.0,38273024.0,545259520.0,67108864.0,612368384.0,16.0,16.0,545262568.0,276360272.0,821622840.0,17201596.0,0.0,0.0,0.0,40282654.0,40080475.803571425,2483027968.0,1.1007166209538248,1023.6035049345857,43317344.0,144965632.0,205406633.0
test,l1config-25_l2config-25,5,32.0,2.0,1.0,16.0,4.0,6.25,3.9982198197766556,6.247218468401025,46.37950626044799,0.0,98.59878187038277,34078720.0,4194304.0,38273024.0,545259520.0,67108864.0,612368384.0,16.0,16.0,545263064.0,276352136.0,821615200.0,17421012.0,0.0,0.0,0.0,40292313.0,40118048.83928572,2483027968.0,1.1004529107361185,1025.0467987420006,43256352.0,144965632.0,205404173.0
test,l1config-25_l2config-25,6,32.0,2.0,1.0,16.0,4.0,6.25,3.9982336658351803,6.247240102867469,46.379668355700154,0.0,98.59219151675278,34078720.0,4194304.0,38273024.0,545259520.0,67108864.0,612368384.0,16.0,16.0,545262540.0,276348220.0,821610760.0,17398616.0,0.0,0.0,0.0,40231237.0,40090982.125,2483027968.0,1.102123480046249,1024.6412661978484,43273472.0,144965632.0,205399983.0
test,l1config-25_l2config-25,7,32.0,2.0,1.0,16.0,4.0,6.25,3.998234432894494,6.247241301397647,46.379626401763836,0.0,98.58854357974704,34078720.0,4194304.0,38273024.0,545259520.0,67108864.0,612368384.0,16.0,16.0,545263396.0,276353904.0,821617300.0,17426808.0,0.0,0.0,0.0,40268432.0,40102553.89285714,2483027968.0,1.1011055428337786,1024.1050918654237,43296128.0,144965632.0,205403548.0
test,l1config-25_l2config-25,8,32.0,2.0,1.0,16.0,4.0,6.25,3.998231051255321,6.247236017586439,46.37907783162672,0.0,98.59646271556511,34078720.0,4194304.0,38273024.0,545259520.0,67108864.0,612368384.0,16.0,16.0,545264108.0,276356844.0,821620952.0,17435040.0,0.0,0.0,0.0,40249423.0,40098230.375,2483027968.0,1.1016254978607924,1024.5670165013196,43276608.0,144965632.0,205401486.0
test,l1config-25_l2config-25,9,32.0,2.0,1.0,16.0,4.0,6.25,3.9982129298569906,6.247207702901548,46.37956252173572,0.0,98.59356330954051,34078720.0,4194304.0,38273024.0,545259520.0,67108864.0,612368384.0,16.0,16.0,545263460.0,276341932.0,821605392.0,17398764.0,0.0,0.0,0.0,40235000.0,40156130.25,2483027968.0,1.1020202800887873,1024.9565684190059,43260160.0,144965632.0,205402979.0
test,l1config-25_l2config-25,10,32.0,2.0,1.0,16.0,4.0,6.25,3.9982290013350372,6.247232814585995,46.379213172537824,0.0,98.55123580056032,34078720.0,4194304.0,38273024.0,545259520.0,67108864.0,612368384.0,16.0,16.0,545263704.0,276346456.0,821610160.0,17402724.0,0.0,0.0,0.0,40282335.0,40114473.25,2483027968.0,1.1007254401132829,1024.1762465458053,43293120.0,144965632.0,205407855.0
test,l1config-25_l2config-25,11,32.0,2.0,1.0,16.0,4.0,6.25,3.9982235374282076,6.247224277231575,46.37966484164887,0.0,98.61653584923675,34078720.0,4194304.0,38273024.0,545259520.0,67108864.0,612368384.0,16.0,16.0,545262732.0,276348532.0,821611264.0,17319508.0,0.0,0.0,0.0,40241501.0,40113506.46428572,2483027968.0,1.1018423244029907,1024.4799004770287,43280288.0,144965632.0,205407357.0
test,l1config-25_l2config-25,12,32.0,2.0,1.0,16.0,4.0,6.25,3.9982299550203084,6.247234304719232,46.37941903207709,0.0,98.6054199228745,34078720.0,4194304.0,38273024.0,545259520.0,67108864.0,612368384.0,16.0,16.0,545262520.0,276343128.0,821605648.0,17432680.0,0.0,0.0,0.0,40216504.0,40109089.696428575,2483027968.0,1.1025272754915805,1023.5248692092574,43320672.0,144965632.0,205404806.0
test,l1config-25_l2config-25,13,32.0,2.0,1.0,16.0,4.0,6.25,3.9982441556378396,6.247256493184125,46.379681099352396,0.0,98.58828481591665,34078720.0,4194304.0,38273024.0,545259520.0,67108864.0,612368384.0,16.0,16.0,545263672.0,276358800.0,821622472.0,17421040.0,0.0,0.0,0.0,40253434.0,40094547.803571425,2483027968.0,1.1015156799487742,1024.4124904179112,43283136.0,144965632.0,205405816.0
test,l1config-25_l2config-25,14,32.0,2.0,1.0,16.0,4.0,6.25,3.9982281562470043,6.247231494135944,46.37942903097523,0.0,98.61450931267835,34078720.0,4194304.0,38273024.0,545259520.0,67108864.0,612368384.0,16.0,16.0,545262900.0,276357136.0,821620036.0,17384052.0,0.0,0.0,0.0,40290104.0,40099109.76785714,2483027968.0,1.100513102271549,1024.018054372369,43299808.0,144965632.0,205403073.0
test,l1config-25_l2config-25,15,32.0,2.0,1.0,16.0,4.0,6.25,3.9982388522112275,6.247248206580043,46.3794703587598,0.0,98.59456681587407,34078720.0,4194304.0,38273024.0,545259520.0,67108864.0,612368384.0,16.0,16.0,545263632.0,276350692.0,821614324.0,17401240.0,0.0,0.0,0.0,40229686.0,40101587.08928572,2483027968.0,1.1021660256945787,1024.9353400632926,43261056.0,144965632.0,205402096.0
test,l1config-25_l2config-25,16,32.0,2.0,1.0,16.0,4.0,6.25,3.9982154298650596,6.247211609164156,46.37963737663661,0.0,98.62883407727256,34078720.0,4194304.0,38273024.0,545259520.0,67108864.0,612368384.0,16.0,16.0,545262916.0,276349696.0,821612612.0,17398312.0,0.0,0.0,0.0,40283589.0,40108478.48214286,2483027968.0,1.1006910591692365,1024.9103220586444,43262112.0,144965632.0,205402857.0
test,l1config-25_l2config-25,17,32.0,2.0,1.0,16.0,4.0,6.25,3.998224963608809,6.247226505638764,46.379531677718546,0.0,98.59673959754898,34078720.0,4194304.0,38273024.0,545259520.0,67108864.0,612368384.0,16.0,16.0,545262136.0,276355504.0,821617640.0,17425924.0,0.0,0.0,0.0,40245522.0,40133241.571428575,2483027968.0,1.1017322853198832,1023.9635688637343,43302112.0,144965632.0,205403002.0
test,l1config-25_l2config-25,18,32.0,2.0,1.0,16.0,4.0,6.25,3.9982232277401137,6.247223793343927,46.379530493857665,0.0,98.6855113900216,34078720.0,4194304.0,38273024.0,545259520.0,67108864.0,612368384.0,16.0,16.0,545263572.0,276359096.0,821622668.0,17429356.0,0.0,0.0,0.0,40240560.0,40118756.053571425,2483027968.0,1.1018681929725018,1024.7602396752743,43268448.0,144965632.0,205405948.0
test,l1config-25_l2config-25,19,32.0,2.0,1.0,16.0,4.0,6.25,3.998220096082084,6.2472189001282565,46.37966535029738,0.0,98.59531653519275,34078720.0,4194304.0,38273024.0,545259520.0,67108864.0,612368384.0,16.0,16.0,545262688.0,276346108.0,821608796.0,17397312.0,0.0,0.0,0.0,40278894.0,40112558.48214286,2483027968.0,1.1008195222191006,1024.4435433880315,43281824.0,144965632.0,205404996.0
test,l1config-25_l2config-25,20,32.0,2.0,1.0,16.0,4.0,6.25,3.9982251688322252,6.247226826300352,46.37979379760693,0.0,98.59688043364085,34078720.0,4194304.0,38273024.0,545259520.0,67108864.0,612368384.0,16.0,16.0,545262928.0,276353696.0,821616624.0,17378184.0,0.0,0.0,0.0,40216437.0,40124581.10714286,2483027968.0,1.1025290094804812,1024.2617966437579,43289504.0,144965632.0,205404003.0
test,l1config-25_l2config-25,21,32.0,2.0,1.0,16.0,4.0,6.25,3.9982062578023787,6.247197277816217,46.379459650112075,0.0,98.6338118573502,34078720.0,4194304.0,38273024.0,545259520.0,67108864.0,612368384.0,16.0,16.0,545263276.0,276367696.0,821630972.0,17308604.0,0.0,0.0,0.0,40247591.0,40132419.46428572,2483027968.0,1.1016756350912136,1025.541452032579,43235488.0,144965632.0,205401059.0
test,l1config-25_l2config-25,22,32.0,2.0,1.0,16.0,4.0,6.25,3.9982266812289295,6.247229189420202,46.37943100181549,0.0,98.6007925573081,34078720.0,4194304.0,38273024.0,545259520.0,67108864.0,612368384.0,16.0,16.0,545262380.0,276335900.0,821598280.0,17400760.0,0.0,0.0,0.0,40253155.0,40114514.428571425,2483027968.0,1.1015232736545215,1024.4109756870366,43283200.0,144965632.0,205402679.0
test,l1config-25_l2config-25,23,32.0,2.0,1.0,16.0,4.0,6.25,3.9982139586738668,6.247209310427917,46.379566614550356,0.0,98.58776828746947,34078720.0,4194304.0,38273024.0,545259520.0,67108864.0,612368384.0,16.0,16.0,545263036.0,276355832.0,821618868.0,17407920.0,0.0,0.0,0.0,40279223.0,40125731.26785714,2483027968.0,1.1008105170778866,1024.1830597466374,43292832.0,144965632.0,205401581.0
test,l1config-25_l2config-25,24,32.0,2.0,1.0,16.0,4.0,6.25,3.998216668453876,6.247213544459181,46.37971829698612,0.0,98.62743192679847,34078720.0,4194304.0,38273024.0,545259520.0,67108864.0,612368384.0,16.0,16.0,545263056.0,276359816.0,821622872.0,17383256.0,0.0,0.0,0.0,40246081.0,40121575.58928572,2483027968.0,1.1017171196235882,1024.1807886696217,43292928.0,144965632.0,205402300.0
test,l1config-25_l2config-25,25,32.0,2.0,1.0,16.0,4.0,6.25,3.998214628415708,6.247210356899544,46.37930313525517,0.0,98.58838786542502,34078720.0,4194304.0,38273024.0,545259520.0,67108864.0,612368384.0,16.0,16.0,545263244.0,276360640.0,821623884.0,17405224.0,0.0,0.0,0.0,40258373.0,40135602.53571428,2483027968.0,1.1013806115760232,1024.4579344271922,43281216.0,144965632.0,205401391.0
test,l1config-25_l2config-25,26,32.0,2.0,1.0,16.0,4.0,6.25,3.9982289979219345,6.247232809253022,46.379596183540706,0.0,98.57898459363584,34078720.0,4194304.0,38273024.0,545259520.0,67108864.0,612368384.0,16.0,16.0,545263216.0,276351408.0,821614624.0,17396912.0,0.0,0.0,0.0,40242894.0,40113024.64285714,2483027968.0,1.1018042664770797,1024.8307274414374,43265472.0,144965632.0,205403886.0
test,l1config-25_l2config-25,27,32.0,2.0,1.0,16.0,4.0,6.25,3.998231549632516,6.247236796300807,46.37964814800451,0.0,98.58785153804234,34078720.0,4194304.0,38273024.0,545259520.0,67108864.0,612368384.0,16.0,16.0,545263864.0,276359256.0,821623120.0,17229780.0,0.0,0.0,0.0,40232673.0,40094485.23214286,2483027968.0,1.1020841152342682,1024.9065315584244,43262272.0,144965632.0,205404761.0
test,l1config-25_l2config-25,28,32.0,2.0,1.0,16.0,4.0,6.25,3.9982178787242955,6.247215435506711,46.379647660623256,0.0,98.59885345876452,34078720.0,4194304.0,38273024.0,545259520.0,67108864.0,612368384.0,16.0,16.0,545263472.0,276352028.0,821615500.0,17397828.0,0.0,0.0,0.0,40280317.0,40113131.053571425,2483027968.0,1.1007804486258699,1025.1704173240012,43251136.0,144965632.0,205402921.0
test,l1config-25_l2config-25,29,32.0,2.0,1.0,16.0,4.0,6.25,3.998203046404092,6.247192260006393,46.37917994309188,0.0,98.60845423693078,34078720.0,4194304.0,38273024.0,545259520.0,67108864.0,612368384.0,16.0,16.0,545263088.0,276359284.0,821622372.0,17313864.0,0.0,0.0,0.0,40219851.0,40131690.58928572,2483027968.0,1.1024354915251264,1024.6382353873294,43273600.0,144965632.0,205403890.0
test,l1config-25_l2config-25,30,32.0,2.0,1.0,16.0,4.0,6.25,3.9982170738448155,6.247214177882524,46.379752511024456,0.0,98.58065102907729,34078720.0,4194304.0,38273024.0,545259520.0,67108864.0,612368384.0,16.0,16.0,545262588.0,276361792.0,821624380.0,17417236.0,0.0,0.0,0.0,40240568.0,40139211.48214286,2483027968.0,1.1018678575426846,1023.9741628140927,43301664.0,144965632.0,205406683.0
test,l1config-25_l2config-25,31,32.0,2.0,1.0,16.0,4.0,6.25,3.9982090214876482,6.247201596074451,46.379157972611736,0.0,98.58290291291377,34078720.0,4194304.0,38273024.0,545259520.0,67108864.0,612368384.0,16.0,16.0,545264052.0,276353076.0,821617128.0,17270316.0,0.0,0.0,0.0,40257734.0,40140188.053571425,2483027968.0,1.101397963538015,1024.604140004426,43275040.0,144965632.0,205401944.0
test,l1config-25_l2config-25,32,32.0,2.0,1.0,16.0,4.0,6.25,3.9982301710104173,6.247234642203777,46.379510156232264,0.0,98.57257938108329,34078720.0,4194304.0,38273024.0,545259520.0,67108864.0,612368384.0,16.0,16.0,545263076.0,276352520.0,821615596.0,17429136.0,0.0,0.0,0.0,40257422.0,40112693.125,2483027968.0,1.1014064995086779,1024.692792720078,43271296.0,144965632.0,205406273.0
test,l1config-25_l2config-25,33,32.0,2.0,1.0,16.0,4.0,6.25,3.9982164318098006,6.2472131747028135,46.379520909147246,0.0,98.59135915940878,34078720.0,4194304.0,38273024.0,545259520.0,67108864.0,612368384.0,16.0,16.0,545263232.0,276353772.0,821617004.0,17334524.0,0.0,0.0,0.0,40238320.0,40116011.96428572,2483027968.0,1.1019295116048327,1025.1651079378116,43251360.0,144965632.0,205403556.0
test,l1config-25_l2config-25,34,32.0,2.0,1.0,16.0,4.0,6.25,3.998225449161235,6.2472272643144295,46.37960665631585,0.0,98.59828039511497,34078720.0,4194304.0,38273024.0,545259520.0,67108864.0,612368384.0,16.0,16.0,545262408.0,276349124.0,821611532.0,17408644.0,0.0,0.0,0.0,40191819.0,40134019.03571428,2483027968.0,1.103204418632704,1023.9544885093261,43302496.0,144965632.0,205404756.0
test,l1config-25_l2config-25,35,32.0,2.0,1.0,16.0,4.0,6.25,3.9982240188972433,6.247225029526943,46.37965989033573,0.0,98.55190540055231,34078720.0,4194304.0,38273024.0,545259520.0,67108864.0,612368384.0,16.0,16.0,545262772.0,276364236.0,821627008.0,17424732.0,0.0,0.0,0.0,40235636.0,40114346.553571425,2483027968.0,1.1020028674297582,1024.9997860032604,43258336.0,144965632.0,205404762.0
test,l1config-25_l2config-25,36,32.0,2.0,1.0,16.0,4.0,6.25,3.9982029475271594,6.2471921055111865,46.37970163808624,0.0,98.59650553627793,34078720.0,4194304.0,38273024.0,545259520.0,67108864.0,612368384.0,16.0,16.0,545262760.0,276342140.0,821604900.0,17431632.0,0.0,0.0,0.0,40222629.0,40156570.48214286,2483027968.0,1.1023594333655398,1023.6957660914751,43313440.0,144965632.0,205404418.0
test,l1config-25_l2config-25,37,32.0,2.0,1.0,16.0,4.0,6.25,3.998212560365324,6.247207125570819,46.37969266315742,0.0,98.5717508794106,34078720.0,4194304.0,38273024.0,545259520.0,67108864.0,612368384.0,16.0,16.0,545263444.0,276353772.0,821617216.0,17405240.0,0.0,0.0,0.0,40258327.0,40136660.14285714,2483027968.0,1.101381842678681,1024.2670966774485,43289280.0,144965632.0,205402803.0
test,l1config-25_l2config-25,38,32.0,2.0,1.0,16.0,4.0,6.25,3.998241933602418,6.247253021253778,46.37921078506411,0.0,98.5897072265391,34078720.0,4194304.0,38273024.0,545259520.0,67108864.0,612368384.0,16.0,16.0,545262556.0,276360260.0,821622816.0,17410524.0,0.0,0.0,0.0,40245784.0,40103759.178571425,2483027968.0,1.101725078824591,1025.278892537514,43246560.0,144965632.0,205403904.0
test,l1config-25_l2config-25,39,32.0,2.0,1.0,16.0,4.0,6.25,3.9982247552071706,6.247226180011204,46.379802227996706,0.0,98.59584241606775,34078720.0,4194304.0,38273024.0,545259520.0,67108864.0,612368384.0,16.0,16.0,545263788.0,276339756.0,821603544.0,17448560.0,0.0,0.0,0.0,40235057.0,40111731.71428572,2483027968.0,1.1020187257315397,1024.4511175687687,43281504.0,144965632.0,205403787.0
test,l1config-25_l2config-25,40,32.0,2.0,1.0,16.0,4.0,6.25,3.9982019195441456,6.247190499287727,46.37964698190941,0.0,98.58860152120226,34078720.0,4194304.0,38273024.0,545259520.0,67108864.0,612368384.0,16.0,16.0,545262716.0,276356128.0,821618844.0,17413016.0,0.0,0.0,0.0,40258484.0,40155004.375,2483027968.0,1.1013774449190532,1024.0967659000717,43296480.0,144965632.0,205405675.0
test,l1config-25_l2config-25,41,32.0,2.0,1.0,16.0,4.0,6.25,3.998246834230798,6.247260678485622,46.379340295918404,0.0,98.55896513855157,34078720.0,4194304.0,38273024.0,545259520.0,67108864.0,612368384.0,16.0,16.0,545262548.0,276362256.0,821624804.0,17416980.0,0.0,0.0,0.0,40253265.0,40081777.33928572,2483027968.0,1.1015204003481418,1024.111904119591,43295840.0,144965632.0,205403176.0
test,l1config-25_l2config-25,42,32.0,2.0,1.0,16.0,4.0,6.25,3.998234422191661,6.24724128467447,46.379725216484516,0.0,98.59802693370425,34078720.0,4194304.0,38273024.0,545259520.0,67108864.0,612368384.0,16.0,16.0,545263100.0,276334872.0,821597972.0,17412108.0,0.0,0.0,0.0,40225067.0,40116915.48214286,2483027968.0,1.1022924629102897,1025.265995680477,43247104.0,144965632.0,205405713.0
test,l1config-25_l2config-25,43,32.0,2.0,1.0,16.0,4.0,6.25,3.9982297774537856,6.24723402727154,46.37973350663721,0.0,98.59423854449341,34078720.0,4194304.0,38273024.0,545259520.0,67108864.0,612368384.0,16.0,16.0,545263540.0,276347708.0,821611248.0,17421056.0,0.0,0.0,0.0,40263852.0,40103492.803571425,2483027968.0,1.1012306359887876,1024.3208572617712,43287008.0,144965632.0,205404878.0
test,l1config-25_l2config-25,44,32.0,2.0,1.0,16.0,4.0,6.25,3.998227197481306,6.24722999606454,46.3795066250195,0.0,98.56835214850967,34078720.0,4194304.0,38273024.0,545259520.0,67108864.0,612368384.0,16.0,16.0,545262868.0,276348912.0,821611780.0,17381008.0,0.0,0.0,0.0,40274221.0,40099422.46428572,2483027968.0,1.100947256676293,1023.9741628140927,43301664.0,144965632.0,205406739.0
test,l1config-25_l2config-25,45,32.0,2.0,1.0,16.0,4.0,6.25,3.9982308346276083,6.247235679105638,46.379441517653824,0.0,98.58211236784172,34078720.0,4194304.0,38273024.0,545259520.0,67108864.0,612368384.0,16.0,16.0,545262904.0,276366480.0,821629384.0,17377660.0,0.0,0.0,0.0,40238264.0,40087526.803571425,2483027968.0,1.101930901399493,1023.7570306371545,43310848.0,144965632.0,205406662.0
test,l1config-25_l2config-25,46,32.0,2.0,1.0,16.0,4.0,6.25,3.9982222956826314,6.247222337004112,46.37991474557814,0.0,98.57445916932065,34078720.0,4194304.0,38273024.0,545259520.0,67108864.0,612368384.0,16.0,16.0,545263204.0,276352536.0,821615740.0,17269232.0,0.0,0.0,0.0,40252918.0,40127434.91071428,2483027968.0,1.1015299233639173,1025.2106187469049,43249440.0,144965632.0,205404081.0
test,l1config-25_l2config-25,47,32.0,2.0,1.0,16.0,4.0,6.25,3.9982189080006596,6.24721704375103,46.379366002737314,0.0,98.55438821662882,34078720.0,4194304.0,38273024.0,545259520.0,67108864.0,612368384.0,16.0,16.0,545263148.0,276358828.0,821621976.0,17420560.0,0.0,0.0,0.0,40240219.0,40127749.89285714,2483027968.0,1.1018773797215804,1023.9333016419854,43303392.0,144965632.0,205405727.0
test,l1config-25_l2config-25,48,32.0,2.0,1.0,16.0,4.0,6.25,3.9982258339243817,6.247227865506846,46.37981741817352,0.0,98.59436116758063,34078720.0,4194304.0,38273024.0,545259520.0,67108864.0,612368384.0,16.0,16.0,545263568.0,276349360.0,821612928.0,17404736.0,0.0,0.0,0.0,40226860.0,40121002.428571425,2483027968.0,1.1022432559453346,1024.2277263082353,43290944.0,144965632.0,205404580.0
test,l1config-25_l2config-25,49,32.0,2.0,1.0,16.0,4.0,6.25,3.9982043170659147,6.247194245415492,46.37946056005055,0.0,98.58916841648013,34078720.0,4194304.0,38273024.0,545259520.0,67108864.0,612368384.0,16.0,16.0,545262884.0,276359248.0,821622132.0,17248564.0,0.0,0.0,0.0,40240773.0,40138986.39285714,2483027968.0,1.101862340093774,1024.6746062969664,43272064.0,144965632.0,205400985.0
test,l1config-40_l2config-25,0,32.0,2.0,2.0,16.0,8.0,12.5,7.9763675023844645,12.463074222475726,46.05797105298607,0.0,98.57238241919315,34078720.0,4194304.0,38273024.0,545259520.0,67108864.0,612368384.0,16.0,16.0,545498676.0,250614392.0,796113068.0,17441644.0,0.0,0.0,0.0,30707347.0,30651167.5,2483027968.0,1.4439474334758493,1343.5699214525082,33001472.0,144965632.0,199043745.0
test,l1config-40_l2config-25,1,32.0,2.0,2.0,16.0,8.0,12.5,7.976443194400657,12.463192491251027,46.056469843886376,0.0,98.54126211162729,34078720.0,4194304.0,38273024.0,545259520.0,67108864.0,612368384.0,16.0,16.0,545499820.0,250616504.0,796116324.0,17417376.0,0.0,0.0,0.0,30698264.0,30647897.839285713,2483027968.0,1.4443745392363327,1343.2377901958178,33009632.0,144965632.0,199031253.0
test,l1config-40_l2config-25,2,32.0,2.0,2.0,16.0,8.0,12.5,7.976487968840693,12.463262451313582,46.05732246324134,0.0,98.48203967878847,34078720.0,4194304.0,38273024.0,545259520.0,67108864.0,612368384.0,16.0,16.0,545502424.0,250568616.0,796071040.0,17218580.0,0.0,0.0,0.0,30695430.0,30638564.910714287,2483027968.0,1.444508034401648,1343.089361095206,33013280.0,144965632.0,199032005.0
test,l1config-40_l2config-25,3,32.0,2.0,2.0,16.0,8.0,12.5,7.976379166185995,12.463092447165618,46.05726427136821,0.0,98.5336415576214,34078720.0,4194304.0,38273024.0,545259520.0,67108864.0,612368384.0,16.0,16.0,545500028.0,250650524.0,796150552.0,17421252.0,0.0,0.0,0.0,30700287.0,30653257.44642857,2483027968.0,1.4442794795590594,1343.2794604018789,33008608.0,144965632.0,199035765.0
test,l1config-40_l2config-25,4,32.0,2.0,2.0,16.0,8.0,12.5,7.976351237140179,12.46304880803153,46.05705595548943,0.0,98.5815636604464,34078720.0,4194304.0,38273024.0,545259520.0,67108864.0,612368384.0,16.0,16.0,545499980.0,250633860.0,796133840.0,17408388.0,0.0,0.0,0.0,30695583.0,30650269.89285714,2483027968.0,1.4445009872916328,1342.8420521432618,33019360.0,144965632.0,199032355.0
test,l1config-40_l2config-25,5,32.0,2.0,2.0,16.0,8.0,12.5,7.976456975700631,12.463214024532236,46.0555853759224,0.0,98.54318998165455,34078720.0,4194304.0,38273024.0,545259520.0,67108864.0,612368384.0,16.0,16.0,545500396.0,250635116.0,796135512.0,17184588.0,0.0,0.0,0.0,30695729.0,30642698.089285713,2483027968.0,1.4444940226027154,1343.1401357801042,33012032.0,144965632.0,199021475.0
test,l1config-40_l2config-25,6,32.0,2.0,2.0,16.0,8.0,12.5,7.976457228727301,12.463214419886407,46.054695466301645,0.0,98.53696262350968,34078720.0,4194304.0,38273024.0,545259520.0,67108864.0,612368384.0,16.0,16.0,545501328.0,250650700.0,796152028.0,17406944.0,0.0,0.0,0.0,30688758.0,30650785.339285713,2483027968.0,1.4448219299373204,1342.9826165855445,33015904.0,144965632.0,199029133.0
test,l1config-40_l2config-25,7,32.0,2.0,2.0,16.0,8.0,12.5,7.976405129225943,12.463133014415535,46.05571823481208,0.0,98.54182893447584,34078720.0,4194304.0,38273024.0,545259520.0,67108864.0,612368384.0,16.0,16.0,545500100.0,250622308.0,796122408.0,17405136.0,0.0,0.0,0.0,30701843.0,30648007.89285714,2483027968.0,1.4442061291410766,1343.171383648234,33011264.0,144965632.0,199039160.0
test,l1config-40_l2config-25,8,32.0,2.0,2.0,16.0,8.0,12.5,7.976407608240715,12.463136887876116,46.057772481115265,0.0,98.53699019969349,34078720.0,4194304.0,38273024.0,545259520.0,67108864.0,612368384.0,16.0,16.0,545499888.0,250601756.0,796101644.0,17440044.0,0.0,0.0,0.0,30693862.0,30646526.410714287,2483027968.0,1.4445820037932562,1343.0906629622486,33013248.0,144965632.0,199025159.0
test,l1config-40_l2config-25,9,32.0,2.0,2.0,16.0,8.0,12.5,7.97645673209337,12.463213643895891,46.057847818814146,0.0,98.49630240618865,34078720.0,4194304.0,38273024.0,545259520.0,67108864.0,612368384.0,16.0,16.0,545503868.0,250631468.0,796135336.0,17435908.0,0.0,0.0,0.0,30698531.0,30643602.17857143,2483027968.0,1.4443621061965917,1343.4240239694532,33005056.0,144965632.0,199031978.0
test,l1config-40_l2config-25,10,32.0,2.0,2.0,16.0,8.0,12.5,7.976402232868142,12.463128488856471,46.05561326770578,0.0,98.50297120323579,34078720.0,4194304.0,38273024.0,545259520.0,67108864.0,612368384.0,16.0,16.0,545498172.0,250597704.0,796095876.0,17435960.0,0.0,0.0,0.0,30695747.0,30646810.0,2483027968.0,1.4444932226089644,1342.848559106736,33019200.0,144965632.0,199030688.0
test,l1config-40_l2config-25,11,32.0,2.0,2.0,16.0,8.0,12.5,7.976437568813364,12.463183701270882,46.05829980090538,0.0,98.54299700299055,34078720.0,4194304.0,38273024.0,545259520.0,67108864.0,612368384.0,16.0,16.0,545501732.0,250642000.0,796143732.0,17425508.0,0.0,0.0,0.0,30702908.0,30638206.94642857,2483027968.0,1.4441563510668323,1343.4357467035413,33004768.0,144965632.0,199028531.0
test,l1config-40_l2config-25,12,32.0,2.0,2.0,16.0,8.0,12.5,7.976425689477052,12.463165139807893,46.05775054848498,0.0,98.53519403307834,34078720.0,4194304.0,38273024.0,545259520.0,67108864.0,612368384.0,16.0,16.0,545500316.0,250620280.0,796120596.0,17410452.0,0.0,0.0,0.0,30699924.0,30636686.035714287,2483027968.0,1.4442964510634313,1343.8422613361295,32994784.0,144965632.0,199020445.0
test,l1config-40_l2config-25,13,32.0,2.0,2.0,16.0,8.0,12.5,7.976442471243104,12.46319136131735,46.05539503262149,0.0,98.50139853770258,34078720.0,4194304.0,38273024.0,545259520.0,67108864.0,612368384.0,16.0,16.0,545498372.0,250604476.0,796102848.0,17409948.0,0.0,0.0,0.0,30695015.0,30644138.69642857,2483027968.0,1.4445275054887674,1343.409696461172,33005408.0,144965632.0,199034921.0
test,l1config-40_l2config-25,14,32.0,2.0,2.0,16.0,8.0,12.5,7.976383975482746,12.46309996169179,46.0562333487083,0.0,98.50651613196271,34078720.0,4194304.0,38273024.0,545259520.0,67108864.0,612368384.0,16.0,16.0,545500040.0,250604056.0,796104096.0,17434916.0,0.0,0.0,0.0,30703967.0,30645660.875,2483027968.0,1.4441064118075893,1343.3836472290516,33006048.0,144965632.0,199034346.0
test,l1config-40_l2config-25,15,32.0,2.0,2.0,16.0,8.0,12.5,7.976396773409748,12.463119958452731,46.0552189934603,0.0,98.53085148191506,34078720.0,4194304.0,38273024.0,545259520.0,67108864.0,612368384.0,16.0,16.0,545499640.0,250666280.0,796165920.0,17153468.0,0.0,0.0,0.0,30701633.0,30649754.785714287,2483027968.0,1.4442159017102785,1343.4487722035872,33004448.0,144965632.0,199033341.0
test,l1config-40_l2config-25,16,32.0,2.0,2.0,16.0,8.0,12.5,7.976404596045626,12.46313218132129,46.05763006292961,0.0,98.53253070168377,34078720.0,4194304.0,38273024.0,545259520.0,67108864.0,612368384.0,16.0,16.0,545499628.0,250649768.0,796149396.0,17356192.0,0.0,0.0,0.0,30692515.0,30643504.07142857,2483027968.0,1.4446450137588815,1343.2403945079543,33009568.0,144965632.0,199034802.0
test,l1config-40_l2config-25,17,32.0,2.0,2.0,16.0,8.0,12.5,7.976417032947306,12.463151613980166,46.057348560837276,0.0,98.52892747993259,34078720.0,4194304.0,38273024.0,545259520.0,67108864.0,612368384.0,16.0,16.0,545497300.0,250618320.0,796115620.0,17400948.0,0.0,0.0,0.0,30700563.0,30647594.625,2483027968.0,1.4442662248916025,1343.256020592849,33009184.0,144965632.0,199038553.0
test,l1config-40_l2config-25,18,32.0,2.0,2.0,16.0,8.0,12.5,7.9764292630154,12.463170723461563,46.05614213321966,0.0,98.53740349876135,34078720.0,4194304.0,38273024.0,545259520.0,67108864.0,612368384.0,16.0,16.0,545499748.0,250610932.0,796110680.0,17414044.0,0.0,0.0,0.0,30694668.0,30645324.89285714,2483027968.0,1.444543765131069,1343.5555908321048,33001824.0,144965632.0,199021687.0
test,l1config-40_l2config-25,19,32.0,2.0,2.0,16.0,8.0,12.5,7.976429322668251,12.463170816669141,46.05755539926082,0.0,98.53609468231164,34078720.0,4194304.0,38273024.0,545259520.0,67108864.0,612368384.0,16.0,16.0,545497216.0,250616236.0,796113452.0,17412060.0,0.0,0.0,0.0,30701998.0,30646911.589285713,2483027968.0,1.4441991790550088,1343.5790410973893,33001248.0,144965632.0,199034491.0
test,l1config-40_l2config-25,20,32.0,2.0,2.0,16.0,8.0,12.5,7.976414837696844,12.463148183901318,46.05838523177348,0.0,98.53011973844792,34078720.0,4194304.0,38273024.0,545259520.0,67108864.0,612368384.0,16.0,16.0,545499044.0,250592972.0,796092016.0,17427316.0,0.0,0.0,0.0,30694130.0,30645617.26785714,2483027968.0,1.4445689671234478,1343.7562473408752,32996896.0,144965632.0,199031358.0
test,l1config-40_l2config-25,21,32.0,2.0,2.0,16.0,8.0,12.5,7.9763768920090365,12.46308889376412,46.05629450859142,0.0,98.50290269618634,34078720.0,4194304.0,38273024.0,545259520.0,67108864.0,612368384.0,16.0,16.0,545500884.0,250636504.0,796137388.0,17404600.0,0.0,0.0,0.0,30687802.0,30652840.32142857,2483027968.0,1.4448672457136686,1343.8435646631665,32994752.0,144965632.0,199038213.0
test,l1config-40_l2config-25,22,32.0,2.0,2.0,16.0,8.0,12.5,7.976422176585446,12.46315965091476,46.056184281269594,0.0,98.53675425270131,34078720.0,4194304.0,38273024.0,545259520.0,67108864.0,612368384.0,16.0,16.0,545497112.0,250594672.0,796091784.0,17369348.0,0.0,0.0,0.0,30696382.0,30644101.51785714,2483027968.0,1.444463117605885,1343.0555134379242,33014112.0,144965632.0,199024980.0
test,l1config-40_l2config-25,23,32.0,2.0,2.0,16.0,8.0,12.5,7.976454907261422,12.463210792595971,46.05715081452348,0.0,98.51799229415636,34078720.0,4194304.0,38273024.0,545259520.0,67108864.0,612368384.0,16.0,16.0,545498088.0,250630024.0,796128112.0,17136464.0,0.0,0.0,0.0,30692280.0,30639094.5,2483027968.0,1.4446562749423306,1343.4826396858193,33003616.0,144965632.0,199033121.0
test,l1config-40_l2config-25,24,32.0,2.0,2.0,16.0,8.0,12.5,7.976402314997792,12.463128617184049,46.05620639014256,0.0,98.50075498884125,34078720.0,4194304.0,38273024.0,545259520.0,67108864.0,612368384.0,16.0,16.0,545502284.0,250592404.0,796094688.0,17407944.0,0.0,0.0,0.0,30703002.0,30637298.589285713,2483027968.0,1.4441515651205106,1343.4813370587742,33003648.0,144965632.0,199039557.0
test,l1config-40_l2config-25,25,32.0,2.0,2.0,16.0,8.0,12.5,7.9764155076492065,12.463149230701886,46.05721747559309,0.0,98.50832062619965,34078720.0,4194304.0,38273024.0,545259520.0,67108864.0,612368384.0,16.0,16.0,545499456.0,250569744.0,796069200.0,17406260.0,0.0,0.0,0.0,30692072.0,30652696.48214286,2483027968.0,1.4446658535583818,1343.749731577785,32997056.0,144965632.0,199033491.0
test,l1config-40_l2config-25,26,32.0,2.0,2.0,16.0,8.0,12.5,7.9763933871341886,12.46311466739717,46.05604028007025,0.0,98.53792292223885,34078720.0,4194304.0,38273024.0,545259520.0,67108864.0,612368384.0,16.0,16.0,545500984.0,250620188.0,796121172.0,17401452.0,0.0,0.0,0.0,30691212.0,30644852.89285714,2483027968.0,1.4447063228480448,1343.6611234727263,32999232.0,144965632.0,199025033.0
test,l1config-40_l2config-25,27,32.0,2.0,2.0,16.0,8.0,12.5,7.976425132308699,12.463164269232342,46.057627743397425,0.0,98.49631047244968,34078720.0,4194304.0,38273024.0,545259520.0,67108864.0,612368384.0,16.0,16.0,545497692.0,250631580.0,796129272.0,17438076.0,0.0,0.0,0.0,30706158.0,30638385.85714286,2483027968.0,1.444003240029955,1343.2807626374777,33008576.0,144965632.0,199033976.0
test,l1config-40_l2config-25,28,32.0,2.0,2.0,16.0,8.0,12.5,7.976437805189985,12.463184070609351,46.06036096129883,0.0,98.53960474170445,34078720.0,4194304.0,38273024.0,545259520.0,67108864.0,612368384.0,16.0,16.0,545501044.0,250609960.0,796111004.0,17399188.0,0.0,0.0,0.0,30691090.0,30640095.23214286,2483027968.0,1.4447122539841584,1343.1635715448945,33011456.0,144965632.0,199031341.0
test,l1config-40_l2config-25,29,32.0,2.0,2.0,16.0,8.0,12.5,7.976372996648259,12.463082807262904,46.05740964001856,0.0,98.54092442313002,34078720.0,4194304.0,38273024.0,545259520.0,67108864.0,612368384.0,16.0,16.0,545498748.0,250652432.0,796151180.0,17319624.0,0.0,0.0,0.0,30692813.0,30647922.660714287,2483027968.0,1.4446312934737777,1343.5829495545227,33001152.0,144965632.0,199028524.0
test,l1config-40_l2config-25,30,32.0,2.0,2.0,16.0,8.0,12.5,7.9764054139184255,12.46313345924754,46.05749729698584,0.0,98.51360312612515,34078720.0,4194304.0,38273024.0,545259520.0,67108864.0,612368384.0,16.0,16.0,545501432.0,250609316.0,796110748.0,17410368.0,0.0,0.0,0.0,30698590.0,30641858.339285713,2483027968.0,1.444359118534928,1343.2052371461584,33010432.0,144965632.0,199032318.0
test,l1config-40_l2config-25,31,32.0,2.0,2.0,16.0,8.0,12.5,7.97640898530945,12.463139039546016,46.05563718446977,0.0,98.50461458000589,34078720.0,4194304.0,38273024.0,545259520.0,67108864.0,612368384.0,16.0,16.0,545501524.0,250645512.0,796147036.0,17439248.0,0.0,0.0,0.0,30691724.0,30641722.32142857,2483027968.0,1.4446826105582697,1343.4123014399468,33005344.0,144965632.0,199026351.0
test,l1config-40_l2config-25,32,32.0,2.0,2.0,16.0,8.0,12.5,7.976394423441821,12.463116286627846,46.0578259294406,0.0,98.5406842319559,34078720.0,4194304.0,38273024.0,545259520.0,67108864.0,612368384.0,16.0,16.0,545498572.0,250626200.0,796124772.0,17440052.0,0.0,0.0,0.0,30700358.0,30648051.60714286,2483027968.0,1.4442758689023771,1343.42532648536,33005024.0,144965632.0,199027363.0
test,l1config-40_l2config-25,33,32.0,2.0,2.0,16.0,8.0,12.5,7.976439372863847,12.463186520099761,46.057222510249865,0.0,98.5344104691683,34078720.0,4194304.0,38273024.0,545259520.0,67108864.0,612368384.0,16.0,16.0,545497100.0,250620140.0,796117240.0,17417152.0,0.0,0.0,0.0,30688375.0,30655024.714285713,2483027968.0,1.444840208920121,1343.4748239614391,33003808.0,144965632.0,199030052.0
test,l1config-40_l2config-25,34,32.0,2.0,2.0,16.0,8.0,12.5,7.976427491574181,12.463167955584657,46.058696992107606,0.0,98.50741966233856,34078720.0,4194304.0,38273024.0,545259520.0,67108864.0,612368384.0,16.0,16.0,545502160.0,250625000.0,796127160.0,17233260.0,0.0,0.0,0.0,30695969.0,30645855.14285714,2483027968.0,1.4444826580687218,1343.1987267255654,33010592.0,144965632.0,199031943.0
test,l1config-40_l2config-25,35,32.0,2.0,2.0,16.0,8.0,12.5,7.97639193505076,12.463112398516813,46.05648242851338,0.0,98.53723878380669,34078720.0,4194304.0,38273024.0,545259520.0,67108864.0,612368384.0,16.0,16.0,545499440.0,250632876.0,796132316.0,17406196.0,0.0,0.0,0.0,30704854.0,30641042.19642857,2483027968.0,1.4440644476272722,1343.7536410280566,32996960.0,144965632.0,199035557.0
test,l1config-40_l2config-25,36,32.0,2.0,2.0,16.0,8.0,12.5,7.976438860314721,12.463185719241752,46.05466770965387,0.0,98.51614615563086,34078720.0,4194304.0,38273024.0,545259520.0,67108864.0,612368384.0,16.0,16.0,545499592.0,250667044.0,796166636.0,17429108.0,0.0,0.0,0.0,30689932.0,30646707.535714287,2483027968.0,1.4447665073106188,1343.6767593479972,32998848.0,144965632.0,199026289.0
test,l1config-40_l2config-25,37,32.0,2.0,2.0,16.0,8.0,12.5,7.976443338931295,12.46319271708015,46.056511469211756,0.0,98.52229408574308,34078720.0,4194304.0,38273024.0,545259520.0,67108864.0,612368384.0,16.0,16.0,545500916.0,250673356.0,796174272.0,17396596.0,0.0,0.0,0.0,30694890.0,30654456.535714287,2483027968.0,1.4445334116262012,1343.19091430416,33010784.0,144965632.0,199032470.0
test,l1config-40_l2config-25,38,32.0,2.0,2.0,16.0,8.0,12.5,7.976385484597876,12.46310231968418,46.05591502648134,0.0,98.5029808587703,34078720.0,4194304.0,38273024.0,545259520.0,67108864.0,612368384.0,16.0,16.0,545498912.0,250631284.0,796130196.0,17084180.0,0.0,0.0,0.0,30686022.0,30650429.339285713,2483027968.0,1.4449510579639644,1343.3901594423742,33005888.0,144965632.0,199034445.0
test,l1config-40_l2config-25,39,32.0,2.0,2.0,16.0,8.0,12.5,7.976474578352886,12.463241528676384,46.05677638549443,0.0,98.50048692268801,34078720.0,4194304.0,38273024.0,545259520.0,67108864.0,612368384.0,16.0,16.0,545500780.0,250638304.0,796139084.0,17217448.0,0.0,0.0,0.0,30696689.0,30647566.67857143,2483027968.0,1.4444488596367004,1342.9995383638473,33015488.0,144965632.0,199034340.0
test,l1config-40_l2config-25,40,32.0,2.0,2.0,16.0,8.0,12.5,7.976429939542641,12.463171780535376,46.05759865714183,0.0,98.53820498679376,34078720.0,4194304.0,38273024.0,545259520.0,67108864.0,612368384.0,16.0,16.0,545501372.0,250643848.0,796145220.0,17283812.0,0.0,0.0,0.0,30692822.0,30640757.214285713,2483027968.0,1.4446308698670645,1342.9748066778443,33016096.0,144965632.0,199027213.0
test,l1config-40_l2config-25,41,32.0,2.0,2.0,16.0,8.0,12.5,7.976378787807128,12.463091855948639,46.058303322493785,0.0,98.52064279553488,34078720.0,4194304.0,38273024.0,545259520.0,67108864.0,612368384.0,16.0,16.0,545497756.0,250693588.0,796191344.0,17433668.0,0.0,0.0,0.0,30701777.0,30650874.964285713,2483027968.0,1.444209174969758,1343.1362298988163,33012128.0,144965632.0,199035253.0
test,l1config-40_l2config-25,42,32.0,2.0,2.0,16.0,8.0,12.5,7.976374901550497,12.463085783672652,46.05725039586711,0.0,98.52984627606375,34078720.0,4194304.0,38273024.0,545259520.0,67108864.0,612368384.0,16.0,16.0,545499096.0,250651408.0,796150504.0,17414112.0,0.0,0.0,0.0,30693332.0,30641184.48214286,2483027968.0,1.444606830593156,1343.3797399313637,33006144.0,144965632.0,199030544.0
test,l1config-40_l2config-25,43,32.0,2.0,2.0,16.0,8.0,12.5,7.976418249495877,12.463153514837307,46.05718329805442,0.0,98.52497599063284,34078720.0,4194304.0,38273024.0,545259520.0,67108864.0,612368384.0,16.0,16.0,545501872.0,250627208.0,796129080.0,17322724.0,0.0,0.0,0.0,30692355.0,30649381.660714287,2483027968.0,1.4446524623589976,1343.5634074962459,33001632.0,144965632.0,199031807.0
test,l1config-40_l2config-25,44,32.0,2.0,2.0,16.0,8.0,12.5,7.9764155488836215,12.463149295130659,46.057086562381585,0.0,98.53562766458617,34078720.0,4194304.0,38273024.0,545259520.0,67108864.0,612368384.0,16.0,16.0,545500408.0,250636208.0,796136616.0,17438332.0,0.0,0.0,0.0,30700854.0,30648514.535714287,2483027968.0,1.4442526058859961,1343.405789011952,33005504.0,144965632.0,199029695.0
test,l1config-40_l2config-25,45,32.0,2.0,2.0,16.0,8.0,12.5,7.976406775120552,12.463135586125862,46.05689793616507,0.0,98.49580728419343,34078720.0,4194304.0,38273024.0,545259520.0,67108864.0,612368384.0,16.0,16.0,545497880.0,250635860.0,796133740.0,17408820.0,0.0,0.0,0.0,30709559.0,30652533.125,2483027968.0,1.443843179533184,1343.701516894754,32998240.0,144965632.0,199036119.0
test,l1config-40_l2config-25,46,32.0,2.0,2.0,16.0,8.0,12.5,7.976342121752126,12.463034565237697,46.05681847603311,0.0,98.54115271859936,34078720.0,4194304.0,38273024.0,545259520.0,67108864.0,612368384.0,16.0,16.0,545503648.0,250583480.0,796087128.0,17428004.0,0.0,0.0,0.0,30700767.0,30652415.214285713,2483027968.0,1.4442569338323017,1343.146645632733,33011872.0,144965632.0,199024475.0
test,l1config-40_l2config-25,47,32.0,2.0,2.0,16.0,8.0,12.5,7.976418598816767,12.463154060651197,46.057711519005935,0.0,98.54962155245369,34078720.0,4194304.0,38273024.0,545259520.0,67108864.0,612368384.0,16.0,16.0,545498648.0,250565340.0,796063988.0,17413004.0,0.0,0.0,0.0,30695761.0,30647526.05357143,2483027968.0,1.444492163795068,1343.4305365742443,33004896.0,144965632.0,199030163.0
test,l1config-40_l2config-25,48,32.0,2.0,2.0,16.0,8.0,12.5,7.976399619149532,12.463124404921144,46.05772326686572,0.0,98.55106177331587,34078720.0,4194304.0,38273024.0,545259520.0,67108864.0,612368384.0,16.0,16.0,545499896.0,250620232.0,796120128.0,17438804.0,0.0,0.0,0.0,30700611.0,30653594.30357143,2483027968.0,1.4442644607572248,1342.9487743081916,33016736.0,144965632.0,199038187.0
test,l1config-40_l2config-25,49,32.0,2.0,2.0,16.0,8.0,12.5,7.976398434667132,12.463122554167395,46.056665194817136,0.0,98.52698867558254,34078720.0,4194304.0,38273024.0,545259520.0,67108864.0,612368384.0,16.0,16.0,545497400.0,250574424.0,796071824.0,17436344.0,0.0,0.0,0.0,30706092.0,30644896.875,2483027968.0,1.444006296759587,1343.1857060737111,33010912.0,144965632.0,199024201.0
test,l1config-100_l2config-10,0,32.0,2.0,3.0,16.0,8.0,12.5,7.97742664641812,12.464729135028312,30.207126760226544,0.0,98.60832322413151,34078720.0,4194304.0,38273024.0,545259520.0,67108864.0,612368384.0,16.0,16.0,603215444.0,251846692.0,855062136.0,17135324.0,0.0,0.0,0.0,31377588.0,31316922.48214286,2483027968.0,1.4131049207237492,1314.5210976279786,33730752.0,144965632.0,213761946.0
test,l1config-100_l2config-10,1,32.0,2.0,3.0,16.0,8.0,12.5,7.977459449318702,12.464780389560472,30.201390685584826,0.0,98.62032311814471,34078720.0,4194304.0,38273024.0,545259520.0,67108864.0,612368384.0,16.0,16.0,603257724.0,251844340.0,855102064.0,17134712.0,0.0,0.0,0.0,31366615.0,31314054.64285714,2483027968.0,1.413598569882022,1314.7031953567428,33726080.0,144965632.0,213762284.0
test,l1config-100_l2config-10,2,32.0,2.0,3.0,16.0,8.0,12.5,7.97746459508914,12.46478842982678,30.204694022598886,0.0,98.64419562203625,34078720.0,4194304.0,38273024.0,545259520.0,67108864.0,612368384.0,16.0,16.0,603245040.0,251797372.0,855042412.0,17135940.0,0.0,0.0,0.0,31373592.0,31316792.839285713,2483027968.0,1.4132842411615225,1314.3752064016944,33734496.0,144965632.0,213763410.0
test,l1config-100_l2config-10,3,32.0,2.0,3.0,16.0,8.0,12.5,7.977432763683841,12.464738693256,30.214539169955952,0.0,98.59067976122715,34078720.0,4194304.0,38273024.0,545259520.0,67108864.0,612368384.0,16.0,16.0,603342808.0,251808372.0,855151180.0,17140784.0,0.0,0.0,0.0,31368645.0,31318552.64285714,2483027968.0,1.413507179923062,1314.4949096384769,33731424.0,144965632.0,213769583.0
test,l1config-100_l2config-10,4,32.0,2.0,3.0,16.0,8.0,12.5,7.977462947750992,12.464785855860926,30.216989046568226,0.0,98.64043722135106,34078720.0,4194304.0,38273024.0,545259520.0,67108864.0,612368384.0,16.0,16.0,603237436.0,251840032.0,855077468.0,17133484.0,0.0,0.0,0.0,31367085.0,31317059.85714286,2483027968.0,1.4135774563097847,1314.706937619882,33725984.0,144965632.0,213756570.0
test,l1config-100_l2config-10,5,32.0,2.0,3.0,16.0,8.0,12.5,7.977474402743606,12.464803754286885,30.20943295539561,0.0,98.64409946957568,34078720.0,4194304.0,38273024.0,545259520.0,67108864.0,612368384.0,16.0,16.0,603260944.0,251843468.0,855104412.0,17132348.0,0.0,0.0,0.0,31380457.0,31322253.35714286,2483027968.0,1.4129750276918362,1314.5909373682775,33728960.0,144965632.0,213768394.0
test,l1config-100_l2config-10,6,32.0,2.0,3.0,16.0,8.0,12.5,7.977427497594903,12.464730464992035,30.200543055208563,0.0,98.63317814537373,34078720.0,4194304.0,38273024.0,545259520.0,67108864.0,612368384.0,16.0,16.0,603258068.0,251813916.0,855071984.0,17128204.0,0.0,0.0,0.0,31368473.0,31316644.60714286,2483027968.0,1.413514648851274,1314.1346189802366,33740672.0,144965632.0,213769094.0
test,l1config-100_l2config-10,7,32.0,2.0,3.0,16.0,8.0,12.5,7.97744677670028,12.464760588594187,30.218340092325917,0.0,98.62023097970336,34078720.0,4194304.0,38273024.0,545259520.0,67108864.0,612368384.0,16.0,16.0,603281068.0,251858800.0,855139868.0,17134840.0,0.0,0.0,0.0,31374570.0,31315189.625,2483027968.0,1.4132399050860784,1314.5672409103236,33729568.0,144965632.0,213778669.0
test,l1config-100_l2config-10,8,32.0,2.0,3.0,16.0,8.0,12.5,7.977391979705318,12.46467496828956,30.195631399460883,0.0,98.60761991992067,34078720.0,4194304.0,38273024.0,545259520.0,67108864.0,612368384.0,16.0,16.0,603208656.0,251768268.0,854976924.0,17131848.0,0.0,0.0,0.0,31376796.0,31321575.80357143,2483027968.0,1.4131401281228444,1314.1894601748616,33739264.0,144965632.0,213750480.0
test,l1config-100_l2config-10,9,32.0,2.0,3.0,16.0,8.0,12.5,7.977495063725946,12.46483603707179,30.195218075358337,0.0,98.63962117776268,34078720.0,4194304.0,38273024.0,545259520.0,67108864.0,612368384.0,16.0,16.0,603270492.0,251785136.0,855055628.0,17161024.0,0.0,0.0,0.0,31371249.0,31323166.10714286,2483027968.0,1.413390019330438,1314.496156661935,33731392.0,144965632.0,213769135.0
test,l1config-100_l2config-10,10,32.0,2.0,3.0,16.0,8.0,12.5,7.977462244911481,12.46478475767419,30.209582386595063,0.0,98.6190255364042,34078720.0,4194304.0,38273024.0,545259520.0,67108864.0,612368384.0,16.0,16.0,603205952.0,251798916.0,855004868.0,17137836.0,0.0,0.0,0.0,31368294.0,31318759.69642857,2483027968.0,1.413522872649353,1314.2829500352238,33736864.0,144965632.0,213767526.0
test,l1config-100_l2config-10,11,32.0,2.0,3.0,16.0,8.0,12.5,7.9774728486120035,12.464801325956255,30.20606636370872,0.0,98.62479169102957,34078720.0,4194304.0,38273024.0,545259520.0,67108864.0,612368384.0,16.0,16.0,603241156.0,251793928.0,855035084.0,17136540.0,0.0,0.0,0.0,31366638.0,31321608.089285713,2483027968.0,1.4135973080072624,1314.9090514714105,33720800.0,144965632.0,213804103.0
test,l1config-100_l2config-10,12,32.0,2.0,3.0,16.0,8.0,12.5,7.977475088647995,12.464804826012491,30.203104561344368,0.0,98.62714705205337,34078720.0,4194304.0,38273024.0,545259520.0,67108864.0,612368384.0,16.0,16.0,603310764.0,251791604.0,855102368.0,17128164.0,0.0,0.0,0.0,31376567.0,31312049.660714287,2483027968.0,1.4131502616936427,1314.5223447011253,33730720.0,144965632.0,213778258.0
test,l1config-100_l2config-10,13,32.0,2.0,3.0,16.0,8.0,12.5,7.977488723791939,12.464826130924905,30.209146073677456,0.0,98.63347724189609,34078720.0,4194304.0,38273024.0,545259520.0,67108864.0,612368384.0,16.0,16.0,603286048.0,251830220.0,855116268.0,17131036.0,0.0,0.0,0.0,31367307.0,31310400.39285714,2483027968.0,1.413567372942592,1314.684484360609,33726560.0,144965632.0,213759416.0
test,l1config-100_l2config-10,14,32.0,2.0,3.0,16.0,8.0,12.5,7.977387692867405,12.464668270105319,30.1960373666247,0.0,98.5880371840788,34078720.0,4194304.0,38273024.0,545259520.0,67108864.0,612368384.0,16.0,16.0,603252448.0,251782460.0,855034908.0,17129764.0,0.0,0.0,0.0,31365047.0,31323547.589285713,2483027968.0,1.4136690131068586,1314.5198505571984,33730784.0,144965632.0,213768162.0
test,l1config-100_l2config-10,15,32.0,2.0,3.0,16.0,8.0,12.5,7.977486152874434,12.464822113866303,30.201915023202613,0.0,98.63353186401193,34078720.0,4194304.0,38273024.0,545259520.0,67108864.0,612368384.0,16.0,16.0,603358688.0,251801480.0,855160168.0,17138952.0,0.0,0.0,0.0,31363701.0,31311929.76785714,2483027968.0,1.4137298622342314,1314.211896528316,33738688.0,144965632.0,213781345.0
test,l1config-100_l2config-10,16,32.0,2.0,3.0,16.0,8.0,12.5,7.977458782559774,12.464779347749646,30.205923312411375,0.0,98.6265786401374,34078720.0,4194304.0,38273024.0,545259520.0,67108864.0,612368384.0,16.0,16.0,603272284.0,251847156.0,855119440.0,17129696.0,0.0,0.0,0.0,31365268.0,31314950.44642857,2483027968.0,1.4136596721027648,1314.9677010711357,33719296.0,144965632.0,213771995.0
test,l1config-100_l2config-10,17,32.0,2.0,3.0,16.0,8.0,12.5,7.977433695551457,12.464740149299152,30.202836477281835,0.0,98.62732953099042,34078720.0,4194304.0,38273024.0,545259520.0,67108864.0,612368384.0,16.0,16.0,603263272.0,251837268.0,855100540.0,17137556.0,0.0,0.0,0.0,31365623.0,31316398.94642857,2483027968.0,1.4136431312789337,1314.1383580072002,33740576.0,144965632.0,213768136.0
test,l1config-100_l2config-10,18,32.0,2.0,3.0,16.0,8.0,12.5,7.9774352878445765,12.464742637257151,30.214952539724322,0.0,98.63116045320419,34078720.0,4194304.0,38273024.0,545259520.0,67108864.0,612368384.0,16.0,16.0,603272540.0,251782952.0,855055492.0,17134644.0,0.0,0.0,0.0,31369778.0,31316603.464285713,2483027968.0,1.4134558571152145,1314.0548581399821,33742720.0,144965632.0,213761562.0
test,l1config-100_l2config-10,19,32.0,2.0,3.0,16.0,8.0,12.5,7.97744517274223,12.464758082409734,30.200815716403046,0.0,98.6185664379399,34078720.0,4194304.0,38273024.0,545259520.0,67108864.0,612368384.0,16.0,16.0,603303688.0,251833568.0,855137256.0,17132808.0,0.0,0.0,0.0,31364538.0,31314846.98214286,2483027968.0,1.4136919548663789,1314.6545478745643,33727328.0,144965632.0,213771395.0
test,l1config-100_l2config-10,20,32.0,2.0,3.0,16.0,8.0,12.5,7.977426324023251,12.46472863128633,30.21264190242739,0.0,98.64511064309177,34078720.0,4194304.0,38273024.0,545259520.0,67108864.0,612368384.0,16.0,16.0,603299776.0,251735496.0,855035272.0,17153412.0,0.0,0.0,0.0,31369670.0,31312812.60714286,2483027968.0,1.413461331670871,1314.5398039736278,33730272.0,144965632.0,213761835.0
test,l1config-100_l2config-10,21,32.0,2.0,3.0,16.0,8.0,12.5,7.977454091386685,12.464772017791695,30.201205208767774,0.0,98.63880776615896,34078720.0,4194304.0,38273024.0,545259520.0,67108864.0,612368384.0,16.0,16.0,603273860.0,251758552.0,855032412.0,17134008.0,0.0,0.0,0.0,31368304.0,31318906.964285713,2483027968.0,1.413522207982666,1314.8429209646029,33722496.0,144965632.0,213756854.0
test,l1config-100_l2config-10,22,32.0,2.0,3.0,16.0,8.0,12.5,7.977426374967773,12.464728710887146,30.203273744781097,0.0,98.61658262944792,34078720.0,4194304.0,38273024.0,545259520.0,67108864.0,612368384.0,16.0,16.0,603296032.0,251769424.0,855065456.0,17157348.0,0.0,0.0,0.0,31357603.0,31319303.535714287,2483027968.0,1.4140046161816198,1314.5186034887843,33730816.0,144965632.0,213771598.0
test,l1config-100_l2config-10,23,32.0,2.0,3.0,16.0,8.0,12.5,7.977418374518759,12.46471621018556,30.197029223058948,0.0,98.61185222762484,34078720.0,4194304.0,38273024.0,545259520.0,67108864.0,612368384.0,16.0,16.0,603251468.0,251790392.0,855041860.0,17129260.0,0.0,0.0,0.0,31373058.0,31315190.01785714,2483027968.0,1.4133081051893646,1314.2268545228928,33738304.0,144965632.0,213756486.0
test,l1config-100_l2config-10,24,32.0,2.0,3.0,16.0,8.0,12.5,7.977468496760738,12.464794526188653,30.20642494129057,0.0,98.61414746669679,34078720.0,4194304.0,38273024.0,545259520.0,67108864.0,612368384.0,16.0,16.0,603283180.0,251890232.0,855173412.0,17134960.0,0.0,0.0,0.0,31362633.0,31317413.01785714,2483027968.0,1.4137778240526524,1314.0635815103049,33742496.0,144965632.0,213739700.0
test,l1config-100_l2config-10,25,32.0,2.0,3.0,16.0,8.0,12.5,7.977386597042947,12.464666557879605,30.204222064968867,0.0,98.64011790918993,34078720.0,4194304.0,38273024.0,545259520.0,67108864.0,612368384.0,16.0,16.0,603222416.0,251755608.0,854978024.0,17133716.0,0.0,0.0,0.0,31373669.0,31314505.69642857,2483027968.0,1.4132809414797063,1314.5896901649812,33728992.0,144965632.0,213762699.0
test,l1config-100_l2config-10,26,32.0,2.0,3.0,16.0,8.0,12.5,7.97747862882145,12.464810357533516,30.19634848450627,0.0,98.5936939977241,34078720.0,4194304.0,38273024.0,545259520.0,67108864.0,612368384.0,16.0,16.0,603314164.0,251769124.0,855083288.0,17137860.0,0.0,0.0,0.0,31362644.0,31317269.785714287,2483027968.0,1.4137777338958055,1314.2156359950388,33738592.0,144965632.0,213764388.0
test,l1config-100_l2config-10,27,32.0,2.0,3.0,16.0,8.0,12.5,7.977440961907668,12.46475150298073,30.20358914337495,0.0,98.63629159027157,34078720.0,4194304.0,38273024.0,545259520.0,67108864.0,612368384.0,16.0,16.0,603289912.0,251782252.0,855072164.0,17135336.0,0.0,0.0,0.0,31368109.0,31315785.589285713,2483027968.0,1.413531333122306,1314.829196598613,33722848.0,144965632.0,213765097.0
test,l1config-100_l2config-10,28,32.0,2.0,3.0,16.0,8.0,12.5,7.977351130335639,12.464611141149435,30.204885345666256,0.0,98.6353649929761,34078720.0,4194304.0,38273024.0,545259520.0,67108864.0,612368384.0,16.0,16.0,603233392.0,251782936.0,855016328.0,17159572.0,0.0,0.0,0.0,31367002.0,31317961.51785714,2483027968.0,1.4135810390380161,1314.6345909746115,33727840.0,144965632.0,213756623.0
test,l1config-100_l2config-10,29,32.0,2.0,3.0,16.0,8.0,12.5,7.977445480268792,12.464758562919988,30.20550640879925,0.0,98.62085512952035,34078720.0,4194304.0,38273024.0,545259520.0,67108864.0,612368384.0,16.0,16.0,603315116.0,251801192.0,855116308.0,17136204.0,0.0,0.0,0.0,31359031.0,31317549.39285714,2483027968.0,1.4139405420884934,1314.7668167276495,33724448.0,144965632.0,213744402.0
test,l1config-100_l2config-10,30,32.0,2.0,3.0,16.0,8.0,12.5,7.977494453892029,12.464835084206296,30.209573227967134,0.0,98.6330241917207,34078720.0,4194304.0,38273024.0,545259520.0,67108864.0,612368384.0,16.0,16.0,603295556.0,251770600.0,855066156.0,17150488.0,0.0,0.0,0.0,31378443.0,31315292.089285713,2483027968.0,1.4130659998430017,1314.8204630603384,33723072.0,144965632.0,213759774.0
test,l1config-100_l2config-10,31,32.0,2.0,3.0,16.0,8.0,12.5,7.977399255635989,12.464686336931234,30.201208675671992,0.0,98.62469014842684,34078720.0,4194304.0,38273024.0,545259520.0,67108864.0,612368384.0,16.0,16.0,603273608.0,251801676.0,855075284.0,17139244.0,0.0,0.0,0.0,31359797.0,31312075.51785714,2483027968.0,1.4139055314995466,1314.4537591916499,33732480.0,144965632.0,213756262.0
test,l1config-100_l2config-10,32,32.0,2.0,3.0,16.0,8.0,12.5,7.977436247549805,12.46474413679657,30.21009447159991,0.0,98.6274376286189,34078720.0,4194304.0,38273024.0,545259520.0,67108864.0,612368384.0,16.0,16.0,603293556.0,251843052.0,855136608.0,17133888.0,0.0,0.0,0.0,31364391.0,31320314.42857143,2483027968.0,1.4136990426233886,1314.4400429485775,33732832.0,144965632.0,213761545.0
test,l1config-100_l2config-10,33,32.0,2.0,3.0,16.0,8.0,12.5,7.977398442594626,12.464685066554102,30.20943936823821,0.0,98.62074535618278,34078720.0,4194304.0,38273024.0,545259520.0,67108864.0,612368384.0,16.0,16.0,603248672.0,251839744.0,855088416.0,17129004.0,0.0,0.0,0.0,31369160.0,31316286.94642857,2483027968.0,1.4134841991005473,1314.185720857098,33739360.0,144965632.0,213768207.0
test,l1config-100_l2config-10,34,32.0,2.0,3.0,16.0,8.0,12.5,7.977379186449327,12.464654978827074,30.194999280130837,0.0,98.6349706034104,34078720.0,4194304.0,38273024.0,545259520.0,67108864.0,612368384.0,16.0,16.0,603323076.0,251869184.0,855192260.0,17132960.0,0.0,0.0,0.0,31368008.0,31319417.964285713,2483027968.0,1.4135357380158258,1314.5759710849147,33729344.0,144965632.0,213785881.0
test,l1config-100_l2config-10,35,32.0,2.0,3.0,16.0,8.0,12.5,7.977437030645196,12.464745360383118,30.22418892166023,0.0,98.62781555089997,34078720.0,4194304.0,38273024.0,545259520.0,67108864.0,612368384.0,16.0,16.0,603223584.0,251820268.0,855043852.0,17134808.0,0.0,0.0,0.0,31366079.0,31318488.98214286,2483027968.0,1.4136224557934665,1314.63209640472,33727904.0,144965632.0,213768347.0
test,l1config-100_l2config-10,36,32.0,2.0,3.0,16.0,8.0,12.5,7.977552687714861,12.464926074554471,30.207557366887784,0.0,98.61377280111186,34078720.0,4194304.0,38273024.0,545259520.0,67108864.0,612368384.0,16.0,16.0,603300064.0,251764640.0,855064704.0,17129024.0,0.0,0.0,0.0,31366075.0,31315845.85714286,2483027968.0,1.4136231205544338,1314.220621983773,33738464.0,144965632.0,213756447.0
test,l1config-100_l2config-10,37,32.0,2.0,3.0,16.0,8.0,12.5,7.977526953022243,12.464885864097255,30.21124228289199,0.0,98.6320860590072,34078720.0,4194304.0,38273024.0,545259520.0,67108864.0,612368384.0,16.0,16.0,603211664.0,251741548.0,854953212.0,17130564.0,0.0,0.0,0.0,31366716.0,31319397.25,2483027968.0,1.413594006863413,1314.6009150798423,33728704.0,144965632.0,213757748.0
test,l1config-100_l2config-10,38,32.0,2.0,3.0,16.0,8.0,12.5,7.977511248565595,12.464861325883742,30.21121939343304,0.0,98.629388485091,34078720.0,4194304.0,38273024.0,545259520.0,67108864.0,612368384.0,16.0,16.0,603356580.0,251801528.0,855158108.0,17130568.0,0.0,0.0,0.0,31358479.0,31319100.410714287,2483027968.0,1.4139654991816968,1314.4188456814147,33733376.0,144965632.0,213776953.0
test,l1config-100_l2config-10,39,32.0,2.0,3.0,16.0,8.0,12.5,7.977398698064497,12.464685465725776,30.203110408781313,0.0,98.61874686383833,34078720.0,4194304.0,38273024.0,545259520.0,67108864.0,612368384.0,16.0,16.0,603280208.0,251761684.0,855041892.0,17134220.0,0.0,0.0,0.0,31369926.0,31320088.89285714,2483027968.0,1.41344914352049,1314.2841966565545,33736832.0,144965632.0,213782188.0
test,l1config-100_l2config-10,40,32.0,2.0,3.0,16.0,8.0,12.5,7.977414666186054,12.46471041591571,30.215864434294414,0.0,98.61124784121232,34078720.0,4194304.0,38273024.0,545259520.0,67108864.0,612368384.0,16.0,16.0,603188600.0,251833792.0,855022392.0,17141760.0,0.0,0.0,0.0,31374854.0,31319499.76785714,2483027968.0,1.4132276081456916,1314.8641319119706,33721952.0,144965632.0,213781055.0
test,l1config-100_l2config-10,41,32.0,2.0,3.0,16.0,8.0,12.5,7.977386841477808,12.464666939809076,30.207177403880177,0.0,98.63906145279161,34078720.0,4194304.0,38273024.0,545259520.0,67108864.0,612368384.0,16.0,16.0,603219156.0,251775224.0,854994380.0,17134616.0,0.0,0.0,0.0,31371518.0,31317541.73214286,2483027968.0,1.4133779788318732,1314.221868486868,33738432.0,144965632.0,213765049.0
test,l1config-100_l2config-10,42,32.0,2.0,3.0,16.0,8.0,12.5,7.9774874636442235,12.4648241619441,30.202317984395226,0.0,98.62628031417022,34078720.0,4194304.0,38273024.0,545259520.0,67108864.0,612368384.0,16.0,16.0,603301068.0,251807276.0,855108344.0,17129412.0,0.0,0.0,0.0,31373825.0,31316132.5,2483027968.0,1.4132739142223407,1314.6557952009298,33727296.0,144965632.0,213782884.0
test,l1config-100_l2config-10,43,32.0,2.0,3.0,16.0,8.0,12.5,7.977531888114148,12.464893575178356,30.1959311414219,0.0,98.58625962513482,34078720.0,4194304.0,38273024.0,545259520.0,67108864.0,612368384.0,16.0,16.0,603308740.0,251762200.0,855070940.0,17128748.0,0.0,0.0,0.0,31367521.0,31316465.785714287,2483027968.0,1.4135576502342548,1314.5959262051274,33728832.0,144965632.0,213772303.0
test,l1config-100_l2config-10,44,32.0,2.0,3.0,16.0,8.0,12.5,7.977490899646651,12.464829530697893,30.197708240985783,0.0,98.63016385022307,34078720.0,4194304.0,38273024.0,545259520.0,67108864.0,612368384.0,16.0,16.0,603362928.0,251766740.0,855129668.0,17127252.0,0.0,0.0,0.0,31375715.0,31316283.01785714,2483027968.0,1.4131885341236372,1314.474957584917,33731936.0,144965632.0,213779992.0
test,l1config-100_l2config-10,45,32.0,2.0,3.0,16.0,8.0,12.5,7.977420727549718,12.464719886796434,30.21745852456961,0.0,98.62309753737165,34078720.0,4194304.0,38273024.0,545259520.0,67108864.0,612368384.0,16.0,16.0,603332956.0,251786584.0,855119540.0,17130524.0,0.0,0.0,0.0,31360253.0,31323489.660714287,2483027968.0,1.413885445717697,1314.5797126238078,33729248.0,144965632.0,213771503.0
test,l1config-100_l2config-10,46,32.0,2.0,3.0,16.0,8.0,12.5,7.977471316636199,12.46479893224406,30.20732621021255,0.0,98.6309806210261,34078720.0,4194304.0,38273024.0,545259520.0,67108864.0,612368384.0,16.0,16.0,603292012.0,251838396.0,855130408.0,17133776.0,0.0,0.0,0.0,31376582.0,31313847.26785714,2483027968.0,1.4131494735218126,1314.4874275474126,33731616.0,144965632.0,213772952.0
test,l1config-100_l2config-10,47,32.0,2.0,3.0,16.0,8.0,12.5,7.977446918340348,12.464760809906794,30.202388497437237,0.0,98.62078253962912,34078720.0,4194304.0,38273024.0,545259520.0,67108864.0,612368384.0,16.0,16.0,603263280.0,251849580.0,855112860.0,17130640.0,0.0,0.0,0.0,31377562.0,31315818.60714286,2483027968.0,1.4131053823380346,1314.5485337837983,33730048.0,144965632.0,213773564.0
test,l1config-100_l2config-10,48,32.0,2.0,3.0,16.0,8.0,12.5,7.97744122556792,12.464751914949874,30.214162248873468,0.0,98.6268208695301,34078720.0,4194304.0,38273024.0,545259520.0,67108864.0,612368384.0,16.0,16.0,603201156.0,251799596.0,855000752.0,17148048.0,0.0,0.0,0.0,31367547.0,31317369.05357143,2483027968.0,1.4135565010933244,1314.3814404071015,33734336.0,144965632.0,213776198.0
test,l1config-100_l2config-10,49,32.0,2.0,3.0,16.0,8.0,12.5,7.977438821211953,12.464748158143676,30.221101027262236,0.0,98.62940234208364,34078720.0,4194304.0,38273024.0,545259520.0,67108864.0,612368384.0,16.0,16.0,603268368.0,251767876.0,855036244.0,17129944.0,0.0,0.0,0.0,31366505.0,31318987.910714287,2483027968.0,1.4136032906656115,1314.1209093967373,33741024.0,144965632.0,213778009.0
test,l1config-100_l2config-85,0,32.0,2.0,3.0,16.0,8.0,12.5,7.977378926694652,12.464654572960395,30.25047414823529,0.0,98.61438495845975,34078720.0,4194304.0,38273024.0,545259520.0,67108864.0,612368384.0,16.0,16.0,603089544.0,251734672.0,854824216.0,17147144.0,0.0,0.0,0.0,31372649.0,31319737.214285713,2483027968.0,1.4133267780298704,1314.3914149387547,33734080.0,144965632.0,213705096.0
test,l1config-100_l2config-85,1,32.0,2.0,3.0,16.0,8.0,12.5,7.977491500012011,12.464830468768767,30.25781937477087,0.0,98.67803740434329,34078720.0,4194304.0,38273024.0,545259520.0,67108864.0,612368384.0,16.0,16.0,603151576.0,251788244.0,854939820.0,17141520.0,0.0,0.0,0.0,31368020.0,31314030.589285713,2483027968.0,1.4135349944768862,1314.5847013754624,33729120.0,144965632.0,213733049.0
test,l1config-100_l2config-85,2,32.0,2.0,3.0,16.0,8.0,12.5,7.977462007867435,12.464784387292866,30.258511351588368,0.0,98.63948993393498,34078720.0,4194304.0,38273024.0,545259520.0,67108864.0,612368384.0,16.0,16.0,603105716.0,251781252.0,854886968.0,17131092.0,0.0,0.0,0.0,31369027.0,31314931.44642857,2483027968.0,1.4134897076707935,1314.526085934762,33730624.0,144965632.0,213713846.0
test,l1config-100_l2config-85,3,32.0,2.0,3.0,16.0,8.0,12.5,7.977397157123459,12.464683058005404,30.264302982614392,0.0,98.60540076448979,34078720.0,4194304.0,38273024.0,545259520.0,67108864.0,612368384.0,16.0,16.0,603096136.0,251767784.0,854863920.0,17136156.0,0.0,0.0,0.0,31363374.0,31323923.19642857,2483027968.0,1.413744556956873,1314.4175988046372,33733408.0,144965632.0,213727144.0
test,l1config-100_l2config-85,4,32.0,2.0,3.0,16.0,8.0,12.5,7.977460732948021,12.464782395231284,30.25831376803336,0.0,98.65936193157071,34078720.0,4194304.0,38273024.0,545259520.0,67108864.0,612368384.0,16.0,16.0,603014844.0,251771960.0,854786804.0,17128412.0,0.0,0.0,0.0,31372311.0,31316774.464285713,2483027968.0,1.4133421288708314,1314.4562530847818,33732416.0,144965632.0,213725067.0
test,l1config-100_l2config-85,5,32.0,2.0,3.0,16.0,8.0,12.5,7.977409390393786,12.464702172490291,30.253176155238688,0.0,98.62176947212279,34078720.0,4194304.0,38273024.0,545259520.0,67108864.0,612368384.0,16.0,16.0,603113920.0,251821352.0,854935272.0,17131592.0,0.0,0.0,0.0,31363093.0,31314651.69642857,2483027968.0,1.413757471436186,1314.4674757209843,33732128.0,144965632.0,213723989.0
test,l1config-100_l2config-85,6,32.0,2.0,3.0,16.0,8.0,12.5,7.977423036612623,12.464723494707224,30.25343792378544,0.0,98.6150337471649,34078720.0,4194304.0,38273024.0,545259520.0,67108864.0,612368384.0,16.0,16.0,603121624.0,251764812.0,854886436.0,17134784.0,0.0,0.0,0.0,31372191.0,31316488.5,2483027968.0,1.413347501180812,1314.2330871211273,33738144.0,144965632.0,213740062.0
test,l1config-100_l2config-85,7,32.0,2.0,3.0,16.0,8.0,12.5,7.977441624689352,12.464752538577113,30.262803705064258,0.0,98.62661898324475,34078720.0,4194304.0,38273024.0,545259520.0,67108864.0,612368384.0,16.0,16.0,603048124.0,251795480.0,854843604.0,17133812.0,0.0,0.0,0.0,31367270.0,31312076.410714287,2483027968.0,1.4135694572022284,1314.383934025822,33734272.0,144965632.0,213709518.0
test,l1config-100_l2config-85,8,32.0,2.0,3.0,16.0,8.0,12.5,7.977415709354797,12.46471204586687,30.261261384200438,0.0,98.62307672446204,34078720.0,4194304.0,38273024.0,545259520.0,67108864.0,612368384.0,16.0,16.0,603051524.0,251730688.0,854782212.0,17131872.0,0.0,0.0,0.0,31375011.0,31320758.23214286,2483027968.0,1.413220660243769,1314.6508059096698,33727424.0,144965632.0,213719390.0
test,l1config-100_l2config-85,9,32.0,2.0,3.0,16.0,8.0,12.5,7.977448319727237,12.464762999573807,30.260226270892787,0.0,98.61132139083037,34078720.0,4194304.0,38273024.0,545259520.0,67108864.0,612368384.0,16.0,16.0,603080976.0,251804228.0,854885204.0,17140900.0,0.0,0.0,0.0,31367955.0,31317306.92857143,2483027968.0,1.4135380249662548,1314.5422981932738,33730208.0,144965632.0,213719484.0
test,l1config-100_l2config-85,10,32.0,2.0,3.0,16.0,8.0,12.5,7.977442067742222,12.464753230847222,30.25788595126915,0.0,98.64604011252321,34078720.0,4194304.0,38273024.0,545259520.0,67108864.0,612368384.0,16.0,16.0,603058304.0,251814616.0,854872920.0,17136084.0,0.0,0.0,0.0,31368139.0,31318034.785714287,2483027968.0,1.413530375540391,1314.1645317917068,33739904.0,144965632.0,213713667.0
test,l1config-100_l2config-85,11,32.0,2.0,3.0,16.0,8.0,12.5,7.97747911444313,12.46481111631739,30.260439834158674,0.0,98.62011609414584,34078720.0,4194304.0,38273024.0,545259520.0,67108864.0,612368384.0,16.0,16.0,603096952.0,251734532.0,854831484.0,17131624.0,0.0,0.0,0.0,31369566.0,31315935.839285713,2483027968.0,1.413465691069594,1314.577218262179,33729312.0,144965632.0,213702334.0
test,l1config-100_l2config-85,12,32.0,2.0,3.0,16.0,8.0,12.5,7.9774815326629875,12.464814894785919,30.267995592625024,0.0,98.63948863904147,34078720.0,4194304.0,38273024.0,545259520.0,67108864.0,612368384.0,16.0,16.0,603110524.0,251814548.0,854925072.0,17137140.0,0.0,0.0,0.0,31371408.0,31312153.875,2483027968.0,1.4133829571983598,1314.2642509990455,33737344.0,144965632.0,213715030.0
test,l1config-100_l2config-85,13,32.0,2.0,3.0,16.0,8.0,12.5,7.977444864930347,12.464757601453668,30.25127837849415,0.0,98.63328609900508,34078720.0,4194304.0,38273024.0,545259520.0,67108864.0,612368384.0,16.0,16.0,603123380.0,251768816.0,854892196.0,17127668.0,0.0,0.0,0.0,31368105.0,31314834.48214286,2483027968.0,1.413531693624069,1314.1458361249574,33740384.0,144965632.0,213721747.0
test,l1config-100_l2config-85,14,32.0,2.0,3.0,16.0,8.0,12.5,7.977478312969578,12.464809864014965,30.24954130871868,0.0,98.64995986289922,34078720.0,4194304.0,38273024.0,545259520.0,67108864.0,612368384.0,16.0,16.0,603158472.0,251801512.0,854959984.0,17145796.0,0.0,0.0,0.0,31362118.0,31312417.375,2483027968.0,1.4138014004627542,1314.640827440759,33727680.0,144965632.0,213720956.0
test,l1config-100_l2config-85,15,32.0,2.0,3.0,16.0,8.0,12.5,7.977456858681951,12.464776341690548,30.256121041524054,0.0,98.61412390884234,34078720.0,4194304.0,38273024.0,545259520.0,67108864.0,612368384.0,16.0,16.0,603100032.0,251800652.0,854900684.0,17134900.0,0.0,0.0,0.0,31367523.0,31318317.17857143,2483027968.0,1.4135575150411073,1314.3926617658558,33734048.0,144965632.0,213736216.0
test,l1config-100_l2config-85,16,32.0,2.0,3.0,16.0,8.0,12.5,7.977480137548662,12.464812714919784,30.253716815876153,0.0,98.6253926908457,34078720.0,4194304.0,38273024.0,545259520.0,67108864.0,612368384.0,16.0,16.0,602994132.0,251786676.0,854780808.0,17129368.0,0.0,0.0,0.0,31370324.0,31314600.67857143,2483027968.0,1.4134317064952169,1314.6320964047197,33727904.0,144965632.0,213702067.0
test,l1config-100_l2config-85,17,32.0,2.0,3.0,16.0,8.0,12.5,7.9774389318525,12.464748331019532,30.27383007241683,0.0,98.62905243003877,34078720.0,4194304.0,38273024.0,545259520.0,67108864.0,612368384.0,16.0,16.0,603038340.0,251786064.0,854824404.0,17130312.0,0.0,0.0,0.0,31375314.0,31317737.375,2483027968.0,1.4132067759053752,1314.0286887239179,33743392.0,144965632.0,213731363.0
test,l1config-100_l2config-85,18,32.0,2.0,3.0,16.0,8.0,12.5,7.977469593623457,12.464796240036652,30.27013331777245,0.0,98.63971502072611,34078720.0,4194304.0,38273024.0,545259520.0,67108864.0,612368384.0,16.0,16.0,603089900.0,251788620.0,854878520.0,17134332.0,0.0,0.0,0.0,31366844.0,31312744.44642857,2483027968.0,1.4135883284813946,1314.3677256732635,33734688.0,144965632.0,213730572.0
test,l1config-100_l2config-85,19,32.0,2.0,3.0,16.0,8.0,12.5,7.977399806686318,12.464687197947372,30.26677137209315,0.0,98.62838141526106,34078720.0,4194304.0,38273024.0,545259520.0,67108864.0,612368384.0,16.0,16.0,603146200.0,251831512.0,854977712.0,17131344.0,0.0,0.0,0.0,31374151.0,31314888.589285713,2483027968.0,1.4132594432474144,1314.3914149387545,33734080.0,144965632.0,213693490.0
test,l1config-100_l2config-85,20,32.0,2.0,3.0,16.0,8.0,12.5,7.9775037312142265,12.464849580022229,30.274604419525048,0.0,98.63938415030023,34078720.0,4194304.0,38273024.0,545259520.0,67108864.0,612368384.0,16.0,16.0,603156544.0,251787076.0,854943620.0,17137876.0,0.0,0.0,0.0,31365767.0,31306856.75,2483027968.0,1.4136371370159895,1314.3303233083634,33735648.0,144965632.0,213708419.0
test,l1config-100_l2config-85,21,32.0,2.0,3.0,16.0,8.0,12.5,7.977478477604128,12.46481012125645,30.247280917192406,0.0,98.57585277084547,34078720.0,4194304.0,38273024.0,545259520.0,67108864.0,612368384.0,16.0,16.0,603107624.0,251801548.0,854909172.0,17136900.0,0.0,0.0,0.0,31371907.0,31319151.160714287,2483027968.0,1.4133602732515234,1314.5984206377518,33728768.0,144965632.0,213707457.0
test,l1config-100_l2config-85,22,32.0,2.0,3.0,16.0,8.0,12.5,7.977439365745214,12.464749008976897,30.26232366294329,0.0,98.65141760782646,34078720.0,4194304.0,38273024.0,545259520.0,67108864.0,612368384.0,16.0,16.0,603015488.0,251836744.0,854852232.0,17133772.0,0.0,0.0,0.0,31366439.0,31320756.98214286,2483027968.0,1.413606558052192,1314.0735512182102,33742240.0,144965632.0,213721533.0
test,l1config-100_l2config-85,23,32.0,2.0,3.0,16.0,8.0,12.5,7.977469667540955,12.464796355532743,30.262430640502203,0.0,98.6214362409695,34078720.0,4194304.0,38273024.0,545259520.0,67108864.0,612368384.0,16.0,16.0,603129772.0,251761396.0,854891168.0,17129412.0,0.0,0.0,0.0,31367724.0,31313265.660714287,2483027968.0,1.4135484909569762,1314.0212119393466,33743584.0,144965632.0,213727995.0
test,l1config-100_l2config-85,24,32.0,2.0,3.0,16.0,8.0,12.5,7.977519465500295,12.464874164844211,30.248978930108628,0.0,98.62716838386673,34078720.0,4194304.0,38273024.0,545259520.0,67108864.0,612368384.0,16.0,16.0,603097032.0,251818204.0,854915236.0,17134496.0,0.0,0.0,0.0,31366508.0,31310293.92857143,2483027968.0,1.413603516002132,1314.5547694334812,33729888.0,144965632.0,213704222.0
test,l1config-100_l2config-85,25,32.0,2.0,3.0,16.0,8.0,12.5,7.977386317427746,12.464666120980853,30.263444046262865,0.0,98.61976017735826,34078720.0,4194304.0,38273024.0,545259520.0,67108864.0,612368384.0,16.0,16.0,603106044.0,251765244.0,854871288.0,17132240.0,0.0,0.0,0.0,31373353.0,31318431.625,2483027968.0,1.4132950187279116,1314.4824395340227,33731744.0,144965632.0,213701770.0
test,l1config-100_l2config-85,26,32.0,2.0,3.0,16.0,8.0,12.5,7.977471852643329,12.464799769755201,30.264756161908267,0.0,98.62366459905135,34078720.0,4194304.0,38273024.0,545259520.0,67108864.0,612368384.0,16.0,16.0,603046808.0,251803716.0,854850524.0,17132624.0,0.0,0.0,0.0,31377374.0,31315194.73214286,2483027968.0,1.4131143332112381,1314.2841966565547,33736832.0,144965632.0,213724891.0
test,l1config-100_l2config-85,27,32.0,2.0,3.0,16.0,8.0,12.5,7.977475869336392,12.464806045838113,30.257074118201682,0.0,98.62738611371135,34078720.0,4194304.0,38273024.0,545259520.0,67108864.0,612368384.0,16.0,16.0,603103696.0,251782480.0,854886176.0,17129224.0,0.0,0.0,0.0,31365678.0,31309281.92857143,2483027968.0,1.413640787651279,1314.7817873568601,33724064.0,144965632.0,213695723.0
test,l1config-100_l2config-85,28,32.0,2.0,3.0,16.0,8.0,12.5,7.977463824619664,12.464787225968225,30.256047986712904,0.0,98.62687151226179,34078720.0,4194304.0,38273024.0,545259520.0,67108864.0,612368384.0,16.0,16.0,603009232.0,251792816.0,854802048.0,17128268.0,0.0,0.0,0.0,31370257.0,31313598.60714286,2483027968.0,1.4134347252775836,1314.6071512264846,33728544.0,144965632.0,213733012.0
test,l1config-100_l2config-85,29,32.0,2.0,3.0,16.0,8.0,12.5,7.977451058101235,12.46476727828318,30.26190827047594,0.0,98.59039255812414,34078720.0,4194304.0,38273024.0,545259520.0,67108864.0,612368384.0,16.0,16.0,603099548.0,251847168.0,854946716.0,17140364.0,0.0,0.0,0.0,31376795.0,31317427.67857143,2483027968.0,1.4131401506417296,1314.3290765995273,33735680.0,144965632.0,213724302.0
test,l1config-100_l2config-85,30,32.0,2.0,3.0,16.0,8.0,12.5,7.977460923476101,12.464782692931408,30.272955391592816,0.0,98.63186121336976,34078720.0,4194304.0,38273024.0,545259520.0,67108864.0,612368384.0,16.0,16.0,603092496.0,251782020.0,854874516.0,17132256.0,0.0,0.0,0.0,31370824.0,31316416.464285713,2483027968.0,1.4134087055992675,1314.8167201508807,33723168.0,144965632.0,213740641.0
test,l1config-100_l2config-85,31,32.0,2.0,3.0,16.0,8.0,12.5,7.977435532228371,12.46474301910683,30.265493802063382,0.0,98.62516232132424,34078720.0,4194304.0,38273024.0,545259520.0,67108864.0,612368384.0,16.0,16.0,603121516.0,251802152.0,854923668.0,17133388.0,0.0,0.0,0.0,31374128.0,31313221.55357143,2483027968.0,1.4132603103714172,1314.2742237521252,33737088.0,144965632.0,213728946.0
test,l1config-100_l2config-85,32,32.0,2.0,3.0,16.0,8.0,12.5,7.977496522591383,12.464838316549036,30.25817078306552,0.0,98.61536756097159,34078720.0,4194304.0,38273024.0,545259520.0,67108864.0,612368384.0,16.0,16.0,602984608.0,251767164.0,854751772.0,17129908.0,0.0,0.0,0.0,31367062.0,31315871.19642857,2483027968.0,1.4135785716854947,1314.2056641310674,33738848.0,144965632.0,213745483.0
test,l1config-100_l2config-85,33,32.0,2.0,3.0,16.0,8.0,12.5,7.977498545676752,12.464841477619926,30.254360538780507,0.0,98.62198714297115,34078720.0,4194304.0,38273024.0,545259520.0,67108864.0,612368384.0,16.0,16.0,603041352.0,251832592.0,854873944.0,17133296.0,0.0,0.0,0.0,31367466.0,31316480.57142857,2483027968.0,1.4135603315703587,1314.804243939925,33723488.0,144965632.0,213706914.0
test,l1config-100_l2config-85,34,32.0,2.0,3.0,16.0,8.0,12.5,7.97745703080168,12.464776610627624,30.26094472516248,0.0,98.63584722278156,34078720.0,4194304.0,38273024.0,545259520.0,67108864.0,612368384.0,16.0,16.0,603091296.0,251826600.0,854917896.0,17132228.0,0.0,0.0,0.0,31364506.0,31317572.464285713,2483027968.0,1.4136938930059098,1314.9140427230257,33720672.0,144965632.0,213724524.0
test,l1config-100_l2config-85,35,32.0,2.0,3.0,16.0,8.0,12.5,7.9773848749155984,12.464663867055622,30.25348098552113,0.0,98.63153326753081,34078720.0,4194304.0,38273024.0,545259520.0,67108864.0,612368384.0,16.0,16.0,603036976.0,251820952.0,854857928.0,17132808.0,0.0,0.0,0.0,31372024.0,31311290.44642857,2483027968.0,1.41335503599884,1314.4824395340227,33731744.0,144965632.0,213709368.0
test,l1config-100_l2config-85,36,32.0,2.0,3.0,16.0,8.0,12.5,7.977445773727904,12.46475902144985,30.266448674573642,0.0,98.62128272379233,34078720.0,4194304.0,38273024.0,545259520.0,67108864.0,612368384.0,16.0,16.0,603052920.0,251777764.0,854830684.0,17131404.0,0.0,0.0,0.0,31368656.0,31320511.035714287,2483027968.0,1.413506549066979,1314.3739596077096,33734528.0,144965632.0,213714971.0
test,l1config-100_l2config-85,37,32.0,2.0,3.0,16.0,8.0,12.5,7.977376707710198,12.464651105797184,30.263860286985427,0.0,98.62634142865133,34078720.0,4194304.0,38273024.0,545259520.0,67108864.0,612368384.0,16.0,16.0,603086968.0,251819732.0,854906700.0,17127992.0,0.0,0.0,0.0,31370190.0,31318843.785714287,2483027968.0,1.4134376877519204,1314.358998264384,33734912.0,144965632.0,213746234.0
test,l1config-100_l2config-85,38,32.0,2.0,3.0,16.0,8.0,12.5,7.977430081172028,12.464734501831295,30.256501233410177,0.0,98.63037031597757,34078720.0,4194304.0,38273024.0,545259520.0,67108864.0,612368384.0,16.0,16.0,603071208.0,251741244.0,854812452.0,17153788.0,0.0,0.0,0.0,31365238.0,31313091.285714287,2483027968.0,1.4136608890178968,1314.719411984213,33725664.0,144965632.0,213706408.0
test,l1config-100_l2config-85,39,32.0,2.0,3.0,16.0,8.0,12.5,7.977461391853447,12.464783424771012,30.245211012432282,0.0,98.62907790401403,34078720.0,4194304.0,38273024.0,545259520.0,67108864.0,612368384.0,16.0,16.0,603091468.0,251819984.0,854911452.0,17137756.0,0.0,0.0,0.0,31363382.0,31316503.14285714,2483027968.0,1.4137442301537384,1314.4200925605578,33733344.0,144965632.0,213707222.0
test,l1config-100_l2config-85,40,32.0,2.0,3.0,16.0,8.0,12.5,7.977413675759403,12.464708868374068,30.258449580097356,0.0,98.62742506783037,34078720.0,4194304.0,38273024.0,545259520.0,67108864.0,612368384.0,16.0,16.0,603116504.0,251740704.0,854857208.0,17140144.0,0.0,0.0,0.0,31369061.0,31314778.910714287,2483027968.0,1.413488288280489,1314.1919530651924,33739200.0,144965632.0,213725932.0
test,l1config-100_l2config-85,41,32.0,2.0,3.0,16.0,8.0,12.5,7.977400214497002,12.464687835151565,30.256589205859047,0.0,98.61287990213562,34078720.0,4194304.0,38273024.0,545259520.0,67108864.0,612368384.0,16.0,16.0,603029696.0,251790268.0,854819964.0,17138380.0,0.0,0.0,0.0,31371966.0,31317054.5,2483027968.0,1.413357502571075,1314.6283545676336,33728000.0,144965632.0,213733089.0
test,l1config-100_l2config-85,42,32.0,2.0,3.0,16.0,8.0,12.5,7.977403042895991,12.464692254524985,30.25457757116602,0.0,98.58599530689501,34078720.0,4194304.0,38273024.0,545259520.0,67108864.0,612368384.0,16.0,16.0,603076500.0,251762084.0,854838584.0,17133656.0,0.0,0.0,0.0,31365544.0,31319561.410714287,2483027968.0,1.413646973493007,1314.7543414637319,33724768.0,144965632.0,213715680.0
test,l1config-100_l2config-85,43,32.0,2.0,3.0,16.0,8.0,12.5,7.9774238219126135,12.464724721738458,30.265806215141026,0.0,98.62477529546419,34078720.0,4194304.0,38273024.0,545259520.0,67108864.0,612368384.0,16.0,16.0,602971088.0,251780520.0,854751608.0,17149816.0,0.0,0.0,0.0,31364668.0,31317421.214285713,2483027968.0,1.4136860841389494,1314.2555249642517,33737568.0,144965632.0,213745133.0
test,l1config-100_l2config-85,44,32.0,2.0,3.0,16.0,8.0,12.5,7.977440693610721,12.464751083766751,30.255466950869536,0.0,98.63788225326272,34078720.0,4194304.0,38273024.0,545259520.0,67108864.0,612368384.0,16.0,16.0,603000584.0,251820444.0,854821028.0,17140604.0,0.0,0.0,0.0,31369503.0,31309818.375,2483027968.0,1.4134684959682606,1314.3502709714032,33735136.0,144965632.0,213714002.0
test,l1config-100_l2config-85,45,32.0,2.0,3.0,16.0,8.0,12.5,7.977497052557672,12.464839144621362,30.256760948430173,0.0,98.6401852981768,34078720.0,4194304.0,38273024.0,545259520.0,67108864.0,612368384.0,16.0,16.0,603004904.0,251778136.0,854783040.0,17132244.0,0.0,0.0,0.0,31371480.0,31314347.10714286,2483027968.0,1.4133796007392752,1314.0124891315509,33743808.0,144965632.0,213680765.0
test,l1config-100_l2config-85,46,32.0,2.0,3.0,16.0,8.0,12.5,7.977424577319039,12.464725902060998,30.257338505119115,0.0,98.61781959590594,34078720.0,4194304.0,38273024.0,545259520.0,67108864.0,612368384.0,16.0,16.0,603082136.0,251744824.0,854826960.0,17134352.0,0.0,0.0,0.0,31362370.0,31310537.0,2483027968.0,1.4137900066023306,1314.5023918147174,33731232.0,144965632.0,213747822.0
test,l1config-100_l2config-85,47,32.0,2.0,3.0,16.0,8.0,12.5,7.977428436036762,12.46473193130744,30.260035678365448,0.0,98.63417764993424,34078720.0,4194304.0,38273024.0,545259520.0,67108864.0,612368384.0,16.0,16.0,603088600.0,251792532.0,854881132.0,17142968.0,0.0,0.0,0.0,31383471.0,31314256.785714287,2483027968.0,1.4128393961327284,1313.9813371919195,33744608.0,144965632.0,213704356.0
test,l1config-100_l2config-85,48,32.0,2.0,3.0,16.0,8.0,12.5,7.977455374512468,12.464774022675732,30.263234959166923,0.0,98.62275831649745,34078720.0,4194304.0,38273024.0,545259520.0,67108864.0,612368384.0,16.0,16.0,603149252.0,251824616.0,854973868.0,17132988.0,0.0,0.0,0.0,31369232.0,31315688.285714287,2483027968.0,1.4134806957172672,1314.3801936012894,33734368.0,144965632.0,213700147.0
test,l1config-100_l2config-85,49,32.0,2.0,3.0,16.0,8.0,12.5,7.977390949415564,12.464673358461818,30.256574837419148,0.0,98.63198147983627,34078720.0,4194304.0,38273024.0,545259520.0,67108864.0,612368384.0,16.0,16.0,603065252.0,251789240.0,854854492.0,17135048.0,0.0,0.0,0.0,31362776.0,31312684.660714287,2483027968.0,1.4137714905621332,1314.029934862952,33743360.0,144965632.0,213702090.0
test,l1config-60,0,32.0,2.0,2.0,16.0,8.0,12.5,7.976520740319839,12.46331365674975,46.060599425750674,0.0,98.53445864768379,34078720.0,4194304.0,38273024.0,545259520.0,67108864.0,612368384.0,16.0,16.0,545496912.0,250630012.0,796126924.0,17083500.0,0.0,0.0,0.0,30574404.0,30504014.535714287,2483027968.0,1.4502263096761887,1349.7552877195765,32850240.0,144965632.0,199030341.0
test,l1config-60,1,32.0,2.0,2.0,16.0,8.0,12.5,7.976521424807253,12.463314726261334,46.06389592983502,0.0,98.5277047487859,34078720.0,4194304.0,38273024.0,545259520.0,67108864.0,612368384.0,16.0,16.0,545492016.0,250657552.0,796149568.0,17079028.0,0.0,0.0,0.0,30556580.0,30515532.07142857,2483027968.0,1.4510725284550685,1349.2164265265978,32863360.0,144965632.0,199033924.0
test,l1config-60,2,32.0,2.0,2.0,16.0,8.0,12.5,7.976567997162222,12.463387495565973,46.063385658637856,0.0,98.53061108872123,34078720.0,4194304.0,38273024.0,545259520.0,67108864.0,612368384.0,16.0,16.0,545494948.0,250617364.0,796112312.0,17091596.0,0.0,0.0,0.0,30555891.0,30496609.60714286,2483027968.0,1.451104714218519,1349.196720251107,32863840.0,144965632.0,199026794.0
test,l1config-60,3,32.0,2.0,2.0,16.0,8.0,12.5,7.976554256569406,12.463366025889696,46.06404430086013,0.0,98.53966703332696,34078720.0,4194304.0,38273024.0,545259520.0,67108864.0,612368384.0,16.0,16.0,545498972.0,250630488.0,796129460.0,17084340.0,0.0,0.0,0.0,30573447.0,30512392.0,2483027968.0,1.4502715500384507,1349.2440162794092,32862688.0,144965632.0,199033044.0
test,l1config-60,4,32.0,2.0,2.0,16.0,8.0,12.5,7.976554024548179,12.46336566335653,46.0651937951613,0.0,98.55737238288151,34078720.0,4194304.0,38273024.0,545259520.0,67108864.0,612368384.0,16.0,16.0,545493756.0,250614336.0,796108092.0,17107276.0,0.0,0.0,0.0,30563848.0,30507387.75,2483027968.0,1.4507275264598618,1349.1205280684499,32865696.0,144965632.0,199021495.0
test,l1config-60,5,32.0,2.0,2.0,16.0,8.0,12.5,7.97655040559591,12.46336000874361,46.06474908736453,0.0,98.53274920146853,34078720.0,4194304.0,38273024.0,545259520.0,67108864.0,612368384.0,16.0,16.0,545494956.0,250614440.0,796109396.0,17084392.0,0.0,0.0,0.0,30557750.0,30508974.23214286,2483027968.0,1.4510170170074774,1349.368841165223,32859648.0,144965632.0,199024018.0
test,l1config-60,6,32.0,2.0,2.0,16.0,8.0,12.5,7.97656222024842,12.463378469138156,46.064026400831146,0.0,98.54540859211218,34078720.0,4194304.0,38273024.0,545259520.0,67108864.0,612368384.0,16.0,16.0,545497148.0,250616028.0,796113176.0,17080184.0,0.0,0.0,0.0,30556190.0,30516751.17857143,2483027968.0,1.4510910490445752,1349.7263622883145,32850944.0,144965632.0,199018391.0
test,l1config-60,7,32.0,2.0,2.0,16.0,8.0,12.5,7.976557260817536,12.4633707200274,46.06280442945359,0.0,98.51663576292542,34078720.0,4194304.0,38273024.0,545259520.0,67108864.0,612368384.0,16.0,16.0,545496024.0,250587352.0,796083376.0,17085788.0,0.0,0.0,0.0,30554107.0,30507801.285714287,2483027968.0,1.451190023490136,1349.2926295417626,32861504.0,144965632.0,199026217.0
test,l1config-60,8,32.0,2.0,2.0,16.0,8.0,12.5,7.976577709849187,12.463402671639354,46.064298526033404,0.0,98.53677019977629,34078720.0,4194304.0,38273024.0,545259520.0,67108864.0,612368384.0,16.0,16.0,545494256.0,250691600.0,796185856.0,17078612.0,0.0,0.0,0.0,30562852.0,30514665.839285713,2483027968.0,1.450774934183558,1349.3044549190492,32861216.0,144965632.0,199025924.0
test,l1config-60,9,32.0,2.0,2.0,16.0,8.0,12.5,7.9765542612125575,12.463366033144622,46.06307688858628,0.0,98.54291956475619,34078720.0,4194304.0,38273024.0,545259520.0,67108864.0,612368384.0,16.0,16.0,545494660.0,250661200.0,796155860.0,17084264.0,0.0,0.0,0.0,30559395.0,30519275.625,2483027968.0,1.4509387193719212,1349.16387773781,32864640.0,144965632.0,199017478.0
test,l1config-100_l2config-40,0,32.0,2.0,3.0,16.0,8.0,12.5,7.977460049758413,12.46478132774752,30.226615354621057,0.0,98.60323954236245,34078720.0,4194304.0,38273024.0,545259520.0,67108864.0,612368384.0,16.0,16.0,603207908.0,251771336.0,854979244.0,17133192.0,0.0,0.0,0.0,31362546.0,31310103.660714287,2483027968.0,1.4137819600103632,1314.6533005505662,33727360.0,144965632.0,213748798.0
test,l1config-100_l2config-40,1,32.0,2.0,3.0,16.0,8.0,12.5,7.9774029737637555,12.464692146505868,30.222605357232617,0.0,98.62789517179436,34078720.0,4194304.0,38273024.0,545259520.0,67108864.0,612368384.0,16.0,16.0,603232104.0,251811736.0,855043840.0,17134068.0,0.0,0.0,0.0,31365440.0,31311319.76785714,2483027968.0,1.4136516833322992,1314.8641319119706,33721952.0,144965632.0,213754367.0
test,l1config-100_l2config-40,2,32.0,2.0,3.0,16.0,8.0,12.5,7.977500639521448,12.464844749252263,30.235954652177615,0.0,98.64146220354327,34078720.0,4194304.0,38273024.0,545259520.0,67108864.0,612368384.0,16.0,16.0,603183180.0,251862328.0,855045508.0,17160776.0,0.0,0.0,0.0,31369742.0,31306891.42857143,2483027968.0,1.4134581776007056,1314.6308491233244,33727936.0,144965632.0,213734326.0
test,l1config-100_l2config-40,3,32.0,2.0,3.0,16.0,8.0,12.5,7.977468669373379,12.464794795895905,30.233791605141008,0.0,98.58013010768272,34078720.0,4194304.0,38273024.0,545259520.0,67108864.0,612368384.0,16.0,16.0,603163168.0,251873196.0,855036364.0,17132676.0,0.0,0.0,0.0,31367988.0,31316597.26785714,2483027968.0,1.4135366843392436,1314.8279489431845,33722880.0,144965632.0,213751119.0
test,l1config-100_l2config-40,4,32.0,2.0,3.0,16.0,8.0,12.5,7.977364891730146,12.464632643328354,30.230106480892545,0.0,98.62614890114882,34078720.0,4194304.0,38273024.0,545259520.0,67108864.0,612368384.0,16.0,16.0,603210992.0,251823528.0,855034520.0,17142720.0,0.0,0.0,0.0,31368855.0,31318680.07142857,2483027968.0,1.4134977284060821,1314.4849335359856,33731680.0,144965632.0,213764209.0
test,l1config-100_l2config-40,5,32.0,2.0,3.0,16.0,8.0,12.5,7.97746760224005,12.464793128500078,30.225053751140834,0.0,98.62020974102725,34078720.0,4194304.0,38273024.0,545259520.0,67108864.0,612368384.0,16.0,16.0,603159036.0,251810016.0,854969052.0,17141040.0,0.0,0.0,0.0,31374135.0,31311402.0,2483027968.0,1.4132598261332066,1314.5198505571984,33730784.0,144965632.0,213755326.0
test,l1config-100_l2config-40,6,32.0,2.0,3.0,16.0,8.0,12.5,7.977513415556303,12.464864711806724,30.226639388669412,0.0,98.62249434520662,34078720.0,4194304.0,38273024.0,545259520.0,67108864.0,612368384.0,16.0,16.0,603184356.0,251818760.0,855003116.0,17132408.0,0.0,0.0,0.0,31371452.0,31307657.57142857,2483027968.0,1.4133806482231173,1314.9215296714976,33720480.0,144965632.0,213759721.0
test,l1config-100_l2config-40,7,32.0,2.0,3.0,16.0,8.0,12.5,7.977412426263409,12.464706916036576,30.218258050408647,0.0,98.65891050725195,34078720.0,4194304.0,38273024.0,545259520.0,67108864.0,612368384.0,16.0,16.0,603193020.0,251836508.0,855029528.0,17131912.0,0.0,0.0,0.0,31376439.0,31315454.73214286,2483027968.0,1.4131558352195308,1314.4687226923918,33732096.0,144965632.0,213737270.0
test,l1config-100_l2config-40,8,32.0,2.0,3.0,16.0,8.0,12.5,7.977450697691863,12.464766715143535,30.230658170526777,0.0,98.62007704726079,34078720.0,4194304.0,38273024.0,545259520.0,67108864.0,612368384.0,16.0,16.0,603159244.0,251884300.0,855043544.0,17130408.0,0.0,0.0,0.0,31367508.0,31313474.375,2483027968.0,1.4135584613936836,1314.2492921531982,33737728.0,144965632.0,213763271.0
test,l1config-100_l2config-40,9,32.0,2.0,3.0,16.0,8.0,12.5,7.9775068150357935,12.464854398493427,30.237553060671807,0.0,98.6400685128032,34078720.0,4194304.0,38273024.0,545259520.0,67108864.0,612368384.0,16.0,16.0,603111576.0,251807336.0,854918912.0,17134012.0,0.0,0.0,0.0,31363339.0,31311431.55357143,2483027968.0,1.4137462022439151,1314.4013896217973,33733824.0,144965632.0,213745348.0
test,l1config-100_l2config-40,10,32.0,2.0,3.0,16.0,8.0,12.5,7.977404806037492,12.464695009433582,30.22166924315955,0.0,98.61298409198075,34078720.0,4194304.0,38273024.0,545259520.0,67108864.0,612368384.0,16.0,16.0,603201484.0,251802896.0,855004380.0,17153564.0,0.0,0.0,0.0,31364012.0,31316082.76785714,2483027968.0,1.4137159115455649,1314.6034095313994,33728640.0,144965632.0,213728130.0
test,l1config-100_l2config-40,11,32.0,2.0,3.0,16.0,8.0,12.5,7.977405085398474,12.464695445935115,30.233409275856125,0.0,98.64077630812696,34078720.0,4194304.0,38273024.0,545259520.0,67108864.0,612368384.0,16.0,16.0,603122520.0,251766264.0,854888784.0,17137512.0,0.0,0.0,0.0,31370682.0,31314168.55357143,2483027968.0,1.4134153850183648,1314.524838854517,33730656.0,144965632.0,213739478.0
test,l1config-100_l2config-40,12,32.0,2.0,3.0,16.0,8.0,12.5,7.977409323996357,12.464702068744307,30.228791169964982,0.0,98.62461513196764,34078720.0,4194304.0,38273024.0,545259520.0,67108864.0,612368384.0,16.0,16.0,603206592.0,251857544.0,855064136.0,17135336.0,0.0,0.0,0.0,31368364.0,31315897.125,2483027968.0,1.4135199661453997,1314.5460395404893,33730112.0,144965632.0,213766487.0
test,l1config-100_l2config-40,13,32.0,2.0,3.0,16.0,8.0,12.5,7.977407207192346,12.464698761238042,30.229375064128128,0.0,98.61465607742105,34078720.0,4194304.0,38273024.0,545259520.0,67108864.0,612368384.0,16.0,16.0,603200180.0,251853704.0,855053884.0,17131840.0,0.0,0.0,0.0,31364110.0,31313451.48214286,2483027968.0,1.413711584408903,1314.1358653201937,33740640.0,144965632.0,213724965.0
test,l1config-100_l2config-40,14,32.0,2.0,3.0,16.0,8.0,12.5,7.977441113737458,12.464751740214778,30.23951975058233,0.0,98.61653636308314,34078720.0,4194304.0,38273024.0,545259520.0,67108864.0,612368384.0,16.0,16.0,603116164.0,251797604.0,854913768.0,17136516.0,0.0,0.0,0.0,31372114.0,31316849.67857143,2483027968.0,1.413350936327049,1314.1296336440494,33740800.0,144965632.0,213730188.0
test,l1config-100_l2config-40,15,32.0,2.0,3.0,16.0,8.0,12.5,7.977412656259097,12.46470727540484,30.247769187686636,0.0,98.60985175144992,34078720.0,4194304.0,38273024.0,545259520.0,67108864.0,612368384.0,16.0,16.0,603191380.0,251809884.0,855001264.0,17133988.0,0.0,0.0,0.0,31354241.0,31315643.94642857,2483027968.0,1.4141560655990164,1314.4712166423042,33732032.0,144965632.0,213737668.0
test,l1config-100_l2config-40,16,32.0,2.0,3.0,16.0,8.0,12.5,7.977415486127558,12.46471169707431,30.229985784678476,0.0,98.6075572472042,34078720.0,4194304.0,38273024.0,545259520.0,67108864.0,612368384.0,16.0,16.0,603234228.0,251858900.0,855093128.0,17128364.0,0.0,0.0,0.0,31369215.0,31309621.07142857,2483027968.0,1.4134817996753979,1314.5036388523724,33731200.0,144965632.0,213742906.0
test,l1config-100_l2config-40,17,32.0,2.0,3.0,16.0,8.0,12.5,7.9774405774615085,12.464750902283606,30.22957675339306,0.0,98.62639671350064,34078720.0,4194304.0,38273024.0,545259520.0,67108864.0,612368384.0,16.0,16.0,603122392.0,251776096.0,854898488.0,17136540.0,0.0,0.0,0.0,31368958.0,31319762.23214286,2483027968.0,1.4134932674240972,1314.3565047402774,33734976.0,144965632.0,213786564.0
test,l1config-100_l2config-40,18,32.0,2.0,3.0,16.0,8.0,12.5,7.9774733138309735,12.464802052860897,30.23176570451091,0.0,98.63222695771086,34078720.0,4194304.0,38273024.0,545259520.0,67108864.0,612368384.0,16.0,16.0,603128440.0,251830952.0,854959392.0,17152052.0,0.0,0.0,0.0,31369654.0,31312889.85714286,2483027968.0,1.413462187778059,1314.4836865338214,33731712.0,144965632.0,213741335.0
test,l1config-100_l2config-40,19,32.0,2.0,3.0,16.0,8.0,12.5,7.977400073272036,12.464687614487556,30.225439301593344,0.0,98.64145199695366,34078720.0,4194304.0,38273024.0,545259520.0,67108864.0,612368384.0,16.0,16.0,603112740.0,251911112.0,855023852.0,17145584.0,0.0,0.0,0.0,31363522.0,31313397.98214286,2483027968.0,1.4137376828538069,1314.4213394420667,33733312.0,144965632.0,213745535.0
test,l1config-100_l2config-40,20,32.0,2.0,3.0,16.0,8.0,12.5,7.977488356906871,12.464825557666986,30.232547243168156,0.0,98.6377520205753,34078720.0,4194304.0,38273024.0,545259520.0,67108864.0,612368384.0,16.0,16.0,603142244.0,251802088.0,854944332.0,17154140.0,0.0,0.0,0.0,31370318.0,31318092.214285713,2483027968.0,1.4134318641924841,1314.6208709573623,33728192.0,144965632.0,213761145.0
test,l1config-100_l2config-40,21,32.0,2.0,3.0,16.0,8.0,12.5,7.977394151965296,12.464678362445774,30.227586133914414,0.0,98.62236285796816,34078720.0,4194304.0,38273024.0,545259520.0,67108864.0,612368384.0,16.0,16.0,603116500.0,251832824.0,854949324.0,17131120.0,0.0,0.0,0.0,31370166.0,31313951.48214286,2483027968.0,1.413438859228088,1314.6982057056978,33726208.0,144965632.0,213750444.0
test,l1config-100_l2config-40,22,32.0,2.0,3.0,16.0,8.0,12.5,7.977455594457737,12.464774366340215,30.210983986204106,0.0,98.65446363598281,34078720.0,4194304.0,38273024.0,545259520.0,67108864.0,612368384.0,16.0,16.0,603262116.0,251818408.0,855080524.0,17133260.0,0.0,0.0,0.0,31359751.0,31315678.55357143,2483027968.0,1.413908112710424,1314.4575000348964,33732384.0,144965632.0,213737916.0
test,l1config-100_l2config-40,23,32.0,2.0,3.0,16.0,8.0,12.5,7.977387874101522,12.464668553283628,30.23549947370674,0.0,98.60861224771305,34078720.0,4194304.0,38273024.0,545259520.0,67108864.0,612368384.0,16.0,16.0,603235472.0,251839352.0,855074824.0,17132736.0,0.0,0.0,0.0,31361695.0,31311624.39285714,2483027968.0,1.4138203230165314,1314.8341872440046,33722720.0,144965632.0,213748055.0
test,l1config-100_l2config-40,24,32.0,2.0,3.0,16.0,8.0,12.5,7.9774718785791165,12.46479981027987,30.23024400382116,0.0,98.63802786025612,34078720.0,4194304.0,38273024.0,545259520.0,67108864.0,612368384.0,16.0,16.0,603209460.0,251819784.0,855029244.0,17129924.0,0.0,0.0,0.0,31367868.0,31314980.30357143,2483027968.0,1.4135423172429493,1314.7955107331347,33723712.0,144965632.0,213738156.0
test,l1config-100_l2config-40,25,32.0,2.0,3.0,16.0,8.0,12.5,7.977410081701776,12.464703252659024,30.235449213260907,0.0,98.6227087976335,34078720.0,4194304.0,38273024.0,545259520.0,67108864.0,612368384.0,16.0,16.0,603144488.0,251861728.0,855006216.0,17128244.0,0.0,0.0,0.0,31369659.0,31316909.57142857,2483027968.0,1.413461669607795,1314.8192154214848,33723104.0,144965632.0,213755398.0
test,l1config-100_l2config-40,26,32.0,2.0,3.0,16.0,8.0,12.5,7.977443618043313,12.464755653192675,30.22461130626843,0.0,98.64113236162623,34078720.0,4194304.0,38273024.0,545259520.0,67108864.0,612368384.0,16.0,16.0,603244696.0,251808268.0,855052964.0,17139404.0,0.0,0.0,0.0,31371800.0,31315771.35714286,2483027968.0,1.4133652627563114,1314.3627385682832,33734816.0,144965632.0,213734600.0
test,l1config-100_l2config-40,27,32.0,2.0,3.0,16.0,8.0,12.5,7.977408457357975,12.464700714621836,30.2346476451899,0.0,98.61158252329408,34078720.0,4194304.0,38273024.0,545259520.0,67108864.0,612368384.0,16.0,16.0,603184832.0,251860564.0,855045396.0,17137116.0,0.0,0.0,0.0,31375675.0,31313794.714285713,2483027968.0,1.413190572225265,1314.7668167276495,33724448.0,144965632.0,213757076.0
test,l1config-100_l2config-40,28,32.0,2.0,3.0,16.0,8.0,12.5,7.977388214369122,12.464669084951753,30.229242809051787,0.0,98.63022321289873,34078720.0,4194304.0,38273024.0,545259520.0,67108864.0,612368384.0,16.0,16.0,603284048.0,251829040.0,855113088.0,17129532.0,0.0,0.0,0.0,31378807.0,31325167.14285714,2483027968.0,1.4130497205849426,1314.9140427230257,33720672.0,144965632.0,213728638.0
test,l1config-100_l2config-40,29,32.0,2.0,3.0,16.0,8.0,12.5,7.977446277886768,12.464759809198075,30.234884386950906,0.0,98.62069688979457,34078720.0,4194304.0,38273024.0,545259520.0,67108864.0,612368384.0,16.0,16.0,603213524.0,251815520.0,855029044.0,17133360.0,0.0,0.0,0.0,31361967.0,31313329.98214286,2483027968.0,1.4138078018417644,1314.8142248897477,33723232.0,144965632.0,213750199.0
test,l1config-100_l2config-40,30,32.0,2.0,3.0,16.0,8.0,12.5,7.977443502228763,12.464755472232442,30.229994734918293,0.0,98.62287817402489,34078720.0,4194304.0,38273024.0,545259520.0,67108864.0,612368384.0,16.0,16.0,603187064.0,251853620.0,855040684.0,17131604.0,0.0,0.0,0.0,31367853.0,31313797.660714287,2483027968.0,1.4135430269920009,1314.513615238789,33730944.0,144965632.0,213752290.0
test,l1config-100_l2config-40,31,32.0,2.0,3.0,16.0,8.0,12.5,7.97748297672796,12.464817151137437,30.227722191019406,0.0,98.62352876799272,34078720.0,4194304.0,38273024.0,545259520.0,67108864.0,612368384.0,16.0,16.0,603100032.0,251856808.0,854956840.0,17134336.0,0.0,0.0,0.0,31372497.0,31318062.214285713,2483027968.0,1.4133336706626254,1314.6932160925262,33726336.0,144965632.0,213745714.0
test,l1config-100_l2config-40,32,32.0,2.0,3.0,16.0,8.0,12.5,7.977464766805952,12.464788698134301,30.22192074269034,0.0,98.61364638596868,34078720.0,4194304.0,38273024.0,545259520.0,67108864.0,612368384.0,16.0,16.0,603145400.0,251824372.0,854969772.0,17139540.0,0.0,0.0,0.0,31375828.0,31310101.05357143,2483027968.0,1.413183602167228,1314.4188456814145,33733376.0,144965632.0,213741563.0
test,l1config-100_l2config-40,33,32.0,2.0,3.0,16.0,8.0,12.5,7.977448861024999,12.46476384535156,30.236926694031148,0.0,98.62220609947808,34078720.0,4194304.0,38273024.0,545259520.0,67108864.0,612368384.0,16.0,16.0,603165988.0,251822076.0,854988064.0,17134908.0,0.0,0.0,0.0,31364220.0,31313743.05357143,2483027968.0,1.413706276941512,1315.0276039350522,33717760.0,144965632.0,213741336.0
test,l1config-100_l2config-40,34,32.0,2.0,3.0,16.0,8.0,12.5,7.977430889196214,12.464735764369085,30.235654887556922,0.0,98.6170775154824,34078720.0,4194304.0,38273024.0,545259520.0,67108864.0,612368384.0,16.0,16.0,603186388.0,251868708.0,855055096.0,17134156.0,0.0,0.0,0.0,31378167.0,31314878.57142857,2483027968.0,1.4130788456357377,1315.03134804526,33717664.0,144965632.0,213745879.0
test,l1config-100_l2config-40,35,32.0,2.0,3.0,16.0,8.0,12.5,7.9774576807688415,12.464777626201315,30.241718146816442,0.0,98.61079626455953,34078720.0,4194304.0,38273024.0,545259520.0,67108864.0,612368384.0,16.0,16.0,603158216.0,251835652.0,854993868.0,17132352.0,0.0,0.0,0.0,31378911.0,31317906.67857143,2483027968.0,1.4130450260138148,1314.649558592772,33727456.0,144965632.0,213730715.0
test,l1config-100_l2config-40,36,32.0,2.0,3.0,16.0,8.0,12.5,7.977477777317019,12.464809027057843,30.22903827343921,0.0,98.64004726431442,34078720.0,4194304.0,38273024.0,545259520.0,67108864.0,612368384.0,16.0,16.0,603204436.0,251816912.0,855021348.0,17138412.0,0.0,0.0,0.0,31367410.0,31313938.67857143,2483027968.0,1.4135627988592054,1314.7169170924092,33725728.0,144965632.0,213759375.0
test,l1config-100_l2config-40,37,32.0,2.0,3.0,16.0,8.0,12.5,7.977431437685371,12.464736621383391,30.231856473036554,0.0,98.63460718913089,34078720.0,4194304.0,38273024.0,545259520.0,67108864.0,612368384.0,16.0,16.0,603227836.0,251826204.0,855054040.0,17134080.0,0.0,0.0,0.0,31363022.0,31316885.035714287,2483027968.0,1.413760254954345,1314.5809598081717,33729216.0,144965632.0,213776371.0
test,l1config-100_l2config-40,38,32.0,2.0,3.0,16.0,8.0,12.5,7.977390279078936,12.464672311060838,30.21171565757071,0.0,98.61819984996075,34078720.0,4194304.0,38273024.0,545259520.0,67108864.0,612368384.0,16.0,16.0,603140900.0,251785084.0,854925984.0,17136544.0,0.0,0.0,0.0,31363433.0,31313100.535714287,2483027968.0,1.4137423820285098,1314.1595462285616,33740032.0,144965632.0,213737168.0
test,l1config-100_l2config-40,39,32.0,2.0,3.0,16.0,8.0,12.5,7.977494645447487,12.464835383511698,30.22248852703288,0.0,98.6276606761958,34078720.0,4194304.0,38273024.0,545259520.0,67108864.0,612368384.0,16.0,16.0,603197112.0,251848032.0,855045144.0,17133824.0,0.0,0.0,0.0,31374927.0,31308855.464285713,2483027968.0,1.413224432596952,1314.6108929428694,33728448.0,144965632.0,213761438.0
test,l1config-100_l2config-40,40,32.0,2.0,3.0,16.0,8.0,12.5,7.9774610586642805,12.464782904162938,30.217152692064747,0.0,98.61142307141878,34078720.0,4194304.0,38273024.0,545259520.0,67108864.0,612368384.0,16.0,16.0,603069544.0,251866824.0,854936368.0,17130060.0,0.0,0.0,0.0,31362067.0,31312885.339285713,2483027968.0,1.4138036319227993,1314.6869791293213,33726496.0,144965632.0,213764813.0
test,l1config-100_l2config-40,41,32.0,2.0,3.0,16.0,8.0,12.5,7.977425605436803,12.464727508495004,30.24323851547319,0.0,98.67539982038906,34078720.0,4194304.0,38273024.0,545259520.0,67108864.0,612368384.0,16.0,16.0,603197296.0,251840732.0,855038028.0,17146604.0,0.0,0.0,0.0,31380073.0,31311722.51785714,2483027968.0,1.4129927123641786,1314.5173564227364,33730848.0,144965632.0,213745191.0
test,l1config-100_l2config-40,42,32.0,2.0,3.0,16.0,8.0,12.5,7.97740737029428,12.464699016084813,30.24247021151577,0.0,98.60058899753385,34078720.0,4194304.0,38273024.0,545259520.0,67108864.0,612368384.0,16.0,16.0,603136960.0,251774220.0,854911180.0,17132736.0,0.0,0.0,0.0,31359793.0,31313525.785714287,2483027968.0,1.4139063768732503,1314.4101175936498,33733600.0,144965632.0,213754069.0
test,l1config-100_l2config-40,43,32.0,2.0,3.0,16.0,8.0,12.5,7.977486820776938,12.464823157463965,30.229349282018802,0.0,98.63189984660634,34078720.0,4194304.0,38273024.0,545259520.0,67108864.0,612368384.0,16.0,16.0,603146368.0,251860968.0,855007336.0,17129476.0,0.0,0.0,0.0,31366086.0,31319941.85714286,2483027968.0,1.4136224107249489,1314.513615238789,33730944.0,144965632.0,213738290.0
test,l1config-100_l2config-40,44,32.0,2.0,3.0,16.0,8.0,12.5,7.977427632142515,12.464730675222679,30.23661969534166,0.0,98.61501190070695,34078720.0,4194304.0,38273024.0,545259520.0,67108864.0,612368384.0,16.0,16.0,603064564.0,251806900.0,854871464.0,17136432.0,0.0,0.0,0.0,31382462.0,31318163.5,2483027968.0,1.412885305344297,1314.3764531980453,33734464.0,144965632.0,213734852.0
test,l1config-100_l2config-40,45,32.0,2.0,3.0,16.0,8.0,12.5,7.977407639610352,12.464699436891175,30.228580077288548,0.0,98.63365848697535,34078720.0,4194304.0,38273024.0,545259520.0,67108864.0,612368384.0,16.0,16.0,603243244.0,251859040.0,855102284.0,17134884.0,0.0,0.0,0.0,31372430.0,31322263.14285714,2483027968.0,1.4133366777636651,1314.4849335359859,33731680.0,144965632.0,213738538.0
test,l1config-100_l2config-40,46,32.0,2.0,3.0,16.0,8.0,12.5,7.9774842764677425,12.464819181980848,30.23923111505935,0.0,98.64088679308836,34078720.0,4194304.0,38273024.0,545259520.0,67108864.0,612368384.0,16.0,16.0,603222192.0,251775860.0,854998052.0,17143808.0,0.0,0.0,0.0,31376073.0,31314102.67857143,2483027968.0,1.4131725560609854,1314.830444256409,33722816.0,144965632.0,213748574.0
test,l1config-100_l2config-40,47,32.0,2.0,3.0,16.0,8.0,12.5,7.9774103105939025,12.464703610302973,30.22738555545808,0.0,98.62540484937024,34078720.0,4194304.0,38273024.0,545259520.0,67108864.0,612368384.0,16.0,16.0,603207568.0,251836320.0,855043888.0,17133924.0,0.0,0.0,0.0,31376221.0,31315864.07142857,2483027968.0,1.4131656537397548,1313.9128081237407,33746368.0,144965632.0,213768410.0
test,l1config-100_l2config-40,48,32.0,2.0,3.0,16.0,8.0,12.5,7.977434436931128,12.464741307704887,30.23924684321307,0.0,98.6084482414978,34078720.0,4194304.0,38273024.0,545259520.0,67108864.0,612368384.0,16.0,16.0,603159896.0,251805476.0,854965372.0,17138808.0,0.0,0.0,0.0,31365557.0,31315531.76785714,2483027968.0,1.4136460946269485,1314.3215963961784,33735872.0,144965632.0,213743623.0
test,l1config-100_l2config-40,49,32.0,2.0,3.0,16.0,8.0,12.5,7.977448166654709,12.464762760397981,30.236287643294034,0.0,98.6355698881277,34078720.0,4194304.0,38273024.0,545259520.0,67108864.0,612368384.0,16.0,16.0,603136112.0,251871936.0,855008048.0,17134076.0,0.0,0.0,0.0,31375969.0,31310954.535714287,2483027968.0,1.4131772402195073,1314.5398039736276,33730272.0,144965632.0,213746932.0
test,l1config-90,0,32.0,2.0,3.0,16.0,8.0,12.5,7.977324796754372,12.464569994928706,30.213907087085484,0.0,98.62133498883057,34078720.0,4194304.0,38273024.0,545259520.0,67108864.0,612368384.0,16.0,16.0,603198224.0,251825216.0,855023440.0,17130336.0,0.0,0.0,0.0,31396554.0,31346718.55357143,2483027968.0,1.412250921826879,1313.1706603810624,33765440.0,144965632.0,213752755.0
test,l1config-90,1,32.0,2.0,3.0,16.0,8.0,12.5,7.977369618821336,12.464640029408338,30.209724714667107,0.0,98.62013174588434,34078720.0,4194304.0,38273024.0,545259520.0,67108864.0,612368384.0,16.0,16.0,603205484.0,251796908.0,855002392.0,17132980.0,0.0,0.0,0.0,31398259.0,31338660.0,2483027968.0,1.4121743906190636,1313.168171363802,33765504.0,144965632.0,213762443.0
test,l1config-90,2,32.0,2.0,3.0,16.0,8.0,12.5,7.977360201942945,12.464625315535852,30.215906490993742,0.0,98.62583365801689,34078720.0,4194304.0,38273024.0,545259520.0,67108864.0,612368384.0,16.0,16.0,603167944.0,251788812.0,854956756.0,17130744.0,0.0,0.0,0.0,31403051.0,31356586.48214286,2483027968.0,1.4119586613457946,1313.0138707190074,33769472.0,144965632.0,213780065.0
test,l1config-90,3,32.0,2.0,3.0,16.0,8.0,12.5,7.977359694602195,12.46462452281593,30.220531245655586,0.0,98.61738818249714,34078720.0,4194304.0,38273024.0,545259520.0,67108864.0,612368384.0,16.0,16.0,603233204.0,251798644.0,855031848.0,17128672.0,0.0,0.0,0.0,31397780.0,31345491.48214286,2483027968.0,1.412195720919763,1313.2552925824098,33763264.0,144965632.0,213759065.0
test,l1config-90,4,32.0,2.0,3.0,16.0,8.0,12.5,7.977311193538744,12.464548739904288,30.215980324667136,0.0,98.63800011978368,34078720.0,4194304.0,38273024.0,545259520.0,67108864.0,612368384.0,16.0,16.0,603212008.0,251846600.0,855058608.0,17129448.0,0.0,0.0,0.0,31396392.0,31347314.10714286,2483027968.0,1.4122585011842619,1313.439529793987,33758528.0,144965632.0,213743246.0
test,l1config-90,5,32.0,2.0,3.0,16.0,8.0,12.5,7.9773940678235356,12.464678230974274,30.227812876334585,0.0,98.63112002608504,34078720.0,4194304.0,38273024.0,545259520.0,67108864.0,612368384.0,16.0,16.0,603171288.0,251798440.0,854969728.0,17133064.0,0.0,0.0,0.0,31398664.0,31348462.375,2483027968.0,1.4121560293106648,1313.234133509382,33763808.0,144965632.0,213774676.0
test,l1config-90,6,32.0,2.0,3.0,16.0,8.0,12.5,7.97733417228502,12.464584644195345,30.20830808055749,0.0,98.5884306643306,34078720.0,4194304.0,38273024.0,545259520.0,67108864.0,612368384.0,16.0,16.0,603166268.0,251825020.0,854991288.0,17135020.0,0.0,0.0,0.0,31405219.0,31346915.48214286,2483027968.0,1.4118616052368582,1313.107193388196,33767072.0,144965632.0,213757811.0
test,l1config-90,7,32.0,2.0,3.0,16.0,8.0,12.5,7.977363263981449,12.464630099971014,30.214820741530417,0.0,98.6219851220691,34078720.0,4194304.0,38273024.0,545259520.0,67108864.0,612368384.0,16.0,16.0,603264576.0,251836972.0,855101548.0,17126972.0,0.0,0.0,0.0,31405121.0,31344760.60714286,2483027968.0,1.4118656513164876,1313.461940548323,33757952.0,144965632.0,213777203.0
test,l1config-90,8,32.0,2.0,3.0,16.0,8.0,12.5,7.977346147905135,12.464603356101774,30.20627962338852,0.0,98.62854902041033,34078720.0,4194304.0,38273024.0,545259520.0,67108864.0,612368384.0,16.0,16.0,603282104.0,251810172.0,855092276.0,17132204.0,0.0,0.0,0.0,31395514.0,31346028.160714287,2483027968.0,1.4122979398953834,1313.2727182133488,33762816.0,144965632.0,213747945.0
test,l1config-90,9,32.0,2.0,3.0,16.0,8.0,12.5,7.977262781414783,12.4644730959606,30.22647023602832,0.0,98.6192676336883,34078720.0,4194304.0,38273024.0,545259520.0,67108864.0,612368384.0,16.0,16.0,603282260.0,251827800.0,855110060.0,17129060.0,0.0,0.0,0.0,31402921.0,31349480.910714287,2483027968.0,1.4119646975862314,1313.6898266364597,33752096.0,144965632.0,213772392.0
test,l1config-85_l2config-85,0,32.0,2.0,3.0,16.0,8.0,12.5,7.977443538527583,12.464755528949349,30.240831584502608,0.0,98.61468428569523,34078720.0,4194304.0,38273024.0,545259520.0,67108864.0,612368384.0,16.0,16.0,603246128.0,251798312.0,855044440.0,17130524.0,0.0,0.0,0.0,31371495.0,31322936.35714286,2483027968.0,1.4133785983099554,1314.0174735789678,33743680.0,144965632.0,213739653.0
test,l1config-85_l2config-85,1,32.0,2.0,3.0,16.0,8.0,12.5,7.977406662674811,12.464697910429393,30.23273294745576,0.0,98.62055552430448,34078720.0,4194304.0,38273024.0,545259520.0,67108864.0,612368384.0,16.0,16.0,603193264.0,251793848.0,854987112.0,17148080.0,0.0,0.0,0.0,31375949.0,31315872.51785714,2483027968.0,1.4131778482615924,1314.5348155627307,33730400.0,144965632.0,213762691.0
test,l1config-85_l2config-85,2,32.0,2.0,3.0,16.0,8.0,12.5,7.977474952107123,12.464804612667379,30.241543094879002,0.0,98.65337886419613,34078720.0,4194304.0,38273024.0,545259520.0,67108864.0,612368384.0,16.0,16.0,603216632.0,251757480.0,854974112.0,17140508.0,0.0,0.0,0.0,31374209.0,31311844.0,2483027968.0,1.413256436475023,1314.340297064197,33735392.0,144965632.0,213744206.0
test,l1config-85_l2config-85,3,32.0,2.0,3.0,16.0,8.0,12.5,7.977425832879288,12.464727863873888,30.239437568064947,0.0,98.59118152629074,34078720.0,4194304.0,38273024.0,545259520.0,67108864.0,612368384.0,16.0,16.0,603279520.0,251776736.0,855056256.0,17137404.0,0.0,0.0,0.0,31373619.0,31315286.01785714,2483027968.0,1.4132825519026952,1314.564746596024,33729632.0,144965632.0,213766834.0
test,l1config-85_l2config-85,4,32.0,2.0,3.0,16.0,8.0,12.5,7.97748261998253,12.464816593722704,30.227036754289543,0.0,98.62682117435732,34078720.0,4194304.0,38273024.0,545259520.0,67108864.0,612368384.0,16.0,16.0,603208520.0,251808824.0,855017344.0,17134368.0,0.0,0.0,0.0,31371591.0,31328643.19642857,2483027968.0,1.4133746674491525,1314.2929230720865,33736608.0,144965632.0,213768648.0
test,l1config-85_l2config-85,5,32.0,2.0,3.0,16.0,8.0,12.5,7.977396341088532,12.464681782950832,30.232170182655278,0.0,98.64563218112079,34078720.0,4194304.0,38273024.0,545259520.0,67108864.0,612368384.0,16.0,16.0,603288664.0,251808984.0,855097648.0,17128132.0,0.0,0.0,0.0,31377206.0,31315775.464285713,2483027968.0,1.4131217191743888,1314.352764471857,33735072.0,144965632.0,213758216.0
test,l1config-85_l2config-85,6,32.0,2.0,3.0,16.0,8.0,12.5,7.977440595082095,12.464750929815773,30.24500370035256,0.0,98.6258744123106,34078720.0,4194304.0,38273024.0,545259520.0,67108864.0,612368384.0,16.0,16.0,603303492.0,251728156.0,855031648.0,17133656.0,0.0,0.0,0.0,31369185.0,31323519.69642857,2483027968.0,1.4134832753772248,1314.218128984677,33738528.0,144965632.0,213755626.0
test,l1config-85_l2config-85,7,32.0,2.0,3.0,16.0,8.0,12.5,7.977451777208984,12.464768401889037,30.233394101383404,0.0,98.583735536826,34078720.0,4194304.0,38273024.0,545259520.0,67108864.0,612368384.0,16.0,16.0,603183804.0,251811948.0,854995752.0,17130708.0,0.0,0.0,0.0,31374286.0,31320526.714285713,2483027968.0,1.4132533171029553,1314.8167201508809,33723168.0,144965632.0,213730810.0
test,l1config-85_l2config-85,8,32.0,2.0,3.0,16.0,8.0,12.5,7.9774789173574785,12.46481080837106,30.239695164009422,0.0,98.62714309886911,34078720.0,4194304.0,38273024.0,545259520.0,67108864.0,612368384.0,16.0,16.0,603322232.0,251797772.0,855120004.0,17135428.0,0.0,0.0,0.0,31379119.0,31315116.26785714,2483027968.0,1.4130359071518461,1314.509874076137,33731040.0,144965632.0,213742210.0
test,l1config-85_l2config-85,9,32.0,2.0,3.0,16.0,8.0,12.5,7.977421295723767,12.464720774568386,30.227693648268843,0.0,98.62768241064258,34078720.0,4194304.0,38273024.0,545259520.0,67108864.0,612368384.0,16.0,16.0,603271096.0,251822764.0,855093860.0,17131948.0,0.0,0.0,0.0,31372077.0,31320008.69642857,2483027968.0,1.4133526482750147,1314.6246127518477,33728096.0,144965632.0,213742374.0
test,l1config-85_l2config-85,10,32.0,2.0,3.0,16.0,8.0,12.5,7.977471715069898,12.464799554796716,30.246277609652672,0.0,98.60618434975412,34078720.0,4194304.0,38273024.0,545259520.0,67108864.0,612368384.0,16.0,16.0,603224256.0,251775300.0,854999556.0,17131312.0,0.0,0.0,0.0,31382056.0,31316384.30357143,2483027968.0,1.4129034492531476,1314.383934025822,33734272.0,144965632.0,213750987.0
test,l1config-85_l2config-85,11,32.0,2.0,3.0,16.0,8.0,12.5,7.977526085047323,12.464884507886442,30.22687697509775,0.0,98.62997963355701,34078720.0,4194304.0,38273024.0,545259520.0,67108864.0,612368384.0,16.0,16.0,603158916.0,251735204.0,854894120.0,17136592.0,0.0,0.0,0.0,31379395.0,31319066.44642857,2483027968.0,1.413023208488287,1314.123402027006,33740960.0,144965632.0,213776997.0
test,l1config-85_l2config-85,12,32.0,2.0,3.0,16.0,8.0,12.5,7.977468496833817,12.464794526302839,30.239766948769,0.0,98.63854420908518,34078720.0,4194304.0,38273024.0,545259520.0,67108864.0,612368384.0,16.0,16.0,603156196.0,251768920.0,854925116.0,17147428.0,0.0,0.0,0.0,31366975.0,31316198.94642857,2483027968.0,1.413582796609449,1314.451265307981,33732544.0,144965632.0,213769618.0
test,l1config-85_l2config-85,13,32.0,2.0,3.0,16.0,8.0,12.5,7.977446765679414,12.464760571374084,30.230273768737682,0.0,98.6319128972386,34078720.0,4194304.0,38273024.0,545259520.0,67108864.0,612368384.0,16.0,16.0,603261576.0,251810328.0,855071904.0,17144132.0,0.0,0.0,0.0,31373950.0,31316102.285714287,2483027968.0,1.4132680807508813,1314.1047075304773,33741440.0,144965632.0,213748494.0
test,l1config-85_l2config-85,14,32.0,2.0,3.0,16.0,8.0,12.5,7.977404130634922,12.464693954117067,30.233620364004253,0.0,98.65888478503977,34078720.0,4194304.0,38273024.0,545259520.0,67108864.0,612368384.0,16.0,16.0,603234184.0,251805284.0,855039468.0,17134732.0,0.0,0.0,0.0,31370029.0,31318380.55357143,2483027968.0,1.413444682845166,1314.4674757209846,33732128.0,144965632.0,213753937.0
test,l1config-85_l2config-85,15,32.0,2.0,3.0,16.0,8.0,12.5,7.97750046700835,12.464844479700547,30.24034251780786,0.0,98.62139123117511,34078720.0,4194304.0,38273024.0,545259520.0,67108864.0,612368384.0,16.0,16.0,603196920.0,251708820.0,854905740.0,17136440.0,0.0,0.0,0.0,31374366.0,31309856.214285713,2483027968.0,1.4132494432448997,1314.423833212181,33733248.0,144965632.0,213756204.0
test,l1config-85_l2config-85,16,32.0,2.0,3.0,16.0,8.0,12.5,7.977426481399166,12.464728877186197,30.23090890258719,0.0,98.62628060508794,34078720.0,4194304.0,38273024.0,545259520.0,67108864.0,612368384.0,16.0,16.0,603200320.0,251761620.0,854961940.0,17141780.0,0.0,0.0,0.0,31368967.0,31321881.35714286,2483027968.0,1.4134926253153721,1314.4288207807977,33733120.0,144965632.0,213755923.0
test,l1config-85_l2config-85,17,32.0,2.0,3.0,16.0,8.0,12.5,7.977440984768353,12.46475153870055,30.23295811627913,0.0,98.62528368289682,34078720.0,4194304.0,38273024.0,545259520.0,67108864.0,612368384.0,16.0,16.0,603125732.0,251793296.0,854919028.0,17131320.0,0.0,0.0,0.0,31366030.0,31316145.035714287,2483027968.0,1.4136245852841953,1314.4724636208093,33732000.0,144965632.0,213758856.0
test,l1config-85_l2config-85,18,32.0,2.0,3.0,16.0,8.0,12.5,7.977484177412559,12.464819027207124,30.232268702967513,0.0,98.6091044242058,34078720.0,4194304.0,38273024.0,545259520.0,67108864.0,612368384.0,16.0,16.0,603230076.0,251778912.0,855008988.0,17146972.0,0.0,0.0,0.0,31377851.0,31314461.39285714,2483027968.0,1.4130921870437076,1314.3215963961784,33735872.0,144965632.0,213757052.0
test,l1config-85_l2config-85,19,32.0,2.0,3.0,16.0,8.0,12.5,7.977511892110939,12.464862331423342,30.22534915823239,0.0,98.63131553936354,34078720.0,4194304.0,38273024.0,545259520.0,67108864.0,612368384.0,16.0,16.0,603237824.0,251768188.0,855006012.0,17137752.0,0.0,0.0,0.0,31368875.0,31321649.92857143,2483027968.0,1.4134968271953308,1314.3390503364399,33735424.0,144965632.0,213752384.0
test,l1config-85_l2config-85,20,32.0,2.0,3.0,16.0,8.0,12.5,7.97744641278554,12.464760019977405,30.23938809178765,0.0,98.64310390611575,34078720.0,4194304.0,38273024.0,545259520.0,67108864.0,612368384.0,16.0,16.0,603186624.0,251764128.0,854950752.0,17137672.0,0.0,0.0,0.0,31379999.0,31311303.5,2483027968.0,1.4129958868716403,1314.270483951984,33737184.0,144965632.0,213747847.0
test,l1config-85_l2config-85,21,32.0,2.0,3.0,16.0,8.0,12.5,7.977453343647803,12.464770849449692,30.238186919184173,0.0,98.61641072514448,34078720.0,4194304.0,38273024.0,545259520.0,67108864.0,612368384.0,16.0,16.0,603213760.0,251759664.0,854973424.0,17161300.0,0.0,0.0,0.0,31385233.0,31327789.0,2483027968.0,1.4127602466093336,1313.9913056518951,33744352.0,144965632.0,213778493.0
test,l1config-85_l2config-85,22,32.0,2.0,3.0,16.0,8.0,12.5,7.97751131987303,12.46486143730161,30.224403205840584,0.0,98.64026562005613,34078720.0,4194304.0,38273024.0,545259520.0,67108864.0,612368384.0,16.0,16.0,603308816.0,251812744.0,855121560.0,17139824.0,0.0,0.0,0.0,31372646.0,31314969.01785714,2483027968.0,1.4133272735763875,1314.1994317929305,33739008.0,144965632.0,213751592.0
test,l1config-85_l2config-85,23,32.0,2.0,3.0,16.0,8.0,12.5,7.9775423659117655,12.464909946737134,30.23215396017298,0.0,98.6224420627146,34078720.0,4194304.0,38273024.0,545259520.0,67108864.0,612368384.0,16.0,16.0,603226052.0,251827736.0,855053788.0,17156664.0,0.0,0.0,0.0,31370788.0,31317956.80357143,2483027968.0,1.4134107781272742,1314.2966629999312,33736512.0,144965632.0,213743272.0
test,l1config-85_l2config-85,24,32.0,2.0,3.0,16.0,8.0,12.5,7.977473353427773,12.464802114730896,30.230539752931644,0.0,98.59121231656286,34078720.0,4194304.0,38273024.0,545259520.0,67108864.0,612368384.0,16.0,16.0,603322908.0,251800932.0,855123840.0,17133360.0,0.0,0.0,0.0,31380670.0,31321399.964285713,2483027968.0,1.4129659322466213,1314.054858139982,33742720.0,144965632.0,213776115.0
test,l1config-85_l2config-85,25,32.0,2.0,3.0,16.0,8.0,12.5,7.977400046272814,12.464687572301273,30.233407557917953,0.0,98.61858837463218,34078720.0,4194304.0,38273024.0,545259520.0,67108864.0,612368384.0,16.0,16.0,603192900.0,251811776.0,855004676.0,17135092.0,0.0,0.0,0.0,31385098.0,31319917.160714287,2483027968.0,1.412766120903149,1313.9339890724593,33745824.0,144965632.0,213752765.0
test,l1config-85_l2config-85,26,32.0,2.0,3.0,16.0,8.0,12.5,7.977495633141257,12.464836926783214,30.23033487379742,0.0,98.62084249282447,34078720.0,4194304.0,38273024.0,545259520.0,67108864.0,612368384.0,16.0,16.0,603278076.0,251793784.0,855071860.0,17128844.0,0.0,0.0,0.0,31377817.0,31314598.57142857,2483027968.0,1.4130939433997247,1314.423833212181,33733248.0,144965632.0,213772959.0
test,l1config-85_l2config-85,27,32.0,2.0,3.0,16.0,8.0,12.5,7.977475934405106,12.464806147507979,30.235957403023487,0.0,98.58177854400255,34078720.0,4194304.0,38273024.0,545259520.0,67108864.0,612368384.0,16.0,16.0,603276808.0,251770400.0,855047208.0,17136668.0,0.0,0.0,0.0,31363342.0,31321852.67857143,2483027968.0,1.413746078283799,1314.280456799657,33736928.0,144965632.0,213754155.0
test,l1config-85_l2config-85,28,32.0,2.0,3.0,16.0,8.0,12.5,7.9774218183568895,12.46472159118264,30.232954828081667,0.0,98.6281223188032,34078720.0,4194304.0,38273024.0,545259520.0,67108864.0,612368384.0,16.0,16.0,603218224.0,251825456.0,855043680.0,17130324.0,0.0,0.0,0.0,31383049.0,31319783.01785714,2483027968.0,1.4128587093771763,1314.0673201330414,33742400.0,144965632.0,213751086.0
test,l1config-85_l2config-85,29,32.0,2.0,3.0,16.0,8.0,12.5,7.977547918867826,12.464918623230977,30.22893136575025,0.0,98.60175699331026,34078720.0,4194304.0,38273024.0,545259520.0,67108864.0,612368384.0,16.0,16.0,603239924.0,251816968.0,855056892.0,17127976.0,0.0,0.0,0.0,31376483.0,31317352.98214286,2483027968.0,1.413154360201331,1314.3053895810099,33736288.0,144965632.0,213739278.0
test,l1config-85_l2config-85,30,32.0,2.0,3.0,16.0,8.0,12.5,7.977477330249534,12.464808328514897,30.233053150802576,0.0,98.62726541099619,34078720.0,4194304.0,38273024.0,545259520.0,67108864.0,612368384.0,16.0,16.0,603248580.0,251718400.0,854966980.0,17135940.0,0.0,0.0,0.0,31360187.0,31320448.01785714,2483027968.0,1.4138884551671829,1314.180735133181,33739488.0,144965632.0,213762512.0
test,l1config-85_l2config-85,31,32.0,2.0,3.0,16.0,8.0,12.5,7.977469847153825,12.464796636177851,30.2408265583242,0.0,98.59431920486273,34078720.0,4194304.0,38273024.0,545259520.0,67108864.0,612368384.0,16.0,16.0,603188220.0,251770548.0,854958768.0,17139468.0,0.0,0.0,0.0,31375723.0,31323742.85714286,2483027968.0,1.413188049934612,1314.4200925605578,33733344.0,144965632.0,213762913.0
test,l1config-85_l2config-85,32,32.0,2.0,3.0,16.0,8.0,12.5,7.977410251938567,12.46470351865401,30.22695814296136,0.0,98.63666404069676,34078720.0,4194304.0,38273024.0,545259520.0,67108864.0,612368384.0,16.0,16.0,603234932.0,251781204.0,855016136.0,17151972.0,0.0,0.0,0.0,31380950.0,31315651.535714287,2483027968.0,1.4129530097114746,1314.0199658168567,33743616.0,144965632.0,213738315.0
test,l1config-85_l2config-85,33,32.0,2.0,3.0,16.0,8.0,12.5,7.977415351647623,12.46471148694941,30.222981012535477,0.0,98.63561896963371,34078720.0,4194304.0,38273024.0,545259520.0,67108864.0,612368384.0,16.0,16.0,603220700.0,251760740.0,854981440.0,17156700.0,0.0,0.0,0.0,31378430.0,31313541.410714287,2483027968.0,1.413066461431859,1314.159546228561,33740032.0,144965632.0,213736264.0
test,l1config-85_l2config-85,34,32.0,2.0,3.0,16.0,8.0,12.5,7.97750845971655,12.46485696830711,30.238479414532556,0.0,98.62807502987957,34078720.0,4194304.0,38273024.0,545259520.0,67108864.0,612368384.0,16.0,16.0,603168052.0,251849696.0,855017748.0,17129588.0,0.0,0.0,0.0,31371628.0,31319348.69642857,2483027968.0,1.4133726963953759,1314.3240897878343,33735808.0,144965632.0,213732436.0
test,l1config-85_l2config-85,35,32.0,2.0,3.0,16.0,8.0,12.5,7.977474674300813,12.46480417859502,30.245468147354533,0.0,98.63612292842521,34078720.0,4194304.0,38273024.0,545259520.0,67108864.0,612368384.0,16.0,16.0,603247928.0,251704432.0,854952360.0,17146876.0,0.0,0.0,0.0,31380049.0,31321647.94642857,2483027968.0,1.4129935904180069,1314.2841966565545,33736832.0,144965632.0,213754948.0
test,l1config-85_l2config-85,36,32.0,2.0,3.0,16.0,8.0,12.5,7.977437678954355,12.46474637336618,30.23078893876002,0.0,98.62179075044982,34078720.0,4194304.0,38273024.0,545259520.0,67108864.0,612368384.0,16.0,16.0,603244664.0,251758920.0,855003584.0,17134440.0,0.0,0.0,0.0,31380037.0,31321266.23214286,2483027968.0,1.4129941082451352,1314.04862723209,33742880.0,144965632.0,213735124.0
test,l1config-85_l2config-85,37,32.0,2.0,3.0,16.0,8.0,12.5,7.977396073612289,12.464681365019201,30.23247458668902,0.0,98.61674937575992,34078720.0,4194304.0,38273024.0,545259520.0,67108864.0,612368384.0,16.0,16.0,603233884.0,251790820.0,855024704.0,17133120.0,0.0,0.0,0.0,31380489.0,31317308.80357143,2483027968.0,1.4129737556732718,1314.3303233083632,33735648.0,144965632.0,213779998.0
test,l1config-85_l2config-85,38,32.0,2.0,3.0,16.0,8.0,12.5,7.977444218397801,12.464756591246564,30.234988662587973,0.0,98.62218309324689,34078720.0,4194304.0,38273024.0,545259520.0,67108864.0,612368384.0,16.0,16.0,603179160.0,251780432.0,854959592.0,17129972.0,0.0,0.0,0.0,31366237.0,31322689.785714287,2483027968.0,1.413615695547951,1314.423833212181,33733248.0,144965632.0,213761650.0
test,l1config-85_l2config-85,39,32.0,2.0,3.0,16.0,8.0,12.5,7.977477364777531,12.464808382464893,30.220570568352922,0.0,98.62289517054629,34078720.0,4194304.0,38273024.0,545259520.0,67108864.0,612368384.0,16.0,16.0,603234180.0,251805092.0,855039272.0,17134256.0,0.0,0.0,0.0,31380674.0,31319996.535714287,2483027968.0,1.412965481980098,1314.1234020270063,33740960.0,144965632.0,213780787.0
test,l1config-85_l2config-85,40,32.0,2.0,3.0,16.0,8.0,12.5,7.977496155264813,12.46483774260127,30.232548796251752,0.0,98.61356154576248,34078720.0,4194304.0,38273024.0,545259520.0,67108864.0,612368384.0,16.0,16.0,603203328.0,251788596.0,854991924.0,17134356.0,0.0,0.0,0.0,31376335.0,31318662.64285714,2483027968.0,1.4131612173731243,1314.2605112556596,33737440.0,144965632.0,213755562.0
test,l1config-85_l2config-85,41,32.0,2.0,3.0,16.0,8.0,12.5,7.977445502701682,12.464758597971379,30.23849454119353,0.0,98.61809084259488,34078720.0,4194304.0,38273024.0,545259520.0,67108864.0,612368384.0,16.0,16.0,603246652.0,251842320.0,855088972.0,17135508.0,0.0,0.0,0.0,31377728.0,31320701.55357143,2483027968.0,1.4130978839579569,1314.2742237521252,33737088.0,144965632.0,213739472.0
test,l1config-85_l2config-85,42,32.0,2.0,3.0,16.0,8.0,12.5,7.977449652514617,12.464765082054088,30.22969151307229,0.0,98.61638892082082,34078720.0,4194304.0,38273024.0,545259520.0,67108864.0,612368384.0,16.0,16.0,603240956.0,251775744.0,855016700.0,17133684.0,0.0,0.0,0.0,31375532.0,31324696.26785714,2483027968.0,1.4131968892516356,1314.7867776423586,33723936.0,144965632.0,213764982.0
test,l1config-85_l2config-85,43,32.0,2.0,3.0,16.0,8.0,12.5,7.977510754155778,12.464860553368403,30.218506607090255,0.0,98.58942684173007,34078720.0,4194304.0,38273024.0,545259520.0,67108864.0,612368384.0,16.0,16.0,603286316.0,251760960.0,855047276.0,17138460.0,0.0,0.0,0.0,31373696.0,31317519.39285714,2483027968.0,1.4132796463869581,1314.4188456814145,33733376.0,144965632.0,213747742.0
test,l1config-85_l2config-85,44,32.0,2.0,3.0,16.0,8.0,12.5,7.977458583064211,12.464779036037829,30.221824845654865,0.0,98.64348840449365,34078720.0,4194304.0,38273024.0,545259520.0,67108864.0,612368384.0,16.0,16.0,603210188.0,251811336.0,855021524.0,17135208.0,0.0,0.0,0.0,31380747.0,31315937.64285714,2483027968.0,1.4129624314319618,1314.1408507036626,33740512.0,144965632.0,213775630.0
test,l1config-85_l2config-85,45,32.0,2.0,3.0,16.0,8.0,12.5,7.977429879770058,12.464734187140715,30.240578114586086,0.0,98.6258209593036,34078720.0,4194304.0,38273024.0,545259520.0,67108864.0,612368384.0,16.0,16.0,603309024.0,251761868.0,855070892.0,17133500.0,0.0,0.0,0.0,31381578.0,31313042.89285714,2483027968.0,1.4129246665118245,1313.9040867551053,33746592.0,144965632.0,213762990.0
test,l1config-85_l2config-85,46,32.0,2.0,3.0,16.0,8.0,12.5,7.9774262690727165,12.46472854542612,30.220805535262475,0.0,98.62323978911732,34078720.0,4194304.0,38273024.0,545259520.0,67108864.0,612368384.0,16.0,16.0,603246880.0,251807416.0,855054296.0,17135216.0,0.0,0.0,0.0,31369560.0,31316758.125,2483027968.0,1.4134659388915178,1314.4924155986578,33731488.0,144965632.0,213770196.0
test,l1config-85_l2config-85,47,32.0,2.0,3.0,16.0,8.0,12.5,7.977430068810735,12.464734482516773,30.234763361402877,0.0,98.6060815678317,34078720.0,4194304.0,38273024.0,545259520.0,67108864.0,612368384.0,16.0,16.0,603241328.0,251792764.0,855034092.0,17135404.0,0.0,0.0,0.0,31376385.0,31319884.714285713,2483027968.0,1.413158605109356,1314.442536789662,33732768.0,144965632.0,213752706.0
test,l1config-85_l2config-85,48,32.0,2.0,3.0,16.0,8.0,12.5,7.9774874242301195,12.46482410035956,30.225501846426845,0.0,98.64593912958075,34078720.0,4194304.0,38273024.0,545259520.0,67108864.0,612368384.0,16.0,16.0,603300052.0,251786844.0,855086896.0,17132992.0,0.0,0.0,0.0,31379402.0,31314683.214285713,2483027968.0,1.4130229045337115,1314.2841966565545,33736832.0,144965632.0,213759325.0
test,l1config-85_l2config-85,49,32.0,2.0,3.0,16.0,8.0,12.5,7.977444242083155,12.464756628254928,30.23282907795789,0.0,98.61221029569431,34078720.0,4194304.0,38273024.0,545259520.0,67108864.0,612368384.0,16.0,16.0,603228372.0,251758584.0,854986956.0,17133600.0,0.0,0.0,0.0,31367633.0,31319807.67857143,2483027968.0,1.413552929755496,1314.377699996761,33734432.0,144965632.0,213743281.0
test,l1config-40_l2config-100,0,32.0,2.0,2.0,16.0,8.0,12.5,7.976416174500384,12.46315027265685,46.058341672276015,0.0,98.54055481588834,34078720.0,4194304.0,38273024.0,545259520.0,67108864.0,612368384.0,16.0,16.0,545494364.0,250643216.0,796137580.0,17425488.0,0.0,0.0,0.0,30704152.0,30647392.214285713,2483027968.0,1.4440974402746345,1343.041193788793,33014464.0,144965632.0,199034409.0
test,l1config-40_l2config-100,1,32.0,2.0,2.0,16.0,8.0,12.5,7.97643471316504,12.463179239320375,46.05953409502672,0.0,98.5368656521041,34078720.0,4194304.0,38273024.0,545259520.0,67108864.0,612368384.0,16.0,16.0,545492716.0,250634796.0,796127512.0,17422244.0,0.0,0.0,0.0,30699346.0,30646477.625,2483027968.0,1.4443235027958419,1343.3055055935931,33007968.0,144965632.0,199039596.0
test,l1config-40_l2config-100,2,32.0,2.0,2.0,16.0,8.0,12.5,7.976419584590434,12.463155600922553,46.05904999876089,0.0,98.58052186963818,34078720.0,4194304.0,38273024.0,545259520.0,67108864.0,612368384.0,16.0,16.0,545496788.0,250637468.0,796134256.0,17410772.0,0.0,0.0,0.0,30690128.0,30638986.76785714,2483027968.0,1.4447577041078268,1343.6011893218138,33000704.0,144965632.0,199029962.0
test,l1config-40_l2config-100,3,32.0,2.0,2.0,16.0,8.0,12.5,7.976398747183469,12.463123042474171,46.05803298810282,0.0,98.53504658261224,34078720.0,4194304.0,38273024.0,545259520.0,67108864.0,612368384.0,16.0,16.0,545496736.0,250661040.0,796157776.0,17427052.0,0.0,0.0,0.0,30692992.0,30648975.285714287,2483027968.0,1.4446226801861006,1343.3615061760129,33006592.0,144965632.0,199034802.0
test,l1config-40_l2config-100,4,32.0,2.0,2.0,16.0,8.0,12.5,7.976421269880505,12.463158234188288,46.059781748353934,0.0,98.54039565309171,34078720.0,4194304.0,38273024.0,545259520.0,67108864.0,612368384.0,16.0,16.0,545497620.0,250653568.0,796151188.0,17405892.0,0.0,0.0,0.0,30694905.0,30645279.964285713,2483027968.0,1.444532482171092,1343.4266290037924,33004992.0,144965632.0,199024982.0
test,l1config-40_l2config-100,5,32.0,2.0,2.0,16.0,8.0,12.5,7.976408522161487,12.463138315877323,46.05827946151889,0.0,98.50052869014033,34078720.0,4194304.0,38273024.0,545259520.0,67108864.0,612368384.0,16.0,16.0,545494304.0,250638668.0,796132972.0,17275916.0,0.0,0.0,0.0,30698830.0,30642269.785714287,2483027968.0,1.4443478031724921,1343.3484823680913,33006912.0,144965632.0,199035470.0
test,l1config-40_l2config-100,6,32.0,2.0,2.0,16.0,8.0,12.5,7.976400051894747,12.463125081085542,46.057604292838924,0.0,98.49176989421495,34078720.0,4194304.0,38273024.0,545259520.0,67108864.0,612368384.0,16.0,16.0,545493760.0,250614796.0,796108556.0,17372388.0,0.0,0.0,0.0,30712079.0,30645958.73214286,2483027968.0,1.4437248262404003,1343.3224355098232,33007552.0,144965632.0,199035219.0
test,l1config-40_l2config-100,7,32.0,2.0,2.0,16.0,8.0,12.5,7.976390320865276,12.463109876351993,46.05979003273679,0.0,98.52826782706947,34078720.0,4194304.0,38273024.0,545259520.0,67108864.0,612368384.0,16.0,16.0,545496008.0,250666816.0,796162824.0,17172144.0,0.0,0.0,0.0,30699003.0,30650885.48214286,2483027968.0,1.4443400048502286,1343.6845774220967,32998656.0,144965632.0,199030621.0
test,l1config-40_l2config-100,8,32.0,2.0,2.0,16.0,8.0,12.5,7.976456552019356,12.463213362530244,46.05687128379428,0.0,98.5189205748906,34078720.0,4194304.0,38273024.0,545259520.0,67108864.0,612368384.0,16.0,16.0,545493016.0,250627568.0,796120584.0,17409336.0,0.0,0.0,0.0,30703507.0,30648897.089285713,2483027968.0,1.4441279768657376,1343.5269305083884,33002528.0,144965632.0,199035195.0
test,l1config-40_l2config-100,9,32.0,2.0,2.0,16.0,8.0,12.5,7.976380313695986,12.463094240149978,46.05945333708037,0.0,98.5261316924628,34078720.0,4194304.0,38273024.0,545259520.0,67108864.0,612368384.0,16.0,16.0,545497224.0,250641792.0,796139016.0,17433764.0,0.0,0.0,0.0,30696378.0,30647240.82142857,2483027968.0,1.4444631528982372,1343.0008400567642,33015456.0,144965632.0,199042549.0
test,l1config-40_l2config-100,10,32.0,2.0,2.0,16.0,8.0,12.5,7.976396899269672,12.463120155108863,46.05987396214689,0.0,98.54498328222651,34078720.0,4194304.0,38273024.0,545259520.0,67108864.0,612368384.0,16.0,16.0,545492892.0,250647912.0,796140804.0,17348280.0,0.0,0.0,0.0,30690209.0,30646065.82142857,2483027968.0,1.4447539027579672,1343.3185285682011,33007648.0,144965632.0,199033380.0
test,l1config-40_l2config-100,11,32.0,2.0,2.0,16.0,8.0,12.5,7.9763770277171435,12.463089105808036,46.05977246081655,0.0,98.50409644117684,34078720.0,4194304.0,38273024.0,545259520.0,67108864.0,612368384.0,16.0,16.0,545495668.0,250652320.0,796147988.0,17404556.0,0.0,0.0,0.0,30698330.0,30645813.98214286,2483027968.0,1.444371645624245,1343.8396546896395,32994848.0,144965632.0,199031789.0
test,l1config-40_l2config-100,12,32.0,2.0,2.0,16.0,8.0,12.5,7.976407823017724,12.463137223465194,46.05818700488023,0.0,98.51651057285297,34078720.0,4194304.0,38273024.0,545259520.0,67108864.0,612368384.0,16.0,16.0,545496128.0,250688484.0,796184612.0,17400988.0,0.0,0.0,0.0,30697534.0,30649984.42857143,2483027968.0,1.4444090870371578,1343.0724370533108,33013696.0,144965632.0,199033575.0
test,l1config-40_l2config-100,13,32.0,2.0,2.0,16.0,8.0,12.5,7.97634062896744,12.463032232761625,46.05899113016852,0.0,98.49325706401419,34078720.0,4194304.0,38273024.0,545259520.0,67108864.0,612368384.0,16.0,16.0,545494664.0,250642424.0,796137088.0,17416176.0,0.0,0.0,0.0,30685552.0,30656434.75,2483027968.0,1.4449731191530117,1343.0646261009047,33013888.0,144965632.0,199031331.0
test,l1config-40_l2config-100,14,32.0,2.0,2.0,16.0,8.0,12.5,7.976370428130047,12.4630787939532,46.06006071765996,0.0,98.54120120084643,34078720.0,4194304.0,38273024.0,545259520.0,67108864.0,612368384.0,16.0,16.0,545498316.0,250606340.0,796104656.0,17319440.0,0.0,0.0,0.0,30691352.0,30640208.125,2483027968.0,1.4446998739695962,1343.4461670833716,33004512.0,144965632.0,199033186.0
test,l1config-40_l2config-100,15,32.0,2.0,2.0,16.0,8.0,12.5,7.9763966935623865,12.463119833691229,46.056980075250735,0.0,98.52201690793935,34078720.0,4194304.0,38273024.0,545259520.0,67108864.0,612368384.0,16.0,16.0,545501480.0,250633388.0,796134868.0,17421620.0,0.0,0.0,0.0,30704195.0,30646425.160714287,2483027968.0,1.4440955707293777,1343.2690426079837,33008864.0,144965632.0,199034313.0
test,l1config-40_l2config-100,16,32.0,2.0,2.0,16.0,8.0,12.5,7.97634591529138,12.463040492642781,46.06115362610899,0.0,98.53262298182074,34078720.0,4194304.0,38273024.0,545259520.0,67108864.0,612368384.0,16.0,16.0,545493560.0,250629116.0,796122676.0,17454812.0,0.0,0.0,0.0,30696363.0,30651451.73214286,2483027968.0,1.4444640704999985,1343.3953692584912,33005760.0,144965632.0,199021962.0
test,l1config-40_l2config-100,17,32.0,2.0,2.0,16.0,8.0,12.5,7.9764126124790735,12.463144706998552,46.060018380848966,0.0,98.50608235141351,34078720.0,4194304.0,38273024.0,545259520.0,67108864.0,612368384.0,16.0,16.0,545498716.0,250614688.0,796113404.0,17284056.0,0.0,0.0,0.0,30709265.0,30651511.14285714,2483027968.0,1.443856990640394,1343.711941397909,32997984.0,144965632.0,199031218.0
test,l1config-40_l2config-100,18,32.0,2.0,2.0,16.0,8.0,12.5,7.976394779367904,12.46311684276235,46.0592124755609,0.0,98.51512026647625,34078720.0,4194304.0,38273024.0,545259520.0,67108864.0,612368384.0,16.0,16.0,545494820.0,250627144.0,796121964.0,17407600.0,0.0,0.0,0.0,30697547.0,30644610.23214286,2483027968.0,1.4444083106639307,1343.1804978836515,33011040.0,144965632.0,199030628.0
test,l1config-40_l2config-100,19,32.0,2.0,2.0,16.0,8.0,12.5,7.976364021520386,12.463068783625603,46.057849529173964,0.0,98.54230164951218,34078720.0,4194304.0,38273024.0,545259520.0,67108864.0,612368384.0,16.0,16.0,545494984.0,250656888.0,796151872.0,17408616.0,0.0,0.0,0.0,30703823.0,30636034.10714286,2483027968.0,1.4441133022087131,1343.2846693594233,33008480.0,144965632.0,199037509.0
test,l1config-40_l2config-100,20,32.0,2.0,2.0,16.0,8.0,12.5,7.976390545494785,12.463110227335601,46.058974752438644,0.0,98.53811462531694,34078720.0,4194304.0,38273024.0,545259520.0,67108864.0,612368384.0,16.0,16.0,545496424.0,250615212.0,796111636.0,17352752.0,0.0,0.0,0.0,30706726.0,30641229.51785714,2483027968.0,1.4439765647348437,1343.293785132336,33008256.0,144965632.0,199031110.0
test,l1config-40_l2config-100,21,32.0,2.0,2.0,16.0,8.0,12.5,7.976420385962167,12.463156853065886,46.05916443794936,0.0,98.5034136642746,34078720.0,4194304.0,38273024.0,545259520.0,67108864.0,612368384.0,16.0,16.0,545494000.0,250631892.0,796125892.0,17203412.0,0.0,0.0,0.0,30695974.0,30646407.660714287,2483027968.0,1.4444825992465473,1343.2599271708793,33009088.0,144965632.0,199025395.0
test,l1config-40_l2config-100,22,32.0,2.0,2.0,16.0,8.0,12.5,7.97638965700258,12.46310883906653,46.05843104753029,0.0,98.54827200581948,34078720.0,4194304.0,38273024.0,545259520.0,67108864.0,612368384.0,16.0,16.0,545498256.0,250623412.0,796121668.0,17434804.0,0.0,0.0,0.0,30708054.0,30654066.98214286,2483027968.0,1.443913918699344,1343.4005791150173,33005632.0,144965632.0,199038723.0
test,l1config-40_l2config-100,23,32.0,2.0,2.0,16.0,8.0,12.5,7.976414662550959,12.463147910235874,46.057776111011236,0.0,98.53965193362959,34078720.0,4194304.0,38273024.0,545259520.0,67108864.0,612368384.0,16.0,16.0,545497280.0,250640860.0,796138140.0,17369404.0,0.0,0.0,0.0,30684432.0,30639294.80357143,2483027968.0,1.4450258615454714,1343.30420331002,33008000.0,144965632.0,199040473.0
test,l1config-40_l2config-100,24,32.0,2.0,2.0,16.0,8.0,12.5,7.976392782752223,12.463113723050348,46.058671417589466,0.0,98.54071236906655,34078720.0,4194304.0,38273024.0,545259520.0,67108864.0,612368384.0,16.0,16.0,545496936.0,250631732.0,796128668.0,17405320.0,0.0,0.0,0.0,30696760.0,30652302.80357143,2483027968.0,1.44444562457561,1343.358901394226,33006656.0,144965632.0,199027343.0
test,l1config-40_l2config-100,25,32.0,2.0,2.0,16.0,8.0,12.5,7.976396099867297,12.463118906042652,46.06116371330086,0.0,98.53963140997945,34078720.0,4194304.0,38273024.0,545259520.0,67108864.0,612368384.0,16.0,16.0,545494900.0,250623976.0,796118876.0,17280584.0,0.0,0.0,0.0,30700760.0,30639592.98214286,2483027968.0,1.444257145525993,1343.1049836662962,33012896.0,144965632.0,199038820.0
test,l1config-40_l2config-100,26,32.0,2.0,2.0,16.0,8.0,12.5,7.9764240650738625,12.46316260167791,46.05938711500065,0.0,98.57025406939468,34078720.0,4194304.0,38273024.0,545259520.0,67108864.0,612368384.0,16.0,16.0,545492580.0,250681148.0,796173728.0,17399032.0,0.0,0.0,0.0,30693674.0,30636036.98214286,2483027968.0,1.4445907460240335,1343.3094124594622,33007872.0,144965632.0,199036717.0
test,l1config-40_l2config-100,27,32.0,2.0,2.0,16.0,8.0,12.5,7.976408783911318,12.463138724861436,46.05999810122895,0.0,98.55148333666456,34078720.0,4194304.0,38273024.0,545259520.0,67108864.0,612368384.0,16.0,16.0,545497776.0,250634160.0,796131936.0,17425140.0,0.0,0.0,0.0,30704626.0,30650768.07142857,2483027968.0,1.4440751706601958,1343.1661755692444,33011392.0,144965632.0,199041828.0
test,l1config-40_l2config-100,28,32.0,2.0,2.0,16.0,8.0,12.5,7.976408331695901,12.463138018274845,46.05741671461628,0.0,98.53386093209852,34078720.0,4194304.0,38273024.0,545259520.0,67108864.0,612368384.0,16.0,16.0,545497752.0,250672296.0,796170048.0,17396724.0,0.0,0.0,0.0,30696984.0,30644393.089285713,2483027968.0,1.4444350607315857,1343.2429988301897,33009504.0,144965632.0,199034756.0
test,l1config-40_l2config-100,29,32.0,2.0,2.0,16.0,8.0,12.5,7.9764244676214116,12.463163230658456,46.059201376658116,0.0,98.50137687991185,34078720.0,4194304.0,38273024.0,545259520.0,67108864.0,612368384.0,16.0,16.0,545495696.0,250623912.0,796119608.0,17157636.0,0.0,0.0,0.0,30696778.0,30648438.32142857,2483027968.0,1.444444812871647,1343.0659279199965,33013856.0,144965632.0,199032676.0
test,l1config-40_l2config-100,30,32.0,2.0,2.0,16.0,8.0,12.5,7.976406584909893,12.463135288921707,46.05857798992676,0.0,98.4913297555602,34078720.0,4194304.0,38273024.0,545259520.0,67108864.0,612368384.0,16.0,16.0,545499140.0,250658604.0,796157744.0,17296844.0,0.0,0.0,0.0,30694797.0,30643070.35714286,2483027968.0,1.4445377059596394,1343.2677403951088,33008896.0,144965632.0,199037614.0
test,l1config-40_l2config-100,31,32.0,2.0,2.0,16.0,8.0,12.5,7.976407474245181,12.463136678508095,46.05989939540322,0.0,98.5053929354865,34078720.0,4194304.0,38273024.0,545259520.0,67108864.0,612368384.0,16.0,16.0,545496984.0,250642228.0,796139212.0,17266284.0,0.0,0.0,0.0,30698781.0,30643394.39285714,2483027968.0,1.4443501085749897,1342.9487743081916,33016736.0,144965632.0,199031721.0
test,l1config-40_l2config-100,32,32.0,2.0,2.0,16.0,8.0,12.5,7.976426078513026,12.463165747676603,46.059260502368964,0.0,98.51501400801712,34078720.0,4194304.0,38273024.0,545259520.0,67108864.0,612368384.0,16.0,16.0,545495800.0,250677052.0,796172852.0,17402088.0,0.0,0.0,0.0,30703500.0,30644027.26785714,2483027968.0,1.444128506005576,1343.624641178881,33000128.0,144965632.0,199032640.0
test,l1config-40_l2config-100,33,32.0,2.0,2.0,16.0,8.0,12.5,7.976439100096572,12.463186093900894,46.05883649680042,0.0,98.5770010236846,34078720.0,4194304.0,38273024.0,545259520.0,67108864.0,612368384.0,16.0,16.0,545494120.0,250655712.0,796149832.0,17410996.0,0.0,0.0,0.0,30690180.0,30642417.375,2483027968.0,1.4447553150218337,1343.2364880435362,33009664.0,144965632.0,199041347.0
test,l1config-40_l2config-100,34,32.0,2.0,2.0,16.0,8.0,12.5,7.976404755702936,12.463132430785837,46.059692347965864,0.0,98.57800787589966,34078720.0,4194304.0,38273024.0,545259520.0,67108864.0,612368384.0,16.0,16.0,545493996.0,250653808.0,796147804.0,17404476.0,0.0,0.0,0.0,30697362.0,30649095.375,2483027968.0,1.444417215479691,1343.5191142686767,33002720.0,144965632.0,199035964.0
test,l1config-40_l2config-100,35,32.0,2.0,2.0,16.0,8.0,12.5,7.976403618715448,12.463130654242887,46.06032839753217,0.0,98.53808894643814,34078720.0,4194304.0,38273024.0,545259520.0,67108864.0,612368384.0,16.0,16.0,545497208.0,250622288.0,796119496.0,17218152.0,0.0,0.0,0.0,30694466.0,30646018.73214286,2483027968.0,1.4445536010981639,1343.6376703421165,32999808.0,144965632.0,199026983.0
test,l1config-40_l2config-100,36,32.0,2.0,2.0,16.0,8.0,12.5,7.9764032701713825,12.463130109642785,46.058465944274786,0.0,98.52693946169518,34078720.0,4194304.0,38273024.0,545259520.0,67108864.0,612368384.0,16.0,16.0,545495524.0,250604984.0,796100508.0,17407224.0,0.0,0.0,0.0,30696931.0,30653109.48214286,2483027968.0,1.4444375075770306,1343.089361095206,33013280.0,144965632.0,199028278.0
test,l1config-40_l2config-100,37,32.0,2.0,2.0,16.0,8.0,12.5,7.976389818442224,12.463109091315976,46.05983411489934,0.0,98.5522545882776,34078720.0,4194304.0,38273024.0,545259520.0,67108864.0,612368384.0,16.0,16.0,545499232.0,250666888.0,796166120.0,17401152.0,0.0,0.0,0.0,30701079.0,30645478.92857143,2483027968.0,1.4442423741595627,1343.246905332478,33009408.0,144965632.0,199037081.0
test,l1config-40_l2config-100,38,32.0,2.0,2.0,16.0,8.0,12.5,7.976397335209715,12.46312083626518,46.06041836572471,0.0,98.5459963916944,34078720.0,4194304.0,38273024.0,545259520.0,67108864.0,612368384.0,16.0,16.0,545495888.0,250649268.0,796145156.0,17209200.0,0.0,0.0,0.0,30690383.0,30645316.92857143,2483027968.0,1.4447452880081721,1343.3575990071208,33006688.0,144965632.0,199039920.0
test,l1config-40_l2config-100,39,32.0,2.0,2.0,16.0,8.0,12.5,7.976436204157627,12.463181568996292,46.059816142638766,0.0,98.52260620598805,34078720.0,4194304.0,38273024.0,545259520.0,67108864.0,612368384.0,16.0,16.0,545493616.0,250631432.0,796125048.0,17430008.0,0.0,0.0,0.0,30695036.0,30651157.05357143,2483027968.0,1.444526493685208,1343.2664381847583,33008928.0,144965632.0,199029660.0
test,l1config-40_l2config-100,40,32.0,2.0,2.0,16.0,8.0,12.5,7.976356575973285,12.463057149958258,46.05824159731832,0.0,98.53016707619804,34078720.0,4194304.0,38273024.0,545259520.0,67108864.0,612368384.0,16.0,16.0,545494780.0,250626176.0,796120956.0,17441896.0,0.0,0.0,0.0,30689735.0,30637608.30357143,2483027968.0,1.4447761109269264,1342.938361642912,33016992.0,144965632.0,199033864.0
test,l1config-40_l2config-100,41,32.0,2.0,2.0,16.0,8.0,12.5,7.976431021234565,12.463173470679008,46.060349450223164,0.0,98.48041067268942,34078720.0,4194304.0,38273024.0,545259520.0,67108864.0,612368384.0,16.0,16.0,545493924.0,250639072.0,796132996.0,17403596.0,0.0,0.0,0.0,30695203.0,30645221.35714286,2483027968.0,1.4445187051982813,1343.4109989492965,33005376.0,144965632.0,199041625.0
test,l1config-40_l2config-100,42,32.0,2.0,2.0,16.0,8.0,12.5,7.976484222747842,12.463256598043502,46.05985389685619,0.0,98.53946720138971,34078720.0,4194304.0,38273024.0,545259520.0,67108864.0,612368384.0,16.0,16.0,545497728.0,250638580.0,796136308.0,17404276.0,0.0,0.0,0.0,30694131.0,30649544.32142857,2483027968.0,1.4445692495036941,1343.2664381847583,33008928.0,144965632.0,199030640.0
test,l1config-40_l2config-100,43,32.0,2.0,2.0,16.0,8.0,12.5,7.976398758322971,12.463123059879642,46.05816961208296,0.0,98.54698031769898,34078720.0,4194304.0,38273024.0,545259520.0,67108864.0,612368384.0,16.0,16.0,545497248.0,250657144.0,796154392.0,17404796.0,0.0,0.0,0.0,30686439.0,30644263.910714287,2483027968.0,1.4449314812829595,1343.3211331934242,33007584.0,144965632.0,199036632.0
test,l1config-40_l2config-100,44,32.0,2.0,2.0,16.0,8.0,12.5,7.976401636503628,12.463127557036918,46.0574511863611,0.0,98.52836462939307,34078720.0,4194304.0,38273024.0,545259520.0,67108864.0,612368384.0,16.0,16.0,545494664.0,250678160.0,796172824.0,17408928.0,0.0,0.0,0.0,30701919.0,30641999.214285713,2483027968.0,1.4442028951671568,1342.9487743081916,33016736.0,144965632.0,199039590.0
test,l1config-40_l2config-100,45,32.0,2.0,2.0,16.0,8.0,12.5,7.97638560686518,12.463102510726843,46.05987695405807,0.0,98.52073431496703,34078720.0,4194304.0,38273024.0,545259520.0,67108864.0,612368384.0,16.0,16.0,545497092.0,250634996.0,796132088.0,17406476.0,0.0,0.0,0.0,30704294.0,30642079.30357143,2483027968.0,1.444090996830887,1343.173987702875,33011200.0,144965632.0,199027333.0
test,l1config-40_l2config-100,46,32.0,2.0,2.0,16.0,8.0,12.5,7.976371118062475,12.463079871972617,46.05975377614246,0.0,98.49212782110517,34078720.0,4194304.0,38273024.0,545259520.0,67108864.0,612368384.0,16.0,16.0,545499396.0,250623492.0,796122888.0,17433776.0,0.0,0.0,0.0,30708122.0,30649308.535714287,2483027968.0,1.4439109799120413,1343.1114931781829,33012736.0,144965632.0,199036179.0
test,l1config-40_l2config-100,47,32.0,2.0,2.0,16.0,8.0,12.5,7.97640991531442,12.463140492678782,46.058131561179586,0.0,98.54542405967362,34078720.0,4194304.0,38273024.0,545259520.0,67108864.0,612368384.0,16.0,16.0,545497848.0,250619152.0,796117000.0,17409668.0,0.0,0.0,0.0,30710415.0,30647558.48214286,2483027968.0,1.4438028996257235,1343.4852449474872,33003552.0,144965632.0,199044012.0
test,l1config-40_l2config-100,48,32.0,2.0,2.0,16.0,8.0,12.5,7.976404251441365,12.463131642877133,46.06039102680361,0.0,98.51475437699376,34078720.0,4194304.0,38273024.0,545259520.0,67108864.0,612368384.0,16.0,16.0,545495336.0,250643944.0,796139280.0,17427404.0,0.0,0.0,0.0,30700156.0,30641974.32142857,2483027968.0,1.4442856776991069,1343.6441850184929,32999648.0,144965632.0,199035617.0
test,l1config-40_l2config-100,49,32.0,2.0,2.0,16.0,8.0,12.5,7.976422749407036,12.463160545948494,46.05976726181855,0.0,98.54663602455366,34078720.0,4194304.0,38273024.0,545259520.0,67108864.0,612368384.0,16.0,16.0,545494404.0,250648168.0,796142572.0,17322868.0,0.0,0.0,0.0,30698003.0,30648190.660714287,2483027968.0,1.4443868195727396,1343.4162089270512,33005248.0,144965632.0,199024894.0
test,l1config-70_l2config-70,0,32.0,2.0,2.0,16.0,8.0,12.5,7.976858448913152,12.4638413264268,45.517792257043524,0.0,98.55248121904536,34078720.0,4194304.0,38273024.0,545259520.0,67108864.0,612368384.0,16.0,16.0,546811428.0,250753828.0,797565256.0,17092704.0,0.0,0.0,0.0,30668876.0,30616862.10714286,2483027968.0,1.4457593797165658,1344.549035427163,32977440.0,144965632.0,199382830.0
test,l1config-70_l2config-70,1,32.0,2.0,2.0,16.0,8.0,12.5,7.976864773340098,12.463851208343902,45.525032619141555,0.0,98.57522268166252,34078720.0,4194304.0,38273024.0,545259520.0,67108864.0,612368384.0,16.0,16.0,546810000.0,250783180.0,797593180.0,17085536.0,0.0,0.0,0.0,30671795.0,30616393.98214286,2483027968.0,1.4456214348505247,1344.3911856161799,32981312.0,144965632.0,199389812.0
test,l1config-70_l2config-70,2,32.0,2.0,2.0,16.0,8.0,12.5,7.976865069158889,12.463851670560764,45.52461185878756,0.0,98.54665647377551,34078720.0,4194304.0,38273024.0,545259520.0,67108864.0,612368384.0,16.0,16.0,546812484.0,250756596.0,797569080.0,17094628.0,0.0,0.0,0.0,30668839.0,30618675.0,2483027968.0,1.4457609000142309,1344.2738006999577,32984192.0,144965632.0,199402308.0
test,l1config-70_l2config-70,3,32.0,2.0,2.0,16.0,8.0,12.5,7.9768796448769015,12.463874445120158,45.52644942504329,0.0,98.49377234479097,34078720.0,4194304.0,38273024.0,545259520.0,67108864.0,612368384.0,16.0,16.0,546802332.0,250772776.0,797575108.0,17090032.0,0.0,0.0,0.0,30658670.0,30613324.26785714,2483027968.0,1.4462402359978406,1344.599920538343,32976192.0,144965632.0,199397148.0
test,l1config-70_l2config-70,4,32.0,2.0,2.0,16.0,8.0,12.5,7.9769057526011995,12.463915238439375,45.52641299112378,0.0,98.54633470157418,34078720.0,4194304.0,38273024.0,545259520.0,67108864.0,612368384.0,16.0,16.0,546802520.0,250790712.0,797593232.0,17090068.0,0.0,0.0,0.0,30662840.0,30614251.89285714,2483027968.0,1.4460437074162977,1344.807415088592,32971104.0,144965632.0,199388682.0
test,l1config-70_l2config-70,5,32.0,2.0,2.0,16.0,8.0,12.5,7.9768951204764145,12.463898625744397,45.52600684600588,0.0,98.53836384946214,34078720.0,4194304.0,38273024.0,545259520.0,67108864.0,612368384.0,16.0,16.0,546803708.0,250791052.0,797594760.0,17086300.0,0.0,0.0,0.0,30670610.0,30612383.32142857,2483027968.0,1.4456771941192423,1344.1055847299026,32988320.0,144965632.0,199397461.0
test,l1config-70_l2config-70,6,32.0,2.0,2.0,16.0,8.0,12.5,7.976859716789899,12.463843307484217,45.5232868449125,0.0,98.53866166275577,34078720.0,4194304.0,38273024.0,545259520.0,67108864.0,612368384.0,16.0,16.0,546806392.0,250765808.0,797572200.0,17092212.0,0.0,0.0,0.0,30678878.0,30612747.32142857,2483027968.0,1.4452879117470179,1343.7223660628133,32997728.0,144965632.0,199397499.0
test,l1config-70_l2config-70,7,32.0,2.0,2.0,16.0,8.0,12.5,7.976844964485693,12.463820257008894,45.52511159076917,0.0,98.53883768428629,34078720.0,4194304.0,38273024.0,545259520.0,67108864.0,612368384.0,16.0,16.0,546804032.0,250779704.0,797583736.0,17088280.0,0.0,0.0,0.0,30666898.0,30613177.589285713,2483027968.0,1.445852500901857,1344.9118390808262,32968544.0,144965632.0,199391811.0
test,l1config-70_l2config-70,8,32.0,2.0,2.0,16.0,8.0,12.5,7.976852708509827,12.463832357046604,45.5246885463246,0.0,98.54748847192755,34078720.0,4194304.0,38273024.0,545259520.0,67108864.0,612368384.0,16.0,16.0,546803900.0,250801568.0,797605468.0,17085292.0,0.0,0.0,0.0,30673193.0,30609329.464285713,2483027968.0,1.4455561246766295,1344.7591244762007,32972288.0,144965632.0,199392296.0
test,l1config-70_l2config-70,9,32.0,2.0,2.0,16.0,8.0,12.5,7.976892647150505,12.463894761172664,45.52575786875251,0.0,98.55099161209486,34078720.0,4194304.0,38273024.0,545259520.0,67108864.0,612368384.0,16.0,16.0,546807724.0,250768728.0,797576452.0,17086468.0,0.0,0.0,0.0,30666985.0,30612126.75,2483027968.0,1.445848293041124,1344.576434623828,32976768.0,144965632.0,199387892.0
test,l1config-70_l2config-70,10,32.0,2.0,2.0,16.0,8.0,12.5,7.976875083400615,12.463867317813461,45.522825318816636,0.0,98.52120774776473,34078720.0,4194304.0,38273024.0,545259520.0,67108864.0,612368384.0,16.0,16.0,546800652.0,250731992.0,797532644.0,17109384.0,0.0,0.0,0.0,30668565.0,30615861.76785714,2483027968.0,1.4457737107114619,1344.5777393753324,32976736.0,144965632.0,199386207.0
test,l1config-70_l2config-70,11,32.0,2.0,2.0,16.0,8.0,12.5,7.976869948680037,12.463859294812558,45.521543349315564,0.0,98.54328656398013,34078720.0,4194304.0,38273024.0,545259520.0,67108864.0,612368384.0,16.0,16.0,546811824.0,250769160.0,797580984.0,17086612.0,0.0,0.0,0.0,30674905.0,30612843.57142857,2483027968.0,1.4454746925823152,1344.943169440885,32967776.0,144965632.0,199391973.0
test,l1config-70_l2config-70,12,32.0,2.0,2.0,16.0,8.0,12.5,7.97685443737137,12.463835058392766,45.524008055603446,0.0,98.53143081890478,34078720.0,4194304.0,38273024.0,545259520.0,67108864.0,612368384.0,16.0,16.0,546804732.0,250760112.0,797564844.0,17085208.0,0.0,0.0,0.0,30667900.0,30624205.410714287,2483027968.0,1.4458056971968212,1344.7434634007564,32972672.0,144965632.0,199386061.0
test,l1config-70_l2config-70,13,32.0,2.0,2.0,16.0,8.0,12.5,7.9768522322613205,12.463831612908313,45.524239815511315,0.0,98.49886711721551,34078720.0,4194304.0,38273024.0,545259520.0,67108864.0,612368384.0,16.0,16.0,546805780.0,250781408.0,797587188.0,17094652.0,0.0,0.0,0.0,30668410.0,30616332.339285713,2483027968.0,1.445780970600188,1344.6481997171052,32975008.0,144965632.0,199393924.0
test,l1config-70_l2config-70,14,32.0,2.0,2.0,16.0,8.0,12.5,7.976873352858231,12.463864613840986,45.52500167874731,0.0,98.54006565517963,34078720.0,4194304.0,38273024.0,545259520.0,67108864.0,612368384.0,16.0,16.0,546799424.0,250750096.0,797549520.0,17085148.0,0.0,0.0,0.0,30671918.0,30613623.32142857,2483027968.0,1.4456155669443318,1344.362489632445,32982016.0,144965632.0,199406401.0
test,l1config-70_l2config-70,15,32.0,2.0,2.0,16.0,8.0,12.5,7.976862699021367,12.463847967220886,45.528297240451664,0.0,98.53857490697303,34078720.0,4194304.0,38273024.0,545259520.0,67108864.0,612368384.0,16.0,16.0,546804444.0,250762748.0,797567192.0,17086144.0,0.0,0.0,0.0,30675477.0,30618190.35714286,2483027968.0,1.445447962895267,1344.5294652560606,32977920.0,144965632.0,199382813.0
test,l1config-70_l2config-70,16,32.0,2.0,2.0,16.0,8.0,12.5,7.976882316848272,12.463878620075425,45.52294180945142,0.0,98.5500540187735,34078720.0,4194304.0,38273024.0,545259520.0,67108864.0,612368384.0,16.0,16.0,546798828.0,250762960.0,797561788.0,17103060.0,0.0,0.0,0.0,30675601.0,30620616.67857143,2483027968.0,1.4454427207411715,1344.3742287504506,32981728.0,144965632.0,199394090.0
test,l1config-70_l2config-70,17,32.0,2.0,2.0,16.0,8.0,12.5,7.976885245793709,12.46388319655267,45.52270929642959,0.0,98.52927241471131,34078720.0,4194304.0,38273024.0,545259520.0,67108864.0,612368384.0,16.0,16.0,546802840.0,250809408.0,797612248.0,17089524.0,0.0,0.0,0.0,30667011.0,30621938.05357143,2483027968.0,1.4458468550663206,1344.807415088592,32971104.0,144965632.0,199399936.0
test,l1config-70_l2config-70,18,32.0,2.0,2.0,16.0,8.0,12.5,7.976842329634121,12.463816140053314,45.523929395899295,0.0,98.54228998830386,34078720.0,4194304.0,38273024.0,545259520.0,67108864.0,612368384.0,16.0,16.0,546803040.0,250734140.0,797537180.0,17087580.0,0.0,0.0,0.0,30664409.0,30617929.92857143,2483027968.0,1.4459694821625932,1344.123838690084,32987872.0,144965632.0,199398051.0
test,l1config-70_l2config-70,19,32.0,2.0,2.0,16.0,8.0,12.5,7.976898119930835,12.46390331239193,45.523158361875076,0.0,98.5431605775706,34078720.0,4194304.0,38273024.0,545259520.0,67108864.0,612368384.0,16.0,16.0,546806348.0,250763140.0,797569488.0,17091484.0,0.0,0.0,0.0,30681837.0,30610962.55357143,2483027968.0,1.4451479961546343,1344.4303184774117,32980352.0,144965632.0,199396437.0
test,l1config-70_l2config-70,20,32.0,2.0,2.0,16.0,8.0,12.5,7.976896259560091,12.463900405562642,45.52496338611709,0.0,98.54977053245626,34078720.0,4194304.0,38273024.0,545259520.0,67108864.0,612368384.0,16.0,16.0,546801700.0,250753056.0,797554756.0,17084660.0,0.0,0.0,0.0,30657902.0,30615897.535714287,2483027968.0,1.4462763237280547,1344.3494464084392,32982336.0,144965632.0,199390220.0
test,l1config-70_l2config-70,21,32.0,2.0,2.0,16.0,8.0,12.5,7.976863540841346,12.463849282564603,45.52495786316594,0.0,98.55083965996887,34078720.0,4194304.0,38273024.0,545259520.0,67108864.0,612368384.0,16.0,16.0,546812780.0,250741680.0,797554460.0,17085588.0,0.0,0.0,0.0,30657334.0,30621150.589285713,2483027968.0,1.446302942531528,1344.718667443977,32973280.0,144965632.0,199399593.0
test,l1config-70_l2config-70,22,32.0,2.0,2.0,16.0,8.0,12.5,7.976886478648755,12.46388512288868,45.52384415962581,0.0,98.56865327631908,34078720.0,4194304.0,38273024.0,545259520.0,67108864.0,612368384.0,16.0,16.0,546812180.0,250782692.0,797594872.0,17091292.0,0.0,0.0,0.0,30670862.0,30610267.5,2483027968.0,1.4456655163677057,1344.5542542356739,32977312.0,144965632.0,199396459.0
test,l1config-70_l2config-70,23,32.0,2.0,2.0,16.0,8.0,12.5,7.976908963734731,12.463920255835518,45.52425092479061,0.0,98.53941132407577,34078720.0,4194304.0,38273024.0,545259520.0,67108864.0,612368384.0,16.0,16.0,546795396.0,250784912.0,797580308.0,17109080.0,0.0,0.0,0.0,30680607.0,30622621.839285713,2483027968.0,1.445206121251919,1344.435536364372,32980224.0,144965632.0,199396561.0
test,l1config-70_l2config-70,24,32.0,2.0,2.0,16.0,8.0,12.5,7.976870373664947,12.46385995885148,45.5265080254523,0.0,98.54302712100716,34078720.0,4194304.0,38273024.0,545259520.0,67108864.0,612368384.0,16.0,16.0,546805640.0,250728020.0,797533660.0,17085020.0,0.0,0.0,0.0,30672475.0,30611576.30357143,2483027968.0,1.4455898217743475,1344.0508258240259,32989664.0,144965632.0,199396544.0
test,l1config-70_l2config-70,25,32.0,2.0,2.0,16.0,8.0,12.5,7.976867371316853,12.463855267682582,45.525549485130156,0.0,98.53793123639743,34078720.0,4194304.0,38273024.0,545259520.0,67108864.0,612368384.0,16.0,16.0,546805188.0,250783016.0,797588204.0,17098812.0,0.0,0.0,0.0,30671635.0,30622418.464285713,2483027968.0,1.4456290231371989,1344.624712116005,32975584.0,144965632.0,199385183.0
test,l1config-70_l2config-70,26,32.0,2.0,2.0,16.0,8.0,12.5,7.976868222376425,12.463856597463165,45.52253724987699,0.0,98.54281620517506,34078720.0,4194304.0,38273024.0,545259520.0,67108864.0,612368384.0,16.0,16.0,546808540.0,250776484.0,797585024.0,17099820.0,0.0,0.0,0.0,30667521.0,30612919.660714287,2483027968.0,1.4458228931694463,1344.3103182549476,32983296.0,144965632.0,199397814.0
test,l1config-70_l2config-70,27,32.0,2.0,2.0,16.0,8.0,12.5,7.97690879271434,12.463919988616157,45.52150418366482,0.0,98.53548455284022,34078720.0,4194304.0,38273024.0,545259520.0,67108864.0,612368384.0,16.0,16.0,546816116.0,250761256.0,797577372.0,17091188.0,0.0,0.0,0.0,30654221.0,30607350.660714287,2483027968.0,1.4464499120041747,1344.790447721462,32971520.0,144965632.0,199390767.0
test,l1config-70_l2config-70,28,32.0,2.0,2.0,16.0,8.0,12.5,7.976828650508593,12.463794766419676,45.527190858287156,0.0,98.54247426516997,34078720.0,4194304.0,38273024.0,545259520.0,67108864.0,612368384.0,16.0,16.0,546811888.0,250773456.0,797585344.0,17088988.0,0.0,0.0,0.0,30669979.0,30619720.714285713,2483027968.0,1.445707349750847,1344.719972471536,32973248.0,144965632.0,199383918.0
test,l1config-70_l2config-70,29,32.0,2.0,2.0,16.0,8.0,12.5,7.976849251306149,12.463826955165857,45.52323806176242,0.0,98.55088482739703,34078720.0,4194304.0,38273024.0,545259520.0,67108864.0,612368384.0,16.0,16.0,546813344.0,250743520.0,797556864.0,17093140.0,0.0,0.0,0.0,30669286.0,30612851.35714286,2483027968.0,1.4457398046965981,1344.7982787607807,32971328.0,144965632.0,199401216.0
test,l1config-70_l2config-70,30,32.0,2.0,2.0,16.0,8.0,12.5,7.976860440337264,12.463844438026975,45.52465403121661,0.0,98.54204003865982,34078720.0,4194304.0,38273024.0,545259520.0,67108864.0,612368384.0,16.0,16.0,546803948.0,250783116.0,797587064.0,17088696.0,0.0,0.0,0.0,30670252.0,30622511.35714286,2483027968.0,1.4456944695245058,1344.367706992915,32981888.0,144965632.0,199387639.0
test,l1config-70_l2config-70,31,32.0,2.0,2.0,16.0,8.0,12.5,7.976885726038385,12.463883946934978,45.52447840466137,0.0,98.54767115714867,34078720.0,4194304.0,38273024.0,545259520.0,67108864.0,612368384.0,16.0,16.0,546795800.0,250743580.0,797539380.0,17094736.0,0.0,0.0,0.0,30667922.0,30619094.67857143,2483027968.0,1.4458040000153953,1344.2920592294538,32983744.0,144965632.0,199388362.0
test,l1config-70_l2config-70,32,32.0,2.0,2.0,16.0,8.0,12.5,7.976858801234436,12.463841876928807,45.525594940711194,0.0,98.54237859239427,34078720.0,4194304.0,38273024.0,545259520.0,67108864.0,612368384.0,16.0,16.0,546798380.0,250778932.0,797577312.0,17101056.0,0.0,0.0,0.0,30675487.0,30606474.07142857,2483027968.0,1.4454479982357606,1344.6703832049293,32974464.0,144965632.0,199390117.0
test,l1config-70_l2config-70,33,32.0,2.0,2.0,16.0,8.0,12.5,7.976898908529157,12.463904544576808,45.52306242083454,0.0,98.54348147611901,34078720.0,4194304.0,38273024.0,545259520.0,67108864.0,612368384.0,16.0,16.0,546807480.0,250751856.0,797559336.0,17086976.0,0.0,0.0,0.0,30664535.0,30624775.92857143,2483027968.0,1.4459634817562896,1344.470758160775,32979360.0,144965632.0,199380773.0
test,l1config-70_l2config-70,34,32.0,2.0,2.0,16.0,8.0,12.5,7.976840448422893,12.46381320066077,45.52459470233365,0.0,98.54038700399171,34078720.0,4194304.0,38273024.0,545259520.0,67108864.0,612368384.0,16.0,16.0,546800700.0,250788836.0,797589536.0,17085376.0,0.0,0.0,0.0,30674644.0,30615957.94642857,2483027968.0,1.445487557111979,1344.093850303024,32988608.0,144965632.0,199389110.0
test,l1config-70_l2config-70,35,32.0,2.0,2.0,16.0,8.0,12.5,7.976840865334448,12.463813852085075,45.522710676927076,0.0,98.53194846881568,34078720.0,4194304.0,38273024.0,545259520.0,67108864.0,612368384.0,16.0,16.0,546816452.0,250767460.0,797583912.0,17093868.0,0.0,0.0,0.0,30661857.0,30622091.589285713,2483027968.0,1.4460900077446304,1344.9013959518436,32968800.0,144965632.0,199395224.0
test,l1config-70_l2config-70,36,32.0,2.0,2.0,16.0,8.0,12.5,7.976854286467324,12.463834822605193,45.5220730277131,0.0,98.5269590700636,34078720.0,4194304.0,38273024.0,545259520.0,67108864.0,612368384.0,16.0,16.0,546806960.0,250777652.0,797584612.0,17088708.0,0.0,0.0,0.0,30663997.0,30613286.39285714,2483027968.0,1.4459894288613173,1344.7291077353761,32973024.0,144965632.0,199398009.0
test,l1config-70_l2config-70,37,32.0,2.0,2.0,16.0,8.0,12.5,7.97683663274815,12.463807238668984,45.52526983564358,0.0,98.54951062662036,34078720.0,4194304.0,38273024.0,545259520.0,67108864.0,612368384.0,16.0,16.0,546803852.0,250802176.0,797606028.0,17100152.0,0.0,0.0,0.0,30677735.0,30617906.875,2483027968.0,1.4453415722827825,1344.870067537953,32969568.0,144965632.0,199402120.0
test,l1config-70_l2config-70,38,32.0,2.0,2.0,16.0,8.0,12.5,7.976845404765868,12.463820944946669,45.527493080577244,0.0,98.50058862824062,34078720.0,4194304.0,38273024.0,545259520.0,67108864.0,612368384.0,16.0,16.0,546804856.0,250765996.0,797570852.0,17095960.0,0.0,0.0,0.0,30677274.0,30612849.660714287,2483027968.0,1.4453633862647695,1344.701702316208,32973696.0,144965632.0,199387206.0
test,l1config-70_l2config-70,39,32.0,2.0,2.0,16.0,8.0,12.5,7.976841157593912,12.463814308740488,45.52373091277877,0.0,98.53995094720595,34078720.0,4194304.0,38273024.0,545259520.0,67108864.0,612368384.0,16.0,16.0,546799996.0,250743216.0,797543212.0,17087228.0,0.0,0.0,0.0,30667742.0,30619086.85714286,2483027968.0,1.4458126391817725,1345.3832541166726,32956992.0,144965632.0,199388338.0
test,l1config-70_l2config-70,40,32.0,2.0,2.0,16.0,8.0,12.5,7.976826746613066,12.463791791582915,45.52481866529142,0.0,98.54563848724439,34078720.0,4194304.0,38273024.0,545259520.0,67108864.0,612368384.0,16.0,16.0,546809300.0,250773656.0,797582956.0,17087604.0,0.0,0.0,0.0,30665887.0,30610050.839285713,2483027968.0,1.4459002977897988,1344.6651634948853,32974592.0,144965632.0,199394366.0
test,l1config-70_l2config-70,41,32.0,2.0,2.0,16.0,8.0,12.5,7.976868022385341,12.463856284977096,45.52350177627323,0.0,98.4994317982072,34078720.0,4194304.0,38273024.0,545259520.0,67108864.0,612368384.0,16.0,16.0,546806516.0,250771296.0,797577812.0,17089648.0,0.0,0.0,0.0,30674861.0,30617881.214285713,2483027968.0,1.4454771665125439,1344.2803215464119,32984032.0,144965632.0,199397817.0
test,l1config-70_l2config-70,42,32.0,2.0,2.0,16.0,8.0,12.5,7.976860358306635,12.463844309854117,45.52061027806864,0.0,98.57901447851248,34078720.0,4194304.0,38273024.0,545259520.0,67108864.0,612368384.0,16.0,16.0,546802336.0,250771916.0,797574252.0,17084436.0,0.0,0.0,0.0,30666831.0,30610002.92857143,2483027968.0,1.4458554358108169,1344.5790441293689,32976704.0,144965632.0,199393194.0
test,l1config-70_l2config-70,43,32.0,2.0,2.0,16.0,8.0,12.5,7.9768396238823085,12.463811912316107,45.5239141251831,0.0,98.54112804308849,34078720.0,4194304.0,38273024.0,545259520.0,67108864.0,612368384.0,16.0,16.0,546803116.0,250777724.0,797580840.0,17099968.0,0.0,0.0,0.0,30668202.0,30613472.42857143,2483027968.0,1.4457911062810755,1344.166867843721,32986816.0,144965632.0,199393498.0
test,l1config-70_l2config-70,44,32.0,2.0,2.0,16.0,8.0,12.5,7.976837356795045,12.463808369992257,45.52143254196832,0.0,98.5100260027925,34078720.0,4194304.0,38273024.0,545259520.0,67108864.0,612368384.0,16.0,16.0,546806080.0,250724080.0,797530160.0,17085292.0,0.0,0.0,0.0,30654993.0,30611455.17857143,2483027968.0,1.4464136150802542,1344.6299315120052,32975456.0,144965632.0,199384857.0
test,l1config-70_l2config-70,45,32.0,2.0,2.0,16.0,8.0,12.5,7.97687002602968,12.463859415671374,45.525357855730505,0.0,98.55047141042628,34078720.0,4194304.0,38273024.0,545259520.0,67108864.0,612368384.0,16.0,16.0,546812132.0,250796336.0,797608468.0,17096924.0,0.0,0.0,0.0,30679005.0,30619216.410714287,2483027968.0,1.4452816814469374,1344.5229419922912,32978080.0,144965632.0,199386557.0
test,l1config-70_l2config-70,46,32.0,2.0,2.0,16.0,8.0,12.5,7.976871985641135,12.463862477564273,45.52394233062614,0.0,98.539496480557,34078720.0,4194304.0,38273024.0,545259520.0,67108864.0,612368384.0,16.0,16.0,546805688.0,250767076.0,797572764.0,17087084.0,0.0,0.0,0.0,30676440.0,30614685.80357143,2483027968.0,1.4454030347452056,1344.156436280769,32987072.0,144965632.0,199390383.0
test,l1config-70_l2config-70,47,32.0,2.0,2.0,16.0,8.0,12.5,7.976844613630106,12.46381970879704,45.52344723478555,0.0,98.5481982521526,34078720.0,4194304.0,38273024.0,545259520.0,67108864.0,612368384.0,16.0,16.0,546809152.0,250744920.0,797554072.0,17090180.0,0.0,0.0,0.0,30670794.0,30618354.19642857,2483027968.0,1.4456687922466764,1344.4851083106303,32979008.0,144965632.0,199390463.0
test,l1config-70_l2config-70,48,32.0,2.0,2.0,16.0,8.0,12.5,7.976839689492651,12.463812014832268,45.52438230311243,0.0,98.54449932252287,34078720.0,4194304.0,38273024.0,545259520.0,67108864.0,612368384.0,16.0,16.0,546800752.0,250770044.0,797570796.0,17090064.0,0.0,0.0,0.0,30673331.0,30611973.92857143,2483027968.0,1.4455489730821076,1344.5855679375359,32976544.0,144965632.0,199396565.0
test,l1config-70_l2config-70,49,32.0,2.0,2.0,16.0,8.0,12.5,7.976853691870586,12.46383389354779,45.52152015613951,0.0,98.55360961187249,34078720.0,4194304.0,38273024.0,545259520.0,67108864.0,612368384.0,16.0,16.0,546803800.0,250789764.0,797593564.0,17091360.0,0.0,0.0,0.0,30675335.0,30615720.17857143,2483027968.0,1.4454544537949359,1344.491631207286,32978848.0,144965632.0,199397114.0
test,l1config-70_l2config-85,0,32.0,2.0,2.0,16.0,8.0,12.5,7.976848831773219,12.463826299645655,45.52327942215146,0.0,98.54067532518131,34078720.0,4194304.0,38273024.0,545259520.0,67108864.0,612368384.0,16.0,16.0,546802256.0,250718640.0,797520896.0,17085060.0,0.0,0.0,0.0,30674254.0,30621142.19642857,2483027968.0,1.4455065480266627,1344.4303184774117,32980352.0,144965632.0,199387754.0
test,l1config-70_l2config-85,1,32.0,2.0,2.0,16.0,8.0,12.5,7.976878091511135,12.463872017986148,45.52609730732842,0.0,98.54071943758484,34078720.0,4194304.0,38273024.0,545259520.0,67108864.0,612368384.0,16.0,16.0,546805976.0,250801852.0,797607828.0,17088876.0,0.0,0.0,0.0,30662870.0,30613691.10714286,2483027968.0,1.4460418681978677,1344.003893170061,32990816.0,144965632.0,199381782.0
test,l1config-70_l2config-85,2,32.0,2.0,2.0,16.0,8.0,12.5,7.976905237912992,12.463914434239049,45.52544697917699,0.0,98.48227049434571,34078720.0,4194304.0,38273024.0,545259520.0,67108864.0,612368384.0,16.0,16.0,546799032.0,250753028.0,797552060.0,17083148.0,0.0,0.0,0.0,30664150.0,30612716.0,2483027968.0,1.445982037201334,1344.3585766386682,32982112.0,144965632.0,199390891.0
test,l1config-70_l2config-85,3,32.0,2.0,2.0,16.0,8.0,12.5,7.976846214721093,12.463822210501707,45.524385080862594,0.0,98.5427423263855,34078720.0,4194304.0,38273024.0,545259520.0,67108864.0,612368384.0,16.0,16.0,546798500.0,250785532.0,797584032.0,17107280.0,0.0,0.0,0.0,30667018.0,30621147.07142857,2483027968.0,1.445846784346322,1344.8805101804107,32969312.0,144965632.0,199380962.0
test,l1config-70_l2config-85,4,32.0,2.0,2.0,16.0,8.0,12.5,7.976911685280105,12.463924508250164,45.52857287950391,0.0,98.53696696395154,34078720.0,4194304.0,38273024.0,545259520.0,67108864.0,612368384.0,16.0,16.0,546803472.0,250732296.0,797535768.0,17092288.0,0.0,0.0,0.0,30657337.0,30614306.785714287,2483027968.0,1.446303343531185,1344.5725203845077,32976864.0,144965632.0,199375021.0
test,l1config-70_l2config-85,5,32.0,2.0,2.0,16.0,8.0,12.5,7.976862850970867,12.463848204641979,45.525178346691355,0.0,98.54520907512293,34078720.0,4194304.0,38273024.0,545259520.0,67108864.0,612368384.0,16.0,16.0,546804084.0,250772464.0,797576548.0,17096448.0,0.0,0.0,0.0,30672404.0,30622529.80357143,2483027968.0,1.4455929087898227,1344.5790441293689,32976704.0,144965632.0,199380820.0
test,l1config-70_l2config-85,6,32.0,2.0,2.0,16.0,8.0,12.5,7.976892938990362,12.46389521717244,45.5251772720006,0.0,98.54126291575348,34078720.0,4194304.0,38273024.0,545259520.0,67108864.0,612368384.0,16.0,16.0,546796864.0,250794848.0,797591712.0,17106740.0,0.0,0.0,0.0,30671039.0,30607926.035714287,2483027968.0,1.4456576684590476,1345.0698111862644,32964672.0,144965632.0,199395781.0
test,l1config-70_l2config-85,7,32.0,2.0,2.0,16.0,8.0,12.5,7.976878998984564,12.463873435913381,45.52553817845664,0.0,98.54897820008189,34078720.0,4194304.0,38273024.0,545259520.0,67108864.0,612368384.0,16.0,16.0,546801084.0,250714252.0,797515336.0,17084040.0,0.0,0.0,0.0,30671620.0,30614384.464285713,2483027968.0,1.4456299068714162,1344.4929357942124,32978816.0,144965632.0,199391900.0
test,l1config-70_l2config-85,8,32.0,2.0,2.0,16.0,8.0,12.5,7.976901667603856,12.463908855631026,45.52432661587169,0.0,98.62897175243133,34078720.0,4194304.0,38273024.0,545259520.0,67108864.0,612368384.0,16.0,16.0,546803628.0,250777612.0,797581240.0,17081920.0,0.0,0.0,0.0,30683573.0,30606421.0,2483027968.0,1.4450666689042542,1344.4511902682711,32979840.0,144965632.0,199380588.0
test,l1config-70_l2config-85,9,32.0,2.0,2.0,16.0,8.0,12.5,7.976844899386066,12.463820155290728,45.52358835238972,0.0,98.53769373357937,34078720.0,4194304.0,38273024.0,545259520.0,67108864.0,612368384.0,16.0,16.0,546797736.0,250777408.0,797575144.0,17108140.0,0.0,0.0,0.0,30670119.0,30616706.89285714,2483027968.0,1.4457006326782824,1344.7656500319645,32972128.0,144965632.0,199402292.0
test,l1config-70_l2config-85,10,32.0,2.0,2.0,16.0,8.0,12.5,7.976855731473648,12.463837080427576,45.523750358564,0.0,98.53864603502913,34078720.0,4194304.0,38273024.0,545259520.0,67108864.0,612368384.0,16.0,16.0,546796176.0,250779012.0,797575188.0,17087204.0,0.0,0.0,0.0,30660885.0,30624763.5,2483027968.0,1.4461360634189229,1344.6351509485255,32975328.0,144965632.0,199380229.0
test,l1config-70_l2config-85,11,32.0,2.0,2.0,16.0,8.0,12.5,7.97683665606931,12.463807275108296,45.52625292060423,0.0,98.5354889734509,34078720.0,4194304.0,38273024.0,545259520.0,67108864.0,612368384.0,16.0,16.0,546796920.0,250736008.0,797532928.0,17088328.0,0.0,0.0,0.0,30673476.0,30619180.42857143,2483027968.0,1.4455423163896732,1344.4616264067229,32979584.0,144965632.0,199396862.0
test,l1config-70_l2config-85,12,32.0,2.0,2.0,16.0,8.0,12.5,7.976853835371694,12.463834117768272,45.524587115654704,0.0,98.58229726143597,34078720.0,4194304.0,38273024.0,545259520.0,67108864.0,612368384.0,16.0,16.0,546803320.0,250769748.0,797573068.0,17111092.0,0.0,0.0,0.0,30666237.0,30612158.98214286,2483027968.0,1.4458837600626495,1344.2307646999393,32985248.0,144965632.0,199375924.0
test,l1config-70_l2config-85,13,32.0,2.0,2.0,16.0,8.0,12.5,7.97684616543726,12.46382213349572,45.52613946462562,0.0,98.54908136124068,34078720.0,4194304.0,38273024.0,545259520.0,67108864.0,612368384.0,16.0,16.0,546809864.0,250731900.0,797541764.0,17082888.0,0.0,0.0,0.0,30669985.0,30624441.410714287,2483027968.0,1.4457069490816103,1345.0541428735064,32965056.0,144965632.0,199403235.0
test,l1config-70_l2config-85,14,32.0,2.0,2.0,16.0,8.0,12.5,7.976900228162984,12.463906606504663,45.524915752632886,0.0,98.52866305271185,34078720.0,4194304.0,38273024.0,545259520.0,67108864.0,612368384.0,16.0,16.0,546808688.0,250758968.0,797567656.0,17093912.0,0.0,0.0,0.0,30669605.0,30609705.55357143,2483027968.0,1.445725109048629,1344.8987851949387,32968864.0,144965632.0,199378044.0
test,l1config-70_l2config-85,15,32.0,2.0,2.0,16.0,8.0,12.5,7.976854757873745,12.463835559177728,45.52457877583985,0.0,98.5392939743699,34078720.0,4194304.0,38273024.0,545259520.0,67108864.0,612368384.0,16.0,16.0,546802484.0,250717664.0,797520148.0,17086408.0,0.0,0.0,0.0,30670247.0,30622418.285714287,2483027968.0,1.4456945402296049,1344.2555426664392,32984640.0,144965632.0,199388004.0
test,l1config-70_l2config-85,16,32.0,2.0,2.0,16.0,8.0,12.5,7.976849945710664,12.463828040172913,45.525959415635704,0.0,98.53711921830508,34078720.0,4194304.0,38273024.0,545259520.0,67108864.0,612368384.0,16.0,16.0,546811908.0,250832840.0,797644748.0,17092468.0,0.0,0.0,0.0,30664218.0,30619190.76785714,2483027968.0,1.445978913157234,1345.0058345403402,32966240.0,144965632.0,199402397.0
test,l1config-70_l2config-85,17,32.0,2.0,2.0,16.0,8.0,12.5,7.976886314475618,12.463884866368154,45.525611201102855,0.0,98.53395137904661,34078720.0,4194304.0,38273024.0,545259520.0,67108864.0,612368384.0,16.0,16.0,546798296.0,250722848.0,797521144.0,17092468.0,0.0,0.0,0.0,30677187.0,30607103.464285713,2483027968.0,1.4453675795246634,1344.1134077949844,32988128.0,144965632.0,199389752.0
test,l1config-70_l2config-85,18,32.0,2.0,2.0,16.0,8.0,12.5,7.9768432526195925,12.463817582218113,45.52620598928276,0.0,98.5351892617362,34078720.0,4194304.0,38273024.0,545259520.0,67108864.0,612368384.0,16.0,16.0,546810328.0,250713212.0,797523540.0,17085124.0,0.0,0.0,0.0,30671798.0,30620994.875,2483027968.0,1.4456214466335169,1345.0280298300736,32965696.0,144965632.0,199383991.0
test,l1config-70_l2config-85,19,32.0,2.0,2.0,16.0,8.0,12.5,7.976840723484363,12.463813630444317,45.524186372398106,0.0,98.53205454068426,34078720.0,4194304.0,38273024.0,545259520.0,67108864.0,612368384.0,16.0,16.0,546791200.0,250741676.0,797532876.0,17087156.0,0.0,0.0,0.0,30667614.0,30621475.32142857,2483027968.0,1.4458184379707264,1344.345533490591,32982432.0,144965632.0,199396471.0
test,l1config-70_l2config-85,20,32.0,2.0,2.0,16.0,8.0,12.5,7.976846742428242,12.463823035044127,45.52450960042484,0.0,98.50339546173512,34078720.0,4194304.0,38273024.0,545259520.0,67108864.0,612368384.0,16.0,16.0,546797896.0,250791932.0,797589828.0,17087840.0,0.0,0.0,0.0,30663114.0,30608918.69642857,2483027968.0,1.446030785826871,1344.410751762028,32980832.0,144965632.0,199384008.0
test,l1config-70_l2config-85,21,32.0,2.0,2.0,16.0,8.0,12.5,7.97688742940796,12.463886608449938,45.52873505841984,0.0,98.52393721566834,34078720.0,4194304.0,38273024.0,545259520.0,67108864.0,612368384.0,16.0,16.0,546805636.0,250725308.0,797530944.0,17085672.0,0.0,0.0,0.0,30669222.0,30616146.92857143,2483027968.0,1.4457429512775382,1344.3155352104786,32983168.0,144965632.0,199394059.0
test,l1config-70_l2config-85,22,32.0,2.0,2.0,16.0,8.0,12.5,7.976886067187892,12.46388447998108,45.52622176642075,0.0,98.5140822844912,34078720.0,4194304.0,38273024.0,545259520.0,67108864.0,612368384.0,16.0,16.0,546803044.0,250757472.0,797560516.0,17091392.0,0.0,0.0,0.0,30678938.0,30616576.839285713,2483027968.0,1.4452849202540752,1344.3572723124714,32982144.0,144965632.0,199383969.0
test,l1config-70_l2config-85,23,32.0,2.0,2.0,16.0,8.0,12.5,7.976866424176623,12.463853787775973,45.52620013047557,0.0,98.54260460079166,34078720.0,4194304.0,38273024.0,545259520.0,67108864.0,612368384.0,16.0,16.0,546810516.0,250764208.0,797574724.0,17084536.0,0.0,0.0,0.0,30670552.0,30611713.39285714,2483027968.0,1.4456801283165406,1344.5464260380998,32977504.0,144965632.0,199381241.0
test,l1config-70_l2config-85,24,32.0,2.0,2.0,16.0,8.0,12.5,7.976843262836529,12.463817598182077,45.52469964196147,0.0,98.552657074277,34078720.0,4194304.0,38273024.0,545259520.0,67108864.0,612368384.0,16.0,16.0,546794912.0,250732588.0,797527500.0,17087696.0,0.0,0.0,0.0,30653263.0,30612132.535714287,2483027968.0,1.4464955659054626,1344.2920592294538,32983744.0,144965632.0,199381532.0
test,l1config-70_l2config-85,25,32.0,2.0,2.0,16.0,8.0,12.5,7.976874505221646,12.463866414408823,45.52218190629213,0.0,98.5371390611273,34078720.0,4194304.0,38273024.0,545259520.0,67108864.0,612368384.0,16.0,16.0,546791860.0,250748452.0,797540312.0,17088360.0,0.0,0.0,0.0,30655744.0,30614966.589285713,2483027968.0,1.4463784051479558,1345.0136680883659,32966048.0,144965632.0,199398995.0
test,l1config-70_l2config-85,26,32.0,2.0,2.0,16.0,8.0,12.5,7.976868814464844,12.463857522601318,45.526226140220096,0.0,98.50493030311725,34078720.0,4194304.0,38273024.0,545259520.0,67108864.0,612368384.0,16.0,16.0,546805160.0,250752212.0,797557372.0,17088108.0,0.0,0.0,0.0,30667198.0,30620782.44642857,2483027968.0,1.4458383097832548,1344.8517933038656,32970016.0,144965632.0,199385898.0
test,l1config-70_l2config-85,27,32.0,2.0,2.0,16.0,8.0,12.5,7.976831780561531,12.463799657127392,45.52366940674398,0.0,98.58267927488427,34078720.0,4194304.0,38273024.0,545259520.0,67108864.0,612368384.0,16.0,16.0,546790056.0,250785976.0,797576032.0,17090304.0,0.0,0.0,0.0,30673458.0,30616421.17857143,2483027968.0,1.4455429761653011,1344.4785854772667,32979168.0,144965632.0,199384904.0
test,l1config-70_l2config-85,28,32.0,2.0,2.0,16.0,8.0,12.5,7.976901150190563,12.463908047172755,45.5277912727367,0.0,98.54869522739176,34078720.0,4194304.0,38273024.0,545259520.0,67108864.0,612368384.0,16.0,16.0,546805168.0,250772336.0,797577504.0,17091936.0,0.0,0.0,0.0,30665998.0,30621410.285714287,2483027968.0,1.4458951230789832,1344.203379589144,32985920.0,144965632.0,199393665.0
test,l1config-70_l2config-85,29,32.0,2.0,2.0,16.0,8.0,12.5,7.976856562485376,12.4638383788834,45.52314864459661,0.0,98.5546253915857,34078720.0,4194304.0,38273024.0,545259520.0,67108864.0,612368384.0,16.0,16.0,546809108.0,250741284.0,797550392.0,17098796.0,0.0,0.0,0.0,30667918.0,30617101.01785714,2483027968.0,1.4458041650189701,1344.8752888389108,32969440.0,144965632.0,199381679.0
test,l1config-70_l2config-85,30,32.0,2.0,2.0,16.0,8.0,12.5,7.976857904638259,12.46384047599728,45.523042424316245,0.0,98.53998865373012,34078720.0,4194304.0,38273024.0,545259520.0,67108864.0,612368384.0,16.0,16.0,546805848.0,250739280.0,797545128.0,17084276.0,0.0,0.0,0.0,30655669.0,30609112.48214286,2483027968.0,1.4463818140078253,1344.678212845977,32974272.0,144965632.0,199395232.0
test,l1config-70_l2config-85,31,32.0,2.0,2.0,16.0,8.0,12.5,7.976883867820371,12.46388104346933,45.5269935843863,0.0,98.55443996242961,34078720.0,4194304.0,38273024.0,545259520.0,67108864.0,612368384.0,16.0,16.0,546813284.0,250739124.0,797552408.0,17094192.0,0.0,0.0,0.0,30662659.0,30612449.48214286,2483027968.0,1.4460521136472715,1344.5646919742362,32977056.0,144965632.0,199391162.0
test,l1config-70_l2config-85,32,32.0,2.0,2.0,16.0,8.0,12.5,7.976867624570114,12.463855663390804,45.5258922362066,0.0,98.54267823439622,34078720.0,4194304.0,38273024.0,545259520.0,67108864.0,612368384.0,16.0,16.0,546797572.0,250730744.0,797528316.0,17088620.0,0.0,0.0,0.0,30665363.0,30612993.125,2483027968.0,1.4459251934994437,1344.5855679375359,32976544.0,144965632.0,199386957.0
test,l1config-70_l2config-85,33,32.0,2.0,2.0,16.0,8.0,12.5,7.97683779727524,12.463809058242562,45.52091249887565,0.0,98.55617773889716,34078720.0,4194304.0,38273024.0,545259520.0,67108864.0,612368384.0,16.0,16.0,546793696.0,250763916.0,797557612.0,17095292.0,0.0,0.0,0.0,30663779.0,30622280.30357143,2483027968.0,1.4459994849411344,1343.850081336273,32994592.0,144965632.0,199391555.0
test,l1config-70_l2config-85,34,32.0,2.0,2.0,16.0,8.0,12.5,7.976851889350328,12.463831077109887,45.52906802251455,0.0,98.5414467498671,34078720.0,4194304.0,38273024.0,545259520.0,67108864.0,612368384.0,16.0,16.0,546817008.0,250738536.0,797555544.0,17087344.0,0.0,0.0,0.0,30671037.0,30614118.39285714,2483027968.0,1.4456572442501963,1344.6795177950162,32974240.0,144965632.0,199390470.0
test,l1config-70_l2config-85,35,32.0,2.0,2.0,16.0,8.0,12.5,7.976852430985865,12.463831923415414,45.52440912346095,0.0,98.54608847190356,34078720.0,4194304.0,38273024.0,545259520.0,67108864.0,612368384.0,16.0,16.0,546802236.0,250727452.0,797529688.0,17083072.0,0.0,0.0,0.0,30668312.0,30611238.25,2483027968.0,1.4457856259243447,1344.7865322360037,32971616.0,144965632.0,199388833.0
test,l1config-70_l2config-85,36,32.0,2.0,2.0,16.0,8.0,12.5,7.976872865188593,12.463863851857177,45.52687066016324,0.0,98.53629796018492,34078720.0,4194304.0,38273024.0,545259520.0,67108864.0,612368384.0,16.0,16.0,546811112.0,250736104.0,797547216.0,17089048.0,0.0,0.0,0.0,30663593.0,30614316.660714287,2483027968.0,1.4460083032833229,1344.0025895320161,32990848.0,144965632.0,199388051.0
test,l1config-70_l2config-85,37,32.0,2.0,2.0,16.0,8.0,12.5,7.97687823987891,12.463872249810796,45.52262586537607,0.0,98.53289798903877,34078720.0,4194304.0,38273024.0,545259520.0,67108864.0,612368384.0,16.0,16.0,546793856.0,250735468.0,797529324.0,17087620.0,0.0,0.0,0.0,30661859.0,30620812.07142857,2483027968.0,1.4460897837226623,1344.5333792447052,32977824.0,144965632.0,199387369.0
test,l1config-70_l2config-85,38,32.0,2.0,2.0,16.0,8.0,12.5,7.976833512889528,12.463802363889888,45.52553970147768,0.0,98.54442006324848,34078720.0,4194304.0,38273024.0,545259520.0,67108864.0,612368384.0,16.0,16.0,546796472.0,250720496.0,797516968.0,17089632.0,0.0,0.0,0.0,30666165.0,30615315.910714287,2483027968.0,1.445887178378656,1344.438145323041,32980160.0,144965632.0,199398296.0
test,l1config-70_l2config-85,39,32.0,2.0,2.0,16.0,8.0,12.5,7.976844195639436,12.463819055686619,45.52569511481975,0.0,98.54363924245966,34078720.0,4194304.0,38273024.0,545259520.0,67108864.0,612368384.0,16.0,16.0,546800896.0,250767460.0,797568356.0,17103840.0,0.0,0.0,0.0,30670476.0,30615094.67857143,2483027968.0,1.4456836635098282,1344.332490595604,32982752.0,144965632.0,199396657.0
test,l1config-70_l2config-85,40,32.0,2.0,2.0,16.0,8.0,12.5,7.976898647626516,12.463904136916431,45.52190813857621,0.0,98.5336068960243,34078720.0,4194304.0,38273024.0,545259520.0,67108864.0,612368384.0,16.0,16.0,546787168.0,250749064.0,797536232.0,17090888.0,0.0,0.0,0.0,30665548.0,30611102.14285714,2483027968.0,1.4459161286271287,1344.0260554037607,32990272.0,144965632.0,199388124.0
test,l1config-70_l2config-85,41,32.0,2.0,2.0,16.0,8.0,12.5,7.976867828785109,12.463855982476733,45.52707227105393,0.0,98.54018809835564,34078720.0,4194304.0,38273024.0,545259520.0,67108864.0,612368384.0,16.0,16.0,546808620.0,250747964.0,797556584.0,17090376.0,0.0,0.0,0.0,30666562.0,30617604.89285714,2483027968.0,1.445868436775726,1344.641675301158,32975168.0,144965632.0,199387349.0
test,l1config-70_l2config-85,42,32.0,2.0,2.0,16.0,8.0,12.5,7.976852619990047,12.463832218734447,45.52373206404911,0.0,98.48067163881964,34078720.0,4194304.0,38273024.0,545259520.0,67108864.0,612368384.0,16.0,16.0,546810592.0,250702748.0,797513340.0,17098504.0,0.0,0.0,0.0,30670705.0,30615516.73214286,2483027968.0,1.4456733525777323,1344.657334005801,32974784.0,144965632.0,199389057.0
test,l1config-70_l2config-85,43,32.0,2.0,2.0,16.0,8.0,12.5,7.9768557492905,12.463837108266407,45.5278046494988,0.0,98.54618480181266,34078720.0,4194304.0,38273024.0,545259520.0,67108864.0,612368384.0,16.0,16.0,546805824.0,250721620.0,797527444.0,17084700.0,0.0,0.0,0.0,30665608.0,30617360.05357143,2483027968.0,1.445913004867813,1344.962751657192,32967296.0,144965632.0,199387865.0
test,l1config-70_l2config-85,44,32.0,2.0,2.0,16.0,8.0,12.5,7.976865596669035,12.463852494795367,45.526791899472165,0.0,98.53493310362451,34078720.0,4194304.0,38273024.0,545259520.0,67108864.0,612368384.0,16.0,16.0,546801808.0,250801348.0,797603156.0,17086852.0,0.0,0.0,0.0,30678977.0,30610088.910714287,2483027968.0,1.4452832478500315,1344.5842631708379,32976576.0,144965632.0,199384235.0
test,l1config-70_l2config-85,45,32.0,2.0,2.0,16.0,8.0,12.5,7.976833004643376,12.463801569755276,45.52595937885947,0.0,98.52666760089346,34078720.0,4194304.0,38273024.0,545259520.0,67108864.0,612368384.0,16.0,16.0,546807352.0,250792560.0,797599912.0,17089104.0,0.0,0.0,0.0,30668484.0,30617732.089285713,2483027968.0,1.445777541000811,1344.5477307313654,32977472.0,144965632.0,199378406.0
test,l1config-70_l2config-85,46,32.0,2.0,2.0,16.0,8.0,12.5,7.976871372059773,12.463861518843396,45.52615951847102,0.0,98.54548244388141,34078720.0,4194304.0,38273024.0,545259520.0,67108864.0,612368384.0,16.0,16.0,546801808.0,250758620.0,797560428.0,17089244.0,0.0,0.0,0.0,30677536.0,30618859.714285713,2483027968.0,1.4453512306601013,1344.4016208230914,32981056.0,144965632.0,199394360.0
test,l1config-70_l2config-85,47,32.0,2.0,2.0,16.0,8.0,12.5,7.976820358475198,12.463781810117498,45.52439450584378,0.0,98.5401180238015,34078720.0,4194304.0,38273024.0,545259520.0,67108864.0,612368384.0,16.0,16.0,546796744.0,250735872.0,797532616.0,17086192.0,0.0,0.0,0.0,30660900.0,30615215.23214286,2483027968.0,1.4461353441449316,1344.6234072733362,32975616.0,144965632.0,199390912.0
test,l1config-70_l2config-85,48,32.0,2.0,2.0,16.0,8.0,12.5,7.976866186810117,12.463853416890808,45.528576961447015,0.0,98.49829370814565,34078720.0,4194304.0,38273024.0,545259520.0,67108864.0,612368384.0,16.0,16.0,546791468.0,250748280.0,797539748.0,17085020.0,0.0,0.0,0.0,30662203.0,30616972.464285713,2483027968.0,1.4460737722270187,1344.1186232222972,32988000.0,144965632.0,199394898.0
test,l1config-70_l2config-85,49,32.0,2.0,2.0,16.0,8.0,12.5,7.9768829017380725,12.463879533965738,45.527262989821295,0.0,98.54807912947257,34078720.0,4194304.0,38273024.0,545259520.0,67108864.0,612368384.0,16.0,16.0,546796540.0,250731428.0,797527968.0,17096788.0,0.0,0.0,0.0,30668279.0,30626704.42857143,2483027968.0,1.4457872523484583,1344.5020679735856,32978592.0,144965632.0,199397207.0
test,l1config-70_l2config-40,0,32.0,2.0,2.0,16.0,8.0,12.5,7.9768970160207076,12.463901587532355,45.521653818930844,0.0,98.53731133013278,34078720.0,4194304.0,38273024.0,545259520.0,67108864.0,612368384.0,16.0,16.0,546790828.0,250763800.0,797554628.0,17087052.0,0.0,0.0,0.0,30667471.0,30607600.01785714,2483027968.0,1.445825804385559,1345.1742759340525,32962112.0,144965632.0,199395642.0
test,l1config-70_l2config-40,1,32.0,2.0,2.0,16.0,8.0,12.5,7.976808986351954,12.463764041174928,45.52636803939522,0.0,98.52938559017834,34078720.0,4194304.0,38273024.0,545259520.0,67108864.0,612368384.0,16.0,16.0,546805732.0,250790488.0,797596220.0,17094700.0,0.0,0.0,0.0,30667379.0,30624201.964285713,2483027968.0,1.4458294817279322,1344.8661515888405,32969664.0,144965632.0,199396171.0
test,l1config-70_l2config-40,2,32.0,2.0,2.0,16.0,8.0,12.5,7.976868074486348,12.463856366384919,45.52679761807504,0.0,98.54837732752392,34078720.0,4194304.0,38273024.0,545259520.0,67108864.0,612368384.0,16.0,16.0,546804080.0,250762680.0,797566760.0,17089424.0,0.0,0.0,0.0,30661702.0,30610951.5,2483027968.0,1.4460973297640085,1344.9980010835611,32966432.0,144965632.0,199393083.0
test,l1config-70_l2config-40,3,32.0,2.0,2.0,16.0,8.0,12.5,7.976857692223821,12.46384014409972,45.525006523960535,0.0,98.52733042306527,34078720.0,4194304.0,38273024.0,545259520.0,67108864.0,612368384.0,16.0,16.0,546806084.0,250793064.0,797599148.0,17088604.0,0.0,0.0,0.0,30663756.0,30611009.05357143,2483027968.0,1.4460005695442657,1344.4081429096752,32980896.0,144965632.0,199396669.0
test,l1config-70_l2config-40,4,32.0,2.0,2.0,16.0,8.0,12.5,7.976872676296794,12.46386355671374,45.52610292159318,0.0,98.51317090034172,34078720.0,4194304.0,38273024.0,545259520.0,67108864.0,612368384.0,16.0,16.0,546792952.0,250704628.0,797497580.0,17088708.0,0.0,0.0,0.0,30668160.0,30613834.98214286,2483027968.0,1.4457930509337733,1344.8165515405453,32970880.0,144965632.0,199386045.0
test,l1config-70_l2config-40,5,32.0,2.0,2.0,16.0,8.0,12.5,7.976846408800213,12.463822513750333,45.52502396719335,0.0,98.54704987710814,34078720.0,4194304.0,38273024.0,545259520.0,67108864.0,612368384.0,16.0,16.0,546793412.0,250787396.0,797580808.0,17091664.0,0.0,0.0,0.0,30673451.0,30617663.19642857,2483027968.0,1.4455436477232555,1344.6181879279854,32975744.0,144965632.0,199401574.0
test,l1config-70_l2config-40,6,32.0,2.0,2.0,16.0,8.0,12.5,7.976895879137909,12.463899811152983,45.526961786281454,0.0,98.54075583669061,34078720.0,4194304.0,38273024.0,545259520.0,67108864.0,612368384.0,16.0,16.0,546802944.0,250756064.0,797559008.0,17083424.0,0.0,0.0,0.0,30663842.0,30615418.160714287,2483027968.0,1.4459964905018057,1345.0228073430574,32965824.0,144965632.0,199391583.0
test,l1config-70_l2config-40,7,32.0,2.0,2.0,16.0,8.0,12.5,7.976819198365685,12.463779997446382,45.52299789968022,0.0,98.54173636718325,34078720.0,4194304.0,38273024.0,545259520.0,67108864.0,612368384.0,16.0,16.0,546800656.0,250703736.0,797504392.0,17100376.0,0.0,0.0,0.0,30666426.0,30618758.07142857,2483027968.0,1.445874624987117,1344.7395481888916,32972768.0,144965632.0,199386063.0
test,l1config-70_l2config-40,8,32.0,2.0,2.0,16.0,8.0,12.5,7.9768483304598,12.463825516343437,45.52542612111519,0.0,98.55120166626917,34078720.0,4194304.0,38273024.0,545259520.0,67108864.0,612368384.0,16.0,16.0,546806612.0,250686564.0,797493176.0,17093432.0,0.0,0.0,0.0,30664054.0,30614752.92857143,2483027968.0,1.4459863990968098,1344.5699109042885,32976928.0,144965632.0,199384345.0
test,l1config-70_l2config-40,9,32.0,2.0,2.0,16.0,8.0,12.5,7.97685617450336,12.463837772661499,45.5260778509915,0.0,98.54028524425692,34078720.0,4194304.0,38273024.0,545259520.0,67108864.0,612368384.0,16.0,16.0,546811744.0,250747692.0,797559436.0,17088436.0,0.0,0.0,0.0,30663988.0,30614844.0,2483027968.0,1.4459896528521934,1344.511200277016,32978368.0,144965632.0,199394566.0
test,l1config-70_l2config-40,10,32.0,2.0,2.0,16.0,8.0,12.5,7.976816347506395,12.463775542978741,45.5244727337261,0.0,98.54644463857166,34078720.0,4194304.0,38273024.0,545259520.0,67108864.0,612368384.0,16.0,16.0,546794736.0,250776444.0,797571180.0,17088568.0,0.0,0.0,0.0,30668315.0,30621179.55357143,2483027968.0,1.4457855080676671,1344.0990655785638,32988480.0,144965632.0,199404752.0
test,l1config-70_l2config-40,11,32.0,2.0,2.0,16.0,8.0,12.5,7.976837589408488,12.463808733450762,45.525881830317616,0.0,98.54367925479485,34078720.0,4194304.0,38273024.0,545259520.0,67108864.0,612368384.0,16.0,16.0,546793828.0,250746740.0,797540568.0,17088100.0,0.0,0.0,0.0,30665424.0,30622110.339285713,2483027968.0,1.4459217514279101,1345.1520758174686,32962656.0,144965632.0,199385249.0
test,l1config-70_l2config-40,12,32.0,2.0,2.0,16.0,8.0,12.5,7.976841214669573,12.463814397921208,45.52542802775267,0.0,98.53958623282189,34078720.0,4194304.0,38273024.0,545259520.0,67108864.0,612368384.0,16.0,16.0,546803364.0,250730316.0,797533680.0,17087996.0,0.0,0.0,0.0,30666150.0,30615721.785714287,2483027968.0,1.4458877205957836,1345.0215017276403,32965856.0,144965632.0,199405194.0
test,l1config-70_l2config-40,13,32.0,2.0,2.0,16.0,8.0,12.5,7.976877742033924,12.463871471928007,45.52373172705623,0.0,98.49161093096757,34078720.0,4194304.0,38273024.0,545259520.0,67108864.0,612368384.0,16.0,16.0,546797256.0,250762296.0,797559552.0,17086504.0,0.0,0.0,0.0,30676676.0,30618450.64285714,2483027968.0,1.4453914203185985,1344.475976361643,32979232.0,144965632.0,199384187.0
test,l1config-70_l2config-40,14,32.0,2.0,2.0,16.0,8.0,12.5,7.976873824854844,12.463865351335695,45.525085553081006,0.0,98.5697495861483,34078720.0,4194304.0,38273024.0,545259520.0,67108864.0,612368384.0,16.0,16.0,546793036.0,250786688.0,797579724.0,17089888.0,0.0,0.0,0.0,30670838.0,30617180.80357143,2483027968.0,1.4456669186306277,1345.0345579958762,32965536.0,144965632.0,199393282.0
test,l1config-70_l2config-40,15,32.0,2.0,2.0,16.0,8.0,12.5,7.97685431192304,12.46383486237975,45.52437521914069,0.0,98.55485496207311,34078720.0,4194304.0,38273024.0,545259520.0,67108864.0,612368384.0,16.0,16.0,546793416.0,250753932.0,797547348.0,17092644.0,0.0,0.0,0.0,30666856.0,30608204.94642857,2483027968.0,1.4458544575065062,1344.4864128848978,32978976.0,144965632.0,199387519.0
test,l1config-70_l2config-40,16,32.0,2.0,2.0,16.0,8.0,12.5,7.976842096711245,12.46381577611132,45.5274015768679,0.0,98.55099774929693,34078720.0,4194304.0,38273024.0,545259520.0,67108864.0,612368384.0,16.0,16.0,546804292.0,250752500.0,797556792.0,17094872.0,0.0,0.0,0.0,30662362.0,30622353.464285713,2483027968.0,1.4460663089632384,1344.3924900081847,32981280.0,144965632.0,199382514.0
test,l1config-70_l2config-40,17,32.0,2.0,2.0,16.0,8.0,12.5,7.976852452083606,12.463831956380634,45.52675140491445,0.0,98.54011736609513,34078720.0,4194304.0,38273024.0,545259520.0,67108864.0,612368384.0,16.0,16.0,546809368.0,250714596.0,797523964.0,17101792.0,0.0,0.0,0.0,30665723.0,30613450.89285714,2483027968.0,1.4459075707375437,1344.751293892881,32972480.0,144965632.0,199376190.0
test,l1config-70_l2config-40,18,32.0,2.0,2.0,16.0,8.0,12.5,7.9768603059768886,12.463844228088888,45.52847659149547,0.0,98.54315957376512,34078720.0,4194304.0,38273024.0,545259520.0,67108864.0,612368384.0,16.0,16.0,546813840.0,250760156.0,797573996.0,17092464.0,0.0,0.0,0.0,30665081.0,30616755.625,2483027968.0,1.4459381014136508,1344.0625594996748,32989376.0,144965632.0,199388934.0
test,l1config-70_l2config-40,19,32.0,2.0,2.0,16.0,8.0,12.5,7.976872173197717,12.463862770621432,45.52619703622558,0.0,98.52771130327983,34078720.0,4194304.0,38273024.0,545259520.0,67108864.0,612368384.0,16.0,16.0,546811604.0,250728672.0,797540276.0,17091716.0,0.0,0.0,0.0,30669365.0,30615621.25,2483027968.0,1.4457363517227897,1344.406838487296,32980928.0,144965632.0,199403939.0
test,l1config-70_l2config-40,20,32.0,2.0,2.0,16.0,8.0,12.5,7.976832427594674,12.46380066811668,45.52505689004379,0.0,98.53524934793313,34078720.0,4194304.0,38273024.0,545259520.0,67108864.0,612368384.0,16.0,16.0,546806420.0,250743740.0,797550160.0,17087760.0,0.0,0.0,0.0,30663436.0,30617663.17857143,2483027968.0,1.4460157777377909,1345.0397805741443,32965408.0,144965632.0,199398595.0
test,l1config-70_l2config-40,21,32.0,2.0,2.0,16.0,8.0,12.5,7.976858122140199,12.463840815844062,45.527222788368405,0.0,98.54446034355792,34078720.0,4194304.0,38273024.0,545259520.0,67108864.0,612368384.0,16.0,16.0,546793404.0,250770088.0,797563492.0,17087196.0,0.0,0.0,0.0,30673218.0,30617687.55357143,2483027968.0,1.4455543573896872,1344.5960061622807,32976288.0,144965632.0,199381943.0
test,l1config-70_l2config-40,22,32.0,2.0,2.0,16.0,8.0,12.5,7.976838532039782,12.463810206312159,45.52459527262964,0.0,98.5397539798807,34078720.0,4194304.0,38273024.0,545259520.0,67108864.0,612368384.0,16.0,16.0,546801968.0,250745080.0,797547048.0,17109128.0,0.0,0.0,0.0,30670314.0,30615372.285714287,2483027968.0,1.445691759167588,1344.8465721853424,32970144.0,144965632.0,199387221.0
test,l1config-70_l2config-40,23,32.0,2.0,2.0,16.0,8.0,12.5,7.976915132365619,12.463929894321279,45.52669239827976,0.0,98.53065890749602,34078720.0,4194304.0,38273024.0,545259520.0,67108864.0,612368384.0,16.0,16.0,546801808.0,250766040.0,797567848.0,17089688.0,0.0,0.0,0.0,30664926.0,30612808.964285713,2483027968.0,1.445945032881864,1343.9243758770754,32992768.0,144965632.0,199379709.0
test,l1config-70_l2config-40,24,32.0,2.0,2.0,16.0,8.0,12.5,7.976869636564768,12.46385880713245,45.52428140197048,0.0,98.52730865953187,34078720.0,4194304.0,38273024.0,545259520.0,67108864.0,612368384.0,16.0,16.0,546803092.0,250770904.0,797573996.0,17089408.0,0.0,0.0,0.0,30662584.0,30617325.10714286,2483027968.0,1.4460561222630768,1345.02150172764,32965856.0,144965632.0,199385180.0
test,l1config-70_l2config-40,25,32.0,2.0,2.0,16.0,8.0,12.5,7.9768244141704105,12.463788147141267,45.52723597381278,0.0,98.53684663320685,34078720.0,4194304.0,38273024.0,545259520.0,67108864.0,612368384.0,16.0,16.0,546796676.0,250790188.0,797586864.0,17083308.0,0.0,0.0,0.0,30685611.0,30617085.5,2483027968.0,1.4449704468173066,1344.6625536550598,32974656.0,144965632.0,199386329.0
test,l1config-70_l2config-40,26,32.0,2.0,2.0,16.0,8.0,12.5,7.976868407640789,12.463856886938734,45.522029357099605,0.0,98.53562733289714,34078720.0,4194304.0,38273024.0,545259520.0,67108864.0,612368384.0,16.0,16.0,546794384.0,250745576.0,797539960.0,17083752.0,0.0,0.0,0.0,30662037.0,30615724.73214286,2483027968.0,1.4460820137405084,1344.2568467952428,32984608.0,144965632.0,199382066.0
test,l1config-70_l2config-40,27,32.0,2.0,2.0,16.0,8.0,12.5,7.976867087244735,12.463854823819899,45.52549324797621,0.0,98.53692307261893,34078720.0,4194304.0,38273024.0,545259520.0,67108864.0,612368384.0,16.0,16.0,546818188.0,250761456.0,797579644.0,17084184.0,0.0,0.0,0.0,30662355.0,30611781.839285713,2483027968.0,1.4460666744609345,1344.9888621659757,32966656.0,144965632.0,199400461.0
test,l1config-70_l2config-40,28,32.0,2.0,2.0,16.0,8.0,12.5,7.976916973153862,12.463932770552908,45.52788224627567,0.0,98.54438389861579,34078720.0,4194304.0,38273024.0,545259520.0,67108864.0,612368384.0,16.0,16.0,546795392.0,250760944.0,797556336.0,17097620.0,0.0,0.0,0.0,30675361.0,30607348.625,2483027968.0,1.4454536998580436,1344.607749358841,32976000.0,144965632.0,199404590.0
test,l1config-70_l2config-40,29,32.0,2.0,2.0,16.0,8.0,12.5,7.97684804646186,12.463825072596656,45.524506085247026,0.0,98.53897872871038,34078720.0,4194304.0,38273024.0,545259520.0,67108864.0,612368384.0,16.0,16.0,546801104.0,250734168.0,797535272.0,17096220.0,0.0,0.0,0.0,30674532.0,30617229.660714287,2483027968.0,1.4454926582205663,1344.7578193726476,32972320.0,144965632.0,199390216.0
test,l1config-70_l2config-40,30,32.0,2.0,2.0,16.0,8.0,12.5,7.976896631590223,12.463900986859723,45.52676655267477,0.0,98.54151423900537,34078720.0,4194304.0,38273024.0,545259520.0,67108864.0,612368384.0,16.0,16.0,546805728.0,250758480.0,797564208.0,17088552.0,0.0,0.0,0.0,30667082.0,30611895.214285713,2483027968.0,1.4458440262717767,1344.5855679375359,32976544.0,144965632.0,199380380.0
test,l1config-70_l2config-40,31,32.0,2.0,2.0,16.0,8.0,12.5,7.976878559686739,12.463872749510529,45.52843422652725,0.0,98.54104851736453,34078720.0,4194304.0,38273024.0,545259520.0,67108864.0,612368384.0,16.0,16.0,546805912.0,250718384.0,797524296.0,17085780.0,0.0,0.0,0.0,30665605.0,30613821.339285713,2483027968.0,1.445913004867813,1344.8739835098706,32969472.0,144965632.0,199389441.0
test,l1config-70_l2config-40,32,32.0,2.0,2.0,16.0,8.0,12.5,7.9768761187685255,12.463868935575821,45.526243207418226,0.0,98.55359677437191,34078720.0,4194304.0,38273024.0,545259520.0,67108864.0,612368384.0,16.0,16.0,546801224.0,250734792.0,797536016.0,17096296.0,0.0,0.0,0.0,30673877.0,30612501.85714286,2483027968.0,1.445523819353804,1344.7395481888914,32972768.0,144965632.0,199380712.0
test,l1config-70_l2config-40,33,32.0,2.0,2.0,16.0,8.0,12.5,7.976896397057463,12.463900620402287,45.52758676174895,0.0,98.5350130858383,34078720.0,4194304.0,38273024.0,545259520.0,67108864.0,612368384.0,16.0,16.0,546805116.0,250739944.0,797545060.0,17088736.0,0.0,0.0,0.0,30673097.0,30618203.714285713,2483027968.0,1.4455602247989778,1344.7304127831999,32972992.0,144965632.0,199384230.0
test,l1config-70_l2config-40,34,32.0,2.0,2.0,16.0,8.0,12.5,7.976814529407013,12.463772702198458,45.52735261120048,0.0,98.50220415760855,34078720.0,4194304.0,38273024.0,545259520.0,67108864.0,612368384.0,16.0,16.0,546804720.0,250793996.0,797598716.0,17088268.0,0.0,0.0,0.0,30674567.0,30618812.26785714,2483027968.0,1.4454908675270768,1344.9066174960624,32968672.0,144965632.0,199385048.0
test,l1config-70_l2config-40,35,32.0,2.0,2.0,16.0,8.0,12.5,7.976853888268829,12.463834200420045,45.52523700137326,0.0,98.5426987386823,34078720.0,4194304.0,38273024.0,545259520.0,67108864.0,612368384.0,16.0,16.0,546799880.0,250758280.0,797558160.0,17088324.0,0.0,0.0,0.0,30674741.0,30615731.535714287,2483027968.0,1.4454829508300777,1344.487717461697,32978944.0,144965632.0,199392277.0
test,l1config-70_l2config-40,36,32.0,2.0,2.0,16.0,8.0,12.5,7.9768592738154425,12.46384261533663,45.52380553954954,0.0,98.534423673869,34078720.0,4194304.0,38273024.0,545259520.0,67108864.0,612368384.0,16.0,16.0,546797300.0,250780716.0,797578016.0,17083896.0,0.0,0.0,0.0,30657300.0,30616164.76785714,2483027968.0,1.446305136238254,1344.5451213473664,32977536.0,144965632.0,199395174.0
test,l1config-70_l2config-40,37,32.0,2.0,2.0,16.0,8.0,12.5,7.97689857950971,12.463904030483922,45.52562933893229,0.0,98.51810732810932,34078720.0,4194304.0,38273024.0,545259520.0,67108864.0,612368384.0,16.0,16.0,546805036.0,250753556.0,797558592.0,17090736.0,0.0,0.0,0.0,30661859.0,30607094.375,2483027968.0,1.4460896304445134,1344.894869078586,32968960.0,144965632.0,199382167.0
test,l1config-70_l2config-40,38,32.0,2.0,2.0,16.0,8.0,12.5,7.976887326291656,12.463886447330713,45.52736460144597,0.0,98.5388389729891,34078720.0,4194304.0,38273024.0,545259520.0,67108864.0,612368384.0,16.0,16.0,546808236.0,250796700.0,797604936.0,17085316.0,0.0,0.0,0.0,30672743.0,30623008.660714287,2483027968.0,1.4455769672066274,1344.6260169612065,32975552.0,144965632.0,199382777.0
test,l1config-70_l2config-40,39,32.0,2.0,2.0,16.0,8.0,12.5,7.976871524631767,12.463861757237137,45.52588869370025,0.0,98.53257901249432,34078720.0,4194304.0,38273024.0,545259520.0,67108864.0,612368384.0,16.0,16.0,546791872.0,250762316.0,797554188.0,17089348.0,0.0,0.0,0.0,30654204.0,30613562.910714287,2483027968.0,1.4464509265040058,1344.4029252353455,32981024.0,144965632.0,199393723.0
test,l1config-70_l2config-40,40,32.0,2.0,2.0,16.0,8.0,12.5,7.976860790579185,12.463844985279977,45.52441989430401,0.0,98.5458627009698,34078720.0,4194304.0,38273024.0,545259520.0,67108864.0,612368384.0,16.0,16.0,546805492.0,250716804.0,797522296.0,17111544.0,0.0,0.0,0.0,30675435.0,30615657.35714286,2483027968.0,1.4454502953715593,1345.1142067214882,32963584.0,144965632.0,199390096.0
test,l1config-70_l2config-40,41,32.0,2.0,2.0,16.0,8.0,12.5,7.976851946198348,12.463831165934918,45.52632654592809,0.0,98.53191545087428,34078720.0,4194304.0,38273024.0,545259520.0,67108864.0,612368384.0,16.0,16.0,546812572.0,250759064.0,797571636.0,17083852.0,0.0,0.0,0.0,30656083.0,30618238.964285713,2483027968.0,1.446362045203262,1344.4877174616972,32978944.0,144965632.0,199391695.0
test,l1config-70_l2config-40,42,32.0,2.0,2.0,16.0,8.0,12.5,7.976852097221056,12.4638314019079,45.52523369392809,0.0,98.53794345134595,34078720.0,4194304.0,38273024.0,545259520.0,67108864.0,612368384.0,16.0,16.0,546798124.0,250748228.0,797546352.0,17092488.0,0.0,0.0,0.0,30662480.0,30612679.17857143,2483027968.0,1.4460607911495023,1344.4355363643722,32980224.0,144965632.0,199398269.0
test,l1config-70_l2config-40,43,32.0,2.0,2.0,16.0,8.0,12.5,7.976849837843546,12.46382787163054,45.52468105278123,0.0,98.54216490387242,34078720.0,4194304.0,38273024.0,545259520.0,67108864.0,612368384.0,16.0,16.0,546807720.0,250755764.0,797563484.0,17111868.0,0.0,0.0,0.0,30662674.0,30613660.910714287,2483027968.0,1.4460513355067792,1345.2578594160843,32960064.0,144965632.0,199383825.0
test,l1config-70_l2config-40,44,32.0,2.0,2.0,16.0,8.0,12.5,7.976872424655978,12.463863163524966,45.525419405487796,0.0,98.54283388901102,34078720.0,4194304.0,38273024.0,545259520.0,67108864.0,612368384.0,16.0,16.0,546799468.0,250762044.0,797561512.0,17094056.0,0.0,0.0,0.0,30666710.0,30611210.25,2483027968.0,1.4458611406478639,1345.2017006191822,32961440.0,144965632.0,199389959.0
test,l1config-70_l2config-40,45,32.0,2.0,2.0,16.0,8.0,12.5,7.976873878137681,12.463865434590126,45.52505639159537,0.0,98.53492364122515,34078720.0,4194304.0,38273024.0,545259520.0,67108864.0,612368384.0,16.0,16.0,546808792.0,250714348.0,797523140.0,17087232.0,0.0,0.0,0.0,30668770.0,30607996.19642857,2483027968.0,1.4457641056135844,1344.5699109042887,32976928.0,144965632.0,199393390.0
test,l1config-70_l2config-40,46,32.0,2.0,2.0,16.0,8.0,12.5,7.976898188416663,12.463903419401037,45.52768998912323,0.0,98.54351379151889,34078720.0,4194304.0,38273024.0,545259520.0,67108864.0,612368384.0,16.0,16.0,546800860.0,250765904.0,797566764.0,17090176.0,0.0,0.0,0.0,30673343.0,30614389.464285713,2483027968.0,1.445548631409676,1345.334922140629,32958176.0,144965632.0,199380218.0
test,l1config-70_l2config-40,47,32.0,2.0,2.0,16.0,8.0,12.5,7.976860781670138,12.46384497135959,45.524187876111505,0.0,98.54665644230846,34078720.0,4194304.0,38273024.0,545259520.0,67108864.0,612368384.0,16.0,16.0,546791888.0,250752424.0,797544312.0,17089028.0,0.0,0.0,0.0,30657937.0,30616696.660714287,2483027968.0,1.446274991044554,1344.4785854772667,32979168.0,144965632.0,199398619.0
test,l1config-70_l2config-40,48,32.0,2.0,2.0,16.0,8.0,12.5,7.976863518048025,12.463849246950039,45.525522652092505,0.0,98.53965537749374,34078720.0,4194304.0,38273024.0,545259520.0,67108864.0,612368384.0,16.0,16.0,546805832.0,250769364.0,797575196.0,17083628.0,0.0,0.0,0.0,30661294.0,30612891.30357143,2483027968.0,1.4461167022276329,1344.2281565460755,32985312.0,144965632.0,199397387.0
test,l1config-70_l2config-40,49,32.0,2.0,2.0,16.0,8.0,12.5,7.976851712066962,12.463830800104628,45.525335153095305,0.0,98.5274262927486,34078720.0,4194304.0,38273024.0,545259520.0,67108864.0,612368384.0,16.0,16.0,546794648.0,250730744.0,797525392.0,17086660.0,0.0,0.0,0.0,30671095.0,30609673.5,2483027968.0,1.4456542394446255,1344.396403199386,32981184.0,144965632.0,199388295.0
test,l1config-55_l2config-100,0,32.0,2.0,2.0,16.0,8.0,12.5,7.97642030604774,12.463156728199595,46.05656817314808,0.0,98.54415606288173,34078720.0,4194304.0,38273024.0,545259520.0,67108864.0,612368384.0,16.0,16.0,545496256.0,250617016.0,796113272.0,17429412.0,0.0,0.0,0.0,30704883.0,30655985.25,2483027968.0,1.4440632248353875,1343.067229741612,33013824.0,144965632.0,199030883.0
test,l1config-55_l2config-100,1,32.0,2.0,2.0,16.0,8.0,12.5,7.9763998814695105,12.46312481479611,46.058231356722665,0.0,98.52174361433345,34078720.0,4194304.0,38273024.0,545259520.0,67108864.0,612368384.0,16.0,16.0,545497692.0,250598508.0,796096200.0,17434492.0,0.0,0.0,0.0,30702371.0,30652511.0,2483027968.0,1.4441816101001854,1342.8537647229195,33019072.0,144965632.0,199025671.0
test,l1config-55_l2config-100,2,32.0,2.0,2.0,16.0,8.0,12.5,7.976380618845588,12.46309471694623,46.05826709907092,0.0,98.54152944422198,34078720.0,4194304.0,38273024.0,545259520.0,67108864.0,612368384.0,16.0,16.0,545496488.0,250630992.0,796127480.0,17449452.0,0.0,0.0,0.0,30704785.0,30634616.285714287,2483027968.0,1.4440677044965298,1343.3276448006711,33007424.0,144965632.0,199035613.0
test,l1config-55_l2config-100,3,32.0,2.0,2.0,16.0,8.0,12.5,7.976436232818827,12.463181613779417,46.057142149750455,0.0,98.53482047231515,34078720.0,4194304.0,38273024.0,545259520.0,67108864.0,612368384.0,16.0,16.0,545499380.0,250620016.0,796119396.0,17205824.0,0.0,0.0,0.0,30698838.0,30645321.214285713,2483027968.0,1.4443474503054123,1343.0607206587713,33013984.0,144965632.0,199024354.0
test,l1config-55_l2config-100,4,32.0,2.0,2.0,16.0,8.0,12.5,7.976432327131242,12.463175511142566,46.05708028890819,0.0,98.53096650002807,34078720.0,4194304.0,38273024.0,545259520.0,67108864.0,612368384.0,16.0,16.0,545498352.0,250617612.0,796115964.0,17410068.0,0.0,0.0,0.0,30694147.0,30656207.26785714,2483027968.0,1.444568119983371,1342.8368466178863,33019488.0,144965632.0,199025015.0
test,l1config-55_l2config-100,5,32.0,2.0,2.0,16.0,8.0,12.5,7.976435962393595,12.463181191239993,46.05879496733763,0.0,98.53520483407394,34078720.0,4194304.0,38273024.0,545259520.0,67108864.0,612368384.0,16.0,16.0,545500892.0,250623768.0,796124660.0,17407012.0,0.0,0.0,0.0,30693596.0,30652168.75,2483027968.0,1.4445940523326977,1343.1726856742923,33011232.0,144965632.0,199029643.0
test,l1config-55_l2config-100,6,32.0,2.0,2.0,16.0,8.0,12.5,7.976412558792998,12.46314462311406,46.05706869581184,0.0,98.54404311748014,34078720.0,4194304.0,38273024.0,545259520.0,67108864.0,612368384.0,16.0,16.0,545499256.0,250624932.0,796124188.0,17405828.0,0.0,0.0,0.0,30679507.0,30640545.75,2483027968.0,1.4452579267124421,1343.162269536506,33011488.0,144965632.0,199034970.0
test,l1config-55_l2config-100,7,32.0,2.0,2.0,16.0,8.0,12.5,7.976404141259125,12.463131470717382,46.05460699125557,0.0,98.4954138700945,34078720.0,4194304.0,38273024.0,545259520.0,67108864.0,612368384.0,16.0,16.0,545499748.0,250642500.0,796142248.0,17426656.0,0.0,0.0,0.0,30694054.0,30651754.285714287,2483027968.0,1.4445729086910375,1343.4787318122621,33003712.0,144965632.0,199032435.0
test,l1config-55_l2config-100,8,32.0,2.0,2.0,16.0,8.0,12.5,7.976372323425893,12.463081755352958,46.058227602953885,0.0,98.53659750792373,34078720.0,4194304.0,38273024.0,545259520.0,67108864.0,612368384.0,16.0,16.0,545498448.0,250607516.0,796105964.0,17256736.0,0.0,0.0,0.0,30696370.0,30638232.57142857,2483027968.0,1.4444635058218536,1343.3081101683142,33007904.0,144965632.0,199023411.0
test,l1config-55_l2config-100,9,32.0,2.0,2.0,16.0,8.0,12.5,7.9763993645658084,12.463124007134075,46.05754381206284,0.0,98.55065125456032,34078720.0,4194304.0,38273024.0,545259520.0,67108864.0,612368384.0,16.0,16.0,545499716.0,250662060.0,796161776.0,17405500.0,0.0,0.0,0.0,30699368.0,30651639.89285714,2483027968.0,1.4443226441818073,1343.089361095206,33013280.0,144965632.0,199032314.0
test,l1config-55_l2config-100,10,32.0,2.0,2.0,16.0,8.0,12.5,7.976424430417974,12.463163172528084,46.05604085349524,0.0,98.5441599346473,34078720.0,4194304.0,38273024.0,545259520.0,67108864.0,612368384.0,16.0,16.0,545500240.0,250650400.0,796150640.0,17419176.0,0.0,0.0,0.0,30691304.0,30654057.14285714,2483027968.0,1.4447022158001857,1343.9191619570813,32992896.0,144965632.0,199023784.0
test,l1config-55_l2config-100,11,32.0,2.0,2.0,16.0,8.0,12.5,7.976378129221802,12.463090826909065,46.05683106113602,0.0,98.48875952943958,34078720.0,4194304.0,38273024.0,545259520.0,67108864.0,612368384.0,16.0,16.0,545498768.0,250646856.0,796145624.0,17422012.0,0.0,0.0,0.0,30698367.0,30643203.17857143,2483027968.0,1.444369551879639,1343.3458776368104,33006976.0,144965632.0,199025374.0
test,l1config-55_l2config-100,12,32.0,2.0,2.0,16.0,8.0,12.5,7.976403621846849,12.463130659135702,46.057465112504275,0.0,98.52924661215513,34078720.0,4194304.0,38273024.0,545259520.0,67108864.0,612368384.0,16.0,16.0,545499152.0,250661264.0,796160416.0,17413860.0,0.0,0.0,0.0,30694381.0,30648913.67857143,2483027968.0,1.4445575190505902,1343.5165088756492,33002784.0,144965632.0,199019337.0
test,l1config-55_l2config-100,13,32.0,2.0,2.0,16.0,8.0,12.5,7.9764337988959495,12.463177810774921,46.05724972566834,0.0,98.54319335952233,34078720.0,4194304.0,38273024.0,545259520.0,67108864.0,612368384.0,16.0,16.0,545498728.0,250628240.0,796126968.0,17424860.0,0.0,0.0,0.0,30693218.0,30638065.85714286,2483027968.0,1.4446118666547763,1342.9774099703181,33016032.0,144965632.0,199027123.0
test,l1config-55_l2config-100,14,32.0,2.0,2.0,16.0,8.0,12.5,7.97641497193429,12.463148393647327,46.05815940336577,0.0,98.49319465984443,34078720.0,4194304.0,38273024.0,545259520.0,67108864.0,612368384.0,16.0,16.0,545498172.0,250655152.0,796153324.0,17390620.0,0.0,0.0,0.0,30698301.0,30646930.42857143,2483027968.0,1.444373010090289,1343.390159442374,33005888.0,144965632.0,199026398.0
test,l1config-55_l2config-100,15,32.0,2.0,2.0,16.0,8.0,12.5,7.976427254182694,12.463167584660459,46.05821506586306,0.0,98.5001857172982,34078720.0,4194304.0,38273024.0,545259520.0,67108864.0,612368384.0,16.0,16.0,545495064.0,250631796.0,796126860.0,17439700.0,0.0,0.0,0.0,30697139.0,30649862.94642857,2483027968.0,1.4444274379200719,1343.4018815854624,33005600.0,144965632.0,199024688.0
test,l1config-55_l2config-100,16,32.0,2.0,2.0,16.0,8.0,12.5,7.976380994855682,12.463095304462003,46.057985594885665,0.0,98.53294895068116,34078720.0,4194304.0,38273024.0,545259520.0,67108864.0,612368384.0,16.0,16.0,545501080.0,250611916.0,796112996.0,17415976.0,0.0,0.0,0.0,30702130.0,30647114.589285713,2483027968.0,1.444192546547942,1343.0437973386506,33014400.0,144965632.0,199033234.0
test,l1config-55_l2config-100,17,32.0,2.0,2.0,16.0,8.0,12.5,7.976467492523618,12.463230457068153,46.05853331042386,0.0,98.53509148809339,34078720.0,4194304.0,38273024.0,545259520.0,67108864.0,612368384.0,16.0,16.0,545498256.0,250629056.0,796127312.0,17376080.0,0.0,0.0,0.0,30702840.0,30636579.48214286,2483027968.0,1.4441594672405793,1343.211747629863,33010272.0,144965632.0,199034362.0
test,l1config-55_l2config-100,18,32.0,2.0,2.0,16.0,8.0,12.5,7.97635845900485,12.463060092195079,46.05721486512627,0.0,98.49792569944272,34078720.0,4194304.0,38273024.0,545259520.0,67108864.0,612368384.0,16.0,16.0,545498976.0,250619468.0,796118444.0,17424960.0,0.0,0.0,0.0,30693112.0,30644918.92857143,2483027968.0,1.4446170439509889,1343.0568152393507,33014080.0,144965632.0,199029974.0
test,l1config-55_l2config-100,19,32.0,2.0,2.0,16.0,8.0,12.5,7.976407706837106,12.463137041932978,46.059080002705,0.0,98.54069581191733,34078720.0,4194304.0,38273024.0,545259520.0,67108864.0,612368384.0,16.0,16.0,545500776.0,250603064.0,796103840.0,17280960.0,0.0,0.0,0.0,30707622.0,30650652.464285713,2483027968.0,1.4439342319242883,1342.943567955368,33016864.0,144965632.0,199031834.0
test,l1config-55_l2config-100,20,32.0,2.0,2.0,16.0,8.0,12.5,7.976400731112942,12.463126142363972,46.05811334867246,0.0,98.53312759888192,34078720.0,4194304.0,38273024.0,545259520.0,67108864.0,612368384.0,16.0,16.0,545496172.0,250589416.0,796085588.0,17429756.0,0.0,0.0,0.0,30697285.0,30644258.964285713,2483027968.0,1.4444205445209124,1343.2169560622679,33010144.0,144965632.0,199025456.0
test,l1config-55_l2config-100,21,32.0,2.0,2.0,16.0,8.0,12.5,7.97642402556533,12.463162539945829,46.05743367644447,0.0,98.5087075493665,34078720.0,4194304.0,38273024.0,545259520.0,67108864.0,612368384.0,16.0,16.0,545496484.0,250619836.0,796116320.0,17432648.0,0.0,0.0,0.0,30698064.0,30655377.35714286,2483027968.0,1.4443838082831852,1342.7704797068404,33021120.0,144965632.0,199030280.0
test,l1config-55_l2config-100,22,32.0,2.0,2.0,16.0,8.0,12.5,7.976395222877995,12.463117535746868,46.05631480351688,0.0,98.53649437715902,34078720.0,4194304.0,38273024.0,545259520.0,67108864.0,612368384.0,16.0,16.0,545499076.0,250654840.0,796153916.0,17305208.0,0.0,0.0,0.0,30704186.0,30647609.85714286,2483027968.0,1.4440962879757278,1343.384949666665,33006016.0,144965632.0,199034657.0
test,l1config-55_l2config-100,23,32.0,2.0,2.0,16.0,8.0,12.5,7.976385417238473,12.463102214435114,46.057078481034836,0.0,98.53779177395474,34078720.0,4194304.0,38273024.0,545259520.0,67108864.0,612368384.0,16.0,16.0,545499372.0,250607156.0,796106528.0,17406980.0,0.0,0.0,0.0,30696513.0,30643203.464285713,2483027968.0,1.444457117931085,1343.4422594219918,33004608.0,144965632.0,199024214.0
test,l1config-55_l2config-100,24,32.0,2.0,2.0,16.0,8.0,12.5,7.9764291539959835,12.463170553118724,46.05722067076164,0.0,98.49713499091274,34078720.0,4194304.0,38273024.0,545259520.0,67108864.0,612368384.0,16.0,16.0,545498920.0,250621668.0,796120588.0,17441972.0,0.0,0.0,0.0,30689314.0,30645310.42857143,2483027968.0,1.4447958599410955,1343.409696461172,33005408.0,144965632.0,199033756.0
test,l1config-55_l2config-100,25,32.0,2.0,2.0,16.0,8.0,12.5,7.976437327537039,12.463183324276624,46.05885952401417,0.0,98.5024375757207,34078720.0,4194304.0,38273024.0,545259520.0,67108864.0,612368384.0,16.0,16.0,545498188.0,250603104.0,796101292.0,17271564.0,0.0,0.0,0.0,30695035.0,30647496.785714287,2483027968.0,1.4445264583897606,1343.2664381847583,33008928.0,144965632.0,199029025.0
test,l1config-55_l2config-100,26,32.0,2.0,2.0,16.0,8.0,12.5,7.976364472062221,12.46306948759722,46.0571025160517,0.0,98.47587539863201,34078720.0,4194304.0,38273024.0,545259520.0,67108864.0,612368384.0,16.0,16.0,545498564.0,250597480.0,796096044.0,17435432.0,0.0,0.0,0.0,30689681.0,30643738.125,2483027968.0,1.4447786883897986,1343.3758326564052,33006240.0,144965632.0,199032377.0
test,l1config-55_l2config-100,27,32.0,2.0,2.0,16.0,8.0,12.5,7.976402612093005,12.463129081395321,46.05672756881192,0.0,98.52734367319268,34078720.0,4194304.0,38273024.0,545259520.0,67108864.0,612368384.0,16.0,16.0,545497160.0,250623864.0,796121024.0,17409324.0,0.0,0.0,0.0,30700100.0,30645020.17857143,2483027968.0,1.4442884063089338,1343.233883746547,33009728.0,144965632.0,199033260.0
test,l1config-55_l2config-100,28,32.0,2.0,2.0,16.0,8.0,12.5,7.976424076667793,12.463162619793426,46.05890636947345,0.0,98.57803079337467,34078720.0,4194304.0,38273024.0,545259520.0,67108864.0,612368384.0,16.0,16.0,545495500.0,250546652.0,796042152.0,17402324.0,0.0,0.0,0.0,30695443.0,30645200.30357143,2483027968.0,1.4445074226297727,1343.6350644892543,32999872.0,144965632.0,199032396.0
test,l1config-55_l2config-100,29,32.0,2.0,2.0,16.0,8.0,12.5,7.976429932603935,12.463171769693648,46.05799643927383,0.0,98.53424063899095,34078720.0,4194304.0,38273024.0,545259520.0,67108864.0,612368384.0,16.0,16.0,545498084.0,250564744.0,796062828.0,17404984.0,0.0,0.0,0.0,30693572.0,30641501.26785714,2483027968.0,1.4445953701538925,1343.3549942404857,33006752.0,144965632.0,199037307.0
test,l1config-55_l2config-100,30,32.0,2.0,2.0,16.0,8.0,12.5,7.976399557599016,12.463124308748462,46.057125726942935,0.0,98.49916580211332,34078720.0,4194304.0,38273024.0,545259520.0,67108864.0,612368384.0,16.0,16.0,545499252.0,250613560.0,796112812.0,17400532.0,0.0,0.0,0.0,30695875.0,30643789.964285713,2483027968.0,1.4444872815066272,1343.2403945079543,33009568.0,144965632.0,199025947.0
test,l1config-55_l2config-100,31,32.0,2.0,2.0,16.0,8.0,12.5,7.976467724306928,12.463230819229574,46.05818254961569,0.0,98.54126071858708,34078720.0,4194304.0,38273024.0,545259520.0,67108864.0,612368384.0,16.0,16.0,545500540.0,250671304.0,796171844.0,17435500.0,0.0,0.0,0.0,30688346.0,30647655.19642857,2483027968.0,1.4448412800145913,1343.4644031370544,33004064.0,144965632.0,199023434.0
test,l1config-55_l2config-100,32,32.0,2.0,2.0,16.0,8.0,12.5,7.976414435650192,12.463147555703424,46.057593410769194,0.0,98.55795911336456,34078720.0,4194304.0,38273024.0,545259520.0,67108864.0,612368384.0,16.0,16.0,545497136.0,250602316.0,796099452.0,17374784.0,0.0,0.0,0.0,30696600.0,30650025.25,2483027968.0,1.4444529181883798,1343.296389661607,33008192.0,144965632.0,199028792.0
test,l1config-55_l2config-100,33,32.0,2.0,2.0,16.0,8.0,12.5,7.976434861064547,12.463179470413355,46.05619410752054,0.0,98.5197676946423,34078720.0,4194304.0,38273024.0,545259520.0,67108864.0,612368384.0,16.0,16.0,545496188.0,250636128.0,796132316.0,17411012.0,0.0,0.0,0.0,30693990.0,30645731.839285713,2483027968.0,1.444575956066992,1342.895411105379,33018048.0,144965632.0,199032244.0
test,l1config-55_l2config-100,34,32.0,2.0,2.0,16.0,8.0,12.5,7.97647392610692,12.463240509542063,46.05871600744275,0.0,98.53120988210692,34078720.0,4194304.0,38273024.0,545259520.0,67108864.0,612368384.0,16.0,16.0,545497336.0,250605544.0,796102880.0,17406268.0,0.0,0.0,0.0,30697309.0,30640090.60714286,2483027968.0,1.4444193681795052,1343.6520027135339,32999456.0,144965632.0,199035673.0
test,l1config-55_l2config-100,35,32.0,2.0,2.0,16.0,8.0,12.5,7.976438319276555,12.463184873869618,46.05724818045742,0.0,98.52577539892205,34078720.0,4194304.0,38273024.0,545259520.0,67108864.0,612368384.0,16.0,16.0,545498864.0,250613052.0,796111916.0,17429636.0,0.0,0.0,0.0,30703408.0,30649326.39285714,2483027968.0,1.4441329037605706,1343.5842523786205,33001120.0,144965632.0,199044773.0
test,l1config-55_l2config-100,36,32.0,2.0,2.0,16.0,8.0,12.5,7.976402093004202,12.463128270319066,46.0563298458072,0.0,98.57336851091995,34078720.0,4194304.0,38273024.0,545259520.0,67108864.0,612368384.0,16.0,16.0,545493892.0,250645896.0,796139788.0,17410372.0,0.0,0.0,0.0,30692799.0,30643966.19642857,2483027968.0,1.4446319759517832,1343.1323240402446,33012224.0,144965632.0,199028852.0
test,l1config-55_l2config-100,37,32.0,2.0,2.0,16.0,8.0,12.5,7.9764266328993525,12.463166613905239,46.05775786515435,0.0,98.53544225538971,34078720.0,4194304.0,38273024.0,545259520.0,67108864.0,612368384.0,16.0,16.0,545501320.0,250621964.0,796123284.0,17435212.0,0.0,0.0,0.0,30698734.0,30644399.48214286,2483027968.0,1.444352743329713,1343.2195602936176,33010080.0,144965632.0,199034165.0
test,l1config-55_l2config-100,38,32.0,2.0,2.0,16.0,8.0,12.5,7.976407091320345,12.46313608018804,46.05585685007738,0.0,98.51106186158626,34078720.0,4194304.0,38273024.0,545259520.0,67108864.0,612368384.0,16.0,16.0,545496172.0,250636508.0,796132680.0,17238284.0,0.0,0.0,0.0,30702910.0,30651988.75,2483027968.0,1.444156268752991,1343.3745302364696,33006272.0,144965632.0,199036478.0
test,l1config-55_l2config-100,39,32.0,2.0,2.0,16.0,8.0,12.5,7.976446526350424,12.463197697422537,46.05774724570085,0.0,98.50372986479623,34078720.0,4194304.0,38273024.0,545259520.0,67108864.0,612368384.0,16.0,16.0,545498640.0,250617372.0,796116012.0,17409808.0,0.0,0.0,0.0,30696285.0,30652212.160714287,2483027968.0,1.4444678938532198,1343.1778938037678,33011104.0,144965632.0,199035648.0
test,l1config-55_l2config-100,40,32.0,2.0,2.0,16.0,8.0,12.5,7.976432040473886,12.463175063240447,46.05520085135475,0.0,98.53620529220052,34078720.0,4194304.0,38273024.0,545259520.0,67108864.0,612368384.0,16.0,16.0,545493968.0,250666524.0,796160492.0,17418168.0,0.0,0.0,0.0,30698709.0,30648304.5,2483027968.0,1.4443537313652124,1343.6715473491402,32998976.0,144965632.0,199016781.0
test,l1config-55_l2config-100,41,32.0,2.0,2.0,16.0,8.0,12.5,7.9764052772847585,12.463133245757435,46.05774345800966,0.0,98.52584826243256,34078720.0,4194304.0,38273024.0,545259520.0,67108864.0,612368384.0,16.0,16.0,545498604.0,250600780.0,796099384.0,17408264.0,0.0,0.0,0.0,30688131.0,30644615.875,2483027968.0,1.4448517909489778,1343.088059230687,33013312.0,144965632.0,199025557.0
test,l1config-55_l2config-100,42,32.0,2.0,2.0,16.0,8.0,12.5,7.976361473859304,12.463064802905162,46.058474281747365,0.0,98.50389172755463,34078720.0,4194304.0,38273024.0,545259520.0,67108864.0,612368384.0,16.0,16.0,545501436.0,250668252.0,796169688.0,17423760.0,0.0,0.0,0.0,30708506.0,30643463.85714286,2483027968.0,1.4438927832074242,1343.6155209149629,33000352.0,144965632.0,199025351.0
test,l1config-55_l2config-100,43,32.0,2.0,2.0,16.0,8.0,12.5,7.976427619457933,12.46316815540302,46.05651681893273,0.0,98.51303518234639,34078720.0,4194304.0,38273024.0,545259520.0,67108864.0,612368384.0,16.0,16.0,545499752.0,250609124.0,796108876.0,17415440.0,0.0,0.0,0.0,30701314.0,30631143.214285713,2483027968.0,1.444231284072685,1343.067229741612,33013824.0,144965632.0,199035730.0
test,l1config-55_l2config-100,44,32.0,2.0,2.0,16.0,8.0,12.5,7.976461905812643,12.463221727832256,46.057059009867245,0.0,98.53639830999367,34078720.0,4194304.0,38273024.0,545259520.0,67108864.0,612368384.0,16.0,16.0,545496984.0,250645876.0,796142860.0,17400188.0,0.0,0.0,0.0,30704324.0,30636513.60714286,2483027968.0,1.4440895505913778,1343.0841536522717,33013408.0,144965632.0,199025129.0
test,l1config-55_l2config-100,45,32.0,2.0,2.0,16.0,8.0,12.5,7.976438962697791,12.463185879215297,46.05737514717213,0.0,98.50059302242371,34078720.0,4194304.0,38273024.0,545259520.0,67108864.0,612368384.0,16.0,16.0,545498952.0,250648880.0,796147832.0,17242588.0,0.0,0.0,0.0,30692504.0,30638280.875,2483027968.0,1.444645731551125,1343.2716470413086,33008800.0,144965632.0,199022488.0
test,l1config-55_l2config-100,46,32.0,2.0,2.0,16.0,8.0,12.5,7.97642880282884,12.463170004420062,46.05618015303298,0.0,98.49660725806828,34078720.0,4194304.0,38273024.0,545259520.0,67108864.0,612368384.0,16.0,16.0,545500976.0,250605116.0,796106092.0,17427428.0,0.0,0.0,0.0,30700150.0,30647928.14285714,2483027968.0,1.4442856894603342,1343.0607206587713,33013984.0,144965632.0,199027972.0
test,l1config-55_l2config-100,47,32.0,2.0,2.0,16.0,8.0,12.5,7.976434778851303,12.463179341955161,46.05764542941513,0.0,98.51501268679509,34078720.0,4194304.0,38273024.0,545259520.0,67108864.0,612368384.0,16.0,16.0,545496000.0,250624084.0,796120084.0,17425032.0,0.0,0.0,0.0,30702208.0,30648895.48214286,2483027968.0,1.4441889951241658,1342.8147235852812,33020032.0,144965632.0,199029509.0
test,l1config-55_l2config-100,48,32.0,2.0,2.0,16.0,8.0,12.5,7.976432844433909,12.463176319427983,46.057824126006324,0.0,98.50550117866182,34078720.0,4194304.0,38273024.0,545259520.0,67108864.0,612368384.0,16.0,16.0,545499484.0,250622536.0,796122020.0,17317824.0,0.0,0.0,0.0,30699718.0,30647639.10714286,2483027968.0,1.4443060366700833,1343.089361095206,33013280.0,144965632.0,199033211.0
test,l1config-55_l2config-100,49,32.0,2.0,2.0,16.0,8.0,12.5,7.976415631864515,12.463149424788304,46.06011308483352,0.0,98.55897531193735,34078720.0,4194304.0,38273024.0,545259520.0,67108864.0,612368384.0,16.0,16.0,545498208.0,250637216.0,796135424.0,17460128.0,0.0,0.0,0.0,30698096.0,30637802.55357143,2483027968.0,1.4443824790851496,1343.4370492421797,33004736.0,144965632.0,199030963.0
test,l1config-70_l2config-55,0,32.0,2.0,2.0,16.0,8.0,12.5,7.976863257272274,12.463848839487929,45.52591247280744,0.0,98.53185037785329,34078720.0,4194304.0,38273024.0,545259520.0,67108864.0,612368384.0,16.0,16.0,546806864.0,250713792.0,797520656.0,17085884.0,0.0,0.0,0.0,30665284.0,30617904.160714287,2483027968.0,1.4459285412833682,1344.4016208230914,32981056.0,144965632.0,199388807.0
test,l1config-70_l2config-55,1,32.0,2.0,2.0,16.0,8.0,12.5,7.976890941436293,12.463892095994208,45.525172028541746,0.0,98.54292997160215,34078720.0,4194304.0,38273024.0,545259520.0,67108864.0,612368384.0,16.0,16.0,546795204.0,250708300.0,797503504.0,17093012.0,0.0,0.0,0.0,30664260.0,30616063.0,2483027968.0,1.4459765907633866,1344.4081429096755,32980896.0,144965632.0,199386320.0
test,l1config-70_l2config-55,2,32.0,2.0,2.0,16.0,8.0,12.5,7.9768609012466465,12.463845158197886,45.523282374769806,0.0,98.53894366610727,34078720.0,4194304.0,38273024.0,545259520.0,67108864.0,612368384.0,16.0,16.0,546806860.0,250722284.0,797529144.0,17112016.0,0.0,0.0,0.0,30675625.0,30606218.89285714,2483027968.0,1.4454413071330932,1344.456408317245,32979712.0,144965632.0,199381327.0
test,l1config-70_l2config-55,3,32.0,2.0,2.0,16.0,8.0,12.5,7.976870539658903,12.463860218217036,45.52630862895729,0.0,98.54329982485424,34078720.0,4194304.0,38273024.0,545259520.0,67108864.0,612368384.0,16.0,16.0,546812188.0,250760064.0,797572252.0,17091076.0,0.0,0.0,0.0,30673573.0,30615514.19642857,2483027968.0,1.4455377568852774,1345.1781936777513,32962016.0,144965632.0,199388722.0
test,l1config-70_l2config-55,4,32.0,2.0,2.0,16.0,8.0,12.5,7.976878354928531,12.46387242957583,45.52656480761213,0.0,98.54178292653242,34078720.0,4194304.0,38273024.0,545259520.0,67108864.0,612368384.0,16.0,16.0,546808452.0,250732620.0,797541072.0,17089920.0,0.0,0.0,0.0,30668954.0,30613596.57142857,2483027968.0,1.4457559384344363,1344.701702316208,32973696.0,144965632.0,199394759.0
test,l1config-70_l2config-55,5,32.0,2.0,2.0,16.0,8.0,12.5,7.976833747909777,12.463802731109027,45.524568445341224,0.0,98.53288428732989,34078720.0,4194304.0,38273024.0,545259520.0,67108864.0,612368384.0,16.0,16.0,546803808.0,250748640.0,797552448.0,17089696.0,0.0,0.0,0.0,30646705.0,30614550.42857143,2483027968.0,1.4468049440558994,1345.0671997754553,32964736.0,144965632.0,199391859.0
test,l1config-70_l2config-55,6,32.0,2.0,2.0,16.0,8.0,12.5,7.976864257991865,12.46385040311229,45.52529240844982,0.0,98.54736140534287,34078720.0,4194304.0,38273024.0,545259520.0,67108864.0,612368384.0,16.0,16.0,546815436.0,250771684.0,797587120.0,17084564.0,0.0,0.0,0.0,30665798.0,30609503.30357143,2483027968.0,1.4459043998647823,1344.656029099818,32974816.0,144965632.0,199383682.0
test,l1config-70_l2config-55,7,32.0,2.0,2.0,16.0,8.0,12.5,7.9768982696285455,12.463903546294603,45.524898291927016,0.0,98.5441223878319,34078720.0,4194304.0,38273024.0,545259520.0,67108864.0,612368384.0,16.0,16.0,546800332.0,250719808.0,797520140.0,17086668.0,0.0,0.0,0.0,30665793.0,30607810.82142857,2483027968.0,1.4459042584135333,1344.7708705221748,32972000.0,144965632.0,199387977.0
test,l1config-70_l2config-55,8,32.0,2.0,2.0,16.0,8.0,12.5,7.9768833265283146,12.463880197700492,45.52760652485442,0.0,98.49578987293124,34078720.0,4194304.0,38273024.0,545259520.0,67108864.0,612368384.0,16.0,16.0,546803216.0,250758952.0,797562168.0,17090348.0,0.0,0.0,0.0,30670705.0,30615401.94642857,2483027968.0,1.44567319938785,1344.1512205600093,32987200.0,144965632.0,199387035.0
test,l1config-70_l2config-55,9,32.0,2.0,2.0,16.0,8.0,12.5,7.976852296955787,12.463831713993418,45.525698808793194,0.0,98.57777140923301,34078720.0,4194304.0,38273024.0,545259520.0,67108864.0,612368384.0,16.0,16.0,546801464.0,250728120.0,797529584.0,17089148.0,0.0,0.0,0.0,30669127.0,30614728.44642857,2483027968.0,1.4457471467400975,1344.9418639800722,32967808.0,144965632.0,199375897.0
test,l1config-70_l2config-55,10,32.0,2.0,2.0,16.0,8.0,12.5,7.976871187129916,12.463861229890494,45.52330311045377,0.0,98.54476717603752,34078720.0,4194304.0,38273024.0,545259520.0,67108864.0,612368384.0,16.0,16.0,546799432.0,250762868.0,797562300.0,17089312.0,0.0,0.0,0.0,30672021.0,30614484.30357143,2483027968.0,1.4456112779827908,1344.185123468493,32986368.0,144965632.0,199382349.0
test,l1config-70_l2config-55,11,32.0,2.0,2.0,16.0,8.0,12.5,7.976826026007613,12.463790665636894,45.52523017755386,0.0,98.49885626707572,34078720.0,4194304.0,38273024.0,545259520.0,67108864.0,612368384.0,16.0,16.0,546800892.0,250753736.0,797554628.0,17083268.0,0.0,0.0,0.0,30664822.0,30615029.30357143,2483027968.0,1.4459501018547691,1344.2438056210747,32984928.0,144965632.0,199383746.0
test,l1config-70_l2config-55,12,32.0,2.0,2.0,16.0,8.0,12.5,7.976889815171022,12.463890336204722,45.52441732653828,0.0,98.53563914041537,34078720.0,4194304.0,38273024.0,545259520.0,67108864.0,612368384.0,16.0,16.0,546796020.0,250735560.0,797531580.0,17093336.0,0.0,0.0,0.0,30666869.0,30619009.30357143,2483027968.0,1.4458537738729547,1344.3416205955207,32982528.0,144965632.0,199393528.0
test,l1config-70_l2config-55,13,32.0,2.0,2.0,16.0,8.0,12.5,7.976875435952314,12.463867868675491,45.527119894435316,0.0,98.5410581800962,34078720.0,4194304.0,38273024.0,545259520.0,67108864.0,612368384.0,16.0,16.0,546805844.0,250732180.0,797538024.0,17086808.0,0.0,0.0,0.0,30677201.0,30614013.42857143,2483027968.0,1.4453669905821984,1344.8987851949385,32968864.0,144965632.0,199379607.0
test,l1config-70_l2config-55,14,32.0,2.0,2.0,16.0,8.0,12.5,7.976886226963698,12.463884729630777,45.527793394339646,0.0,98.53749513830901,34078720.0,4194304.0,38273024.0,545259520.0,67108864.0,612368384.0,16.0,16.0,546801040.0,250742140.0,797543180.0,17091264.0,0.0,0.0,0.0,30657420.0,30613599.285714287,2483027968.0,1.4462995104553222,1344.3416205955207,32982528.0,144965632.0,199382889.0
test,l1config-70_l2config-55,15,32.0,2.0,2.0,16.0,8.0,12.5,7.976859874335167,12.4638435536487,45.526136250782365,0.0,98.54572922652156,34078720.0,4194304.0,38273024.0,545259520.0,67108864.0,612368384.0,16.0,16.0,546802036.0,250733600.0,797535636.0,17083628.0,0.0,0.0,0.0,30669939.0,30619314.51785714,2483027968.0,1.4457093059626633,1344.8635409687681,32969728.0,144965632.0,199391352.0
test,l1config-70_l2config-55,16,32.0,2.0,2.0,16.0,8.0,12.5,7.976868642528851,12.46385725395133,45.525048968981366,0.0,98.5405834006108,34078720.0,4194304.0,38273024.0,545259520.0,67108864.0,612368384.0,16.0,16.0,546805256.0,250741824.0,797547080.0,17085412.0,0.0,0.0,0.0,30656920.0,30615362.44642857,2483027968.0,1.4463231579088416,1344.4485812589735,32979904.0,144965632.0,199393558.0
test,l1config-70_l2config-55,17,32.0,2.0,2.0,16.0,8.0,12.5,7.976855615640429,12.46383689943817,45.527714557605535,0.0,98.52541911600888,34078720.0,4194304.0,38273024.0,545259520.0,67108864.0,612368384.0,16.0,16.0,546805316.0,250725068.0,797530384.0,17085332.0,0.0,0.0,0.0,30679153.0,30615360.839285713,2483027968.0,1.4452749212199,1344.670383204929,32974464.0,144965632.0,199383926.0
test,l1config-70_l2config-55,18,32.0,2.0,2.0,16.0,8.0,12.5,7.976869892065585,12.463859206352476,45.52273679680731,0.0,98.54684551183837,34078720.0,4194304.0,38273024.0,545259520.0,67108864.0,612368384.0,16.0,16.0,546808856.0,250782412.0,797591268.0,17093724.0,0.0,0.0,0.0,30671363.0,30616032.785714287,2483027968.0,1.4456419493306933,1344.6064445490936,32976032.0,144965632.0,199378924.0
test,l1config-70_l2config-55,19,32.0,2.0,2.0,16.0,8.0,12.5,7.9768584463937575,12.463841322490246,45.52686662078161,0.0,98.53845740864618,34078720.0,4194304.0,38273024.0,545259520.0,67108864.0,612368384.0,16.0,16.0,546794348.0,250708764.0,797503112.0,17084236.0,0.0,0.0,0.0,30669059.0,30620786.464285713,2483027968.0,1.4457503994188388,1344.8674569026778,32969632.0,144965632.0,199378149.0
test,l1config-70_l2config-55,20,32.0,2.0,2.0,16.0,8.0,12.5,7.976871366495297,12.463861510148902,45.52442915607157,0.0,98.54302422777187,34078720.0,4194304.0,38273024.0,545259520.0,67108864.0,612368384.0,16.0,16.0,546806404.0,250760492.0,797566896.0,17089472.0,0.0,0.0,0.0,30670586.0,30609221.42857143,2483027968.0,1.4456781957515192,1344.1786035455789,32986528.0,144965632.0,199390611.0
test,l1config-70_l2config-55,21,32.0,2.0,2.0,16.0,8.0,12.5,7.976876637256289,12.463869745712952,45.52804160434242,0.0,98.54847894162626,34078720.0,4194304.0,38273024.0,545259520.0,67108864.0,612368384.0,16.0,16.0,546804436.0,250747212.0,797551648.0,17080748.0,0.0,0.0,0.0,30678286.0,30614902.67857143,2483027968.0,1.4453156013108281,1344.8021943146418,32971232.0,144965632.0,199388322.0
test,l1config-70_l2config-55,22,32.0,2.0,2.0,16.0,8.0,12.5,7.976873645194841,12.463865070616938,45.522512286495456,0.0,98.54139521752168,34078720.0,4194304.0,38273024.0,545259520.0,67108864.0,612368384.0,16.0,16.0,546800392.0,250757492.0,797557884.0,17085204.0,0.0,0.0,0.0,30661360.0,30619370.60714286,2483027968.0,1.4461137190938258,1344.6742980140557,32974368.0,144965632.0,199386398.0
test,l1config-70_l2config-55,23,32.0,2.0,2.0,16.0,8.0,12.5,7.9768148938893795,12.463773271702156,45.52412659630456,0.0,98.52795850593785,34078720.0,4194304.0,38273024.0,545259520.0,67108864.0,612368384.0,16.0,16.0,546808104.0,250758628.0,797566732.0,17090868.0,0.0,0.0,0.0,30669669.0,30616654.910714287,2483027968.0,1.4457217622066576,1344.4042296501311,32980992.0,144965632.0,199383170.0
test,l1config-70_l2config-55,24,32.0,2.0,2.0,16.0,8.0,12.5,7.976845826175142,12.463821603398658,45.522842356039845,0.0,98.52657559183918,34078720.0,4194304.0,38273024.0,545259520.0,67108864.0,612368384.0,16.0,16.0,546797284.0,250744024.0,797541308.0,17088236.0,0.0,0.0,0.0,30651992.0,30614028.42857143,2483027968.0,1.4465554394074014,1344.238589222257,32985056.0,144965632.0,199384833.0
test,l1config-70_l2config-55,25,32.0,2.0,2.0,16.0,8.0,12.5,7.9768570638926795,12.463839162332311,45.52496461762083,0.0,98.5443467582665,34078720.0,4194304.0,38273024.0,545259520.0,67108864.0,612368384.0,16.0,16.0,546797212.0,250737032.0,797534244.0,17085460.0,0.0,0.0,0.0,30672781.0,30620917.125,2483027968.0,1.4455751056108217,1343.9869460727364,32991232.0,144965632.0,199383155.0
test,l1config-70_l2config-55,26,32.0,2.0,2.0,16.0,8.0,12.5,7.976886120787344,12.463884563730225,45.52576023005753,0.0,98.54033927320222,34078720.0,4194304.0,38273024.0,545259520.0,67108864.0,612368384.0,16.0,16.0,546808524.0,250743632.0,797552156.0,17085488.0,0.0,0.0,0.0,30677953.0,30604666.785714287,2483027968.0,1.445331442903786,1344.3285777764595,32982848.0,144965632.0,199388263.0
test,l1config-70_l2config-55,27,32.0,2.0,2.0,16.0,8.0,12.5,7.976834227621836,12.46380348065912,45.52325351993342,0.0,98.52608356214427,34078720.0,4194304.0,38273024.0,545259520.0,67108864.0,612368384.0,16.0,16.0,546807832.0,250728180.0,797536012.0,17087716.0,0.0,0.0,0.0,30671335.0,30620544.82142857,2483027968.0,1.4456431158809497,1344.6142734455632,32975840.0,144965632.0,199382796.0
test,l1config-70_l2config-55,28,32.0,2.0,2.0,16.0,8.0,12.5,7.97688553933783,12.463883655215358,45.52492861701378,0.0,98.56025405329495,34078720.0,4194304.0,38273024.0,545259520.0,67108864.0,612368384.0,16.0,16.0,546795244.0,250780492.0,797575736.0,17085700.0,0.0,0.0,0.0,30667165.0,30612991.410714287,2483027968.0,1.4458397713141633,1345.1520758174688,32962656.0,144965632.0,199391659.0
test,l1config-70_l2config-55,29,32.0,2.0,2.0,16.0,8.0,12.5,7.976864012442303,12.463850019441098,45.52395028290849,0.0,98.53010773663637,34078720.0,4194304.0,38273024.0,545259520.0,67108864.0,612368384.0,16.0,16.0,546807276.0,250777568.0,797584844.0,17082180.0,0.0,0.0,0.0,30667504.0,30610178.73214286,2483027968.0,1.4458235296286477,1344.5359885831278,32977760.0,144965632.0,199374665.0
test,l1config-70_l2config-55,30,32.0,2.0,2.0,16.0,8.0,12.5,7.976869156564593,12.463858057132176,45.52598018702949,0.0,98.56716636505114,34078720.0,4194304.0,38273024.0,545259520.0,67108864.0,612368384.0,16.0,16.0,546796296.0,250716480.0,797512776.0,17089244.0,0.0,0.0,0.0,30658286.0,30613133.89285714,2483027968.0,1.446258456538488,1344.934031268416,32968000.0,144965632.0,199382763.0
test,l1config-70_l2config-55,31,32.0,2.0,2.0,16.0,8.0,12.5,7.976844151782596,12.463818987160307,45.52447539285078,0.0,98.55723106227023,34078720.0,4194304.0,38273024.0,545259520.0,67108864.0,612368384.0,16.0,16.0,546806232.0,250776576.0,797582808.0,17084596.0,0.0,0.0,0.0,30669095.0,30615394.51785714,2483027968.0,1.445748407740626,1344.3037971174742,32983456.0,144965632.0,199382756.0
test,l1config-70_l2config-55,32,32.0,2.0,2.0,16.0,8.0,12.5,7.976839589524804,12.463811858632507,45.52632698181849,0.0,98.50531886561966,34078720.0,4194304.0,38273024.0,545259520.0,67108864.0,612368384.0,16.0,16.0,546810860.0,250723168.0,797534028.0,17082728.0,0.0,0.0,0.0,30665817.0,30615356.10714286,2483027968.0,1.4459032800431524,1343.8904861202518,32993600.0,144965632.0,199382383.0
test,l1config-70_l2config-55,33,32.0,2.0,2.0,16.0,8.0,12.5,7.976854578861771,12.463835279471517,45.522913731840326,0.0,98.56409736146846,34078720.0,4194304.0,38273024.0,545259520.0,67108864.0,612368384.0,16.0,16.0,546803704.0,250734560.0,797538264.0,17086540.0,0.0,0.0,0.0,30656535.0,30617919.57142857,2483027968.0,1.446340708239589,1345.111595138291,32963648.0,144965632.0,199388020.0
test,l1config-70_l2config-55,34,32.0,2.0,2.0,16.0,8.0,12.5,7.97685146784478,12.463830418507468,45.526494745943516,0.0,98.53692746198621,34078720.0,4194304.0,38273024.0,545259520.0,67108864.0,612368384.0,16.0,16.0,546812492.0,250703532.0,797516024.0,17087536.0,0.0,0.0,0.0,30663076.0,30617555.339285713,2483027968.0,1.4460327075449868,1344.5542542356739,32977312.0,144965632.0,199380092.0
test,l1config-70_l2config-55,35,32.0,2.0,2.0,16.0,8.0,12.5,7.976864156819548,12.463850245030544,45.5226575932147,0.0,98.52941256665825,34078720.0,4194304.0,38273024.0,545259520.0,67108864.0,612368384.0,16.0,16.0,546800736.0,250755440.0,797556176.0,17105648.0,0.0,0.0,0.0,30663902.0,30614557.75,2483027968.0,1.445993331028086,1344.6560290998177,32974816.0,144965632.0,199391124.0
test,l1config-70_l2config-55,36,32.0,2.0,2.0,16.0,8.0,12.5,7.97687881257409,12.463873144647016,45.523171117564175,0.0,98.53223166948388,34078720.0,4194304.0,38273024.0,545259520.0,67108864.0,612368384.0,16.0,16.0,546806872.0,250747324.0,797554196.0,17113576.0,0.0,0.0,0.0,30659949.0,30618456.5,2483027968.0,1.4461800584064253,1345.1089835652351,32963712.0,144965632.0,199382472.0
test,l1config-70_l2config-55,37,32.0,2.0,2.0,16.0,8.0,12.5,7.976883782222917,12.463880909723308,45.52591130727894,0.0,98.5462392560873,34078720.0,4194304.0,38273024.0,545259520.0,67108864.0,612368384.0,16.0,16.0,546795972.0,250750812.0,797546784.0,17083656.0,0.0,0.0,0.0,30663717.0,30618597.964285713,2483027968.0,1.446002231819614,1344.7630398020592,32972192.0,144965632.0,199380028.0
test,l1config-70_l2config-55,38,32.0,2.0,2.0,16.0,8.0,12.5,7.976872672073924,12.463863550115505,45.51935519274702,0.0,98.53346097693351,34078720.0,4194304.0,38273024.0,545259520.0,67108864.0,612368384.0,16.0,16.0,546804576.0,250773392.0,797577968.0,17094560.0,0.0,0.0,0.0,30680142.0,30618205.785714287,2483027968.0,1.4452277780499472,1344.4251006309532,32980480.0,144965632.0,199385293.0
test,l1config-70_l2config-55,39,32.0,2.0,2.0,16.0,8.0,12.5,7.976858151332385,12.463840861456852,45.52298203913288,0.0,98.54296295332561,34078720.0,4194304.0,38273024.0,545259520.0,67108864.0,612368384.0,16.0,16.0,546800512.0,250751308.0,797551820.0,17087460.0,0.0,0.0,0.0,30662599.0,30620084.30357143,2483027968.0,1.4460551672672948,1344.7852270792512,32971648.0,144965632.0,199378415.0
test,l1config-70_l2config-55,40,32.0,2.0,2.0,16.0,8.0,12.5,7.976875655763968,12.4638682121312,45.52523160976497,0.0,98.54545724413433,34078720.0,4194304.0,38273024.0,545259520.0,67108864.0,612368384.0,16.0,16.0,546800160.0,250713048.0,797513208.0,17083396.0,0.0,0.0,0.0,30678417.0,30613302.089285713,2483027968.0,1.4453096769976241,1344.4081429096752,32980896.0,144965632.0,199388628.0
test,l1config-70_l2config-55,41,32.0,2.0,2.0,16.0,8.0,12.5,7.976862084719613,12.463847007374396,45.52323494203297,0.0,98.51045363567401,34078720.0,4194304.0,38273024.0,545259520.0,67108864.0,612368384.0,16.0,16.0,546807996.0,250728584.0,797536580.0,17085528.0,0.0,0.0,0.0,30656291.0,30619178.76785714,2483027968.0,1.4463522199781629,1345.430283156404,32955840.0,144965632.0,199392599.0
test,l1config-70_l2config-55,42,32.0,2.0,2.0,16.0,8.0,12.5,7.976880106822111,12.463875166909547,45.525913113079284,0.0,98.53961943644764,34078720.0,4194304.0,38273024.0,545259520.0,67108864.0,612368384.0,16.0,16.0,546805436.0,250746916.0,797552352.0,17087048.0,0.0,0.0,0.0,30677946.0,30608309.98214286,2483027968.0,1.4453317844735554,1344.8230776536618,32970720.0,144965632.0,199392384.0
test,l1config-70_l2config-55,43,32.0,2.0,2.0,16.0,8.0,12.5,7.976895758383984,12.463899622474974,45.524713754050296,0.0,98.5375270595542,34078720.0,4194304.0,38273024.0,545259520.0,67108864.0,612368384.0,16.0,16.0,546800584.0,250716756.0,797517340.0,17085228.0,0.0,0.0,0.0,30663634.0,30612563.839285713,2483027968.0,1.4460062519481336,1344.6756029554965,32974336.0,144965632.0,199386230.0
test,l1config-70_l2config-55,44,32.0,2.0,2.0,16.0,8.0,12.5,7.976861397040315,12.463845932875492,45.52561238056218,0.0,98.53768365008294,34078720.0,4194304.0,38273024.0,545259520.0,67108864.0,612368384.0,16.0,16.0,546799280.0,250732960.0,797532240.0,17083836.0,0.0,0.0,0.0,30663640.0,30614488.75,2483027968.0,1.4460058629024612,1345.0476145175915,32965216.0,144965632.0,199391816.0
test,l1config-70_l2config-55,45,32.0,2.0,2.0,16.0,8.0,12.5,7.976880001703158,12.463875002661185,45.52421119361077,0.0,98.53703433190381,34078720.0,4194304.0,38273024.0,545259520.0,67108864.0,612368384.0,16.0,16.0,546803340.0,250747300.0,797550640.0,17084052.0,0.0,0.0,0.0,30663555.0,30617916.55357143,2483027968.0,1.4460099066298218,1344.2203321452096,32985504.0,144965632.0,199381306.0
test,l1config-70_l2config-55,46,32.0,2.0,2.0,16.0,8.0,12.5,7.9768625002752085,12.463847656680013,45.525754234496674,0.0,98.54516263718752,34078720.0,4194304.0,38273024.0,545259520.0,67108864.0,612368384.0,16.0,16.0,546800856.0,250718784.0,797519640.0,17082508.0,0.0,0.0,0.0,30671859.0,30616320.5,2483027968.0,1.445618689418605,1344.53076991641,32977888.0,144965632.0,199387856.0
test,l1config-70_l2config-55,47,32.0,2.0,2.0,16.0,8.0,12.5,7.97682709936503,12.46379234275786,45.52401077810447,0.0,98.53176344473334,34078720.0,4194304.0,38273024.0,545259520.0,67108864.0,612368384.0,16.0,16.0,546809488.0,250727100.0,797536588.0,17094044.0,0.0,0.0,0.0,30664900.0,30621185.05357143,2483027968.0,1.44594632959248,1344.3233607196978,32982976.0,144965632.0,199396610.0
test,l1config-70_l2config-55,48,32.0,2.0,2.0,16.0,8.0,12.5,7.976863064723238,12.46384853863006,45.521782967285745,0.0,98.5373510461604,34078720.0,4194304.0,38273024.0,545259520.0,67108864.0,612368384.0,16.0,16.0,546819028.0,250706828.0,797525856.0,17089900.0,0.0,0.0,0.0,30680981.0,30616808.089285713,2483027968.0,1.4451888810675866,1344.8282985897597,32970592.0,144965632.0,199399934.0
test,l1config-70_l2config-55,49,32.0,2.0,2.0,16.0,8.0,12.5,7.976863167350573,12.46384869898527,45.52470469001031,0.0,98.52498209732123,34078720.0,4194304.0,38273024.0,545259520.0,67108864.0,612368384.0,16.0,16.0,546810964.0,250789584.0,797600548.0,17088804.0,0.0,0.0,0.0,30665400.0,30619313.339285713,2483027968.0,1.4459229891572254,1344.6912624503468,32973952.0,144965632.0,199389454.0
test,l1config-10_l2config-85,0,32.0,2.0,1.0,16.0,4.0,6.25,3.998223320064369,6.247223937600577,46.379546068660986,0.0,98.60459197322669,34078720.0,4194304.0,38273024.0,545259520.0,67108864.0,612368384.0,16.0,16.0,545262924.0,276353720.0,821616644.0,17274140.0,0.0,0.0,0.0,40244071.0,40134228.53571428,2483027968.0,1.1017720356604173,1025.1863458125476,43250464.0,144965632.0,205405067.0
test,l1config-10_l2config-85,1,32.0,2.0,1.0,16.0,4.0,6.25,3.9982122911925133,6.247206704988302,46.37939871924004,0.0,98.59410917651536,34078720.0,4194304.0,38273024.0,545259520.0,67108864.0,612368384.0,16.0,16.0,545262992.0,276350040.0,821613032.0,17313124.0,0.0,0.0,0.0,40242744.0,40151833.125,2483027968.0,1.1018084212343129,1023.7698895592406,43310304.0,144965632.0,205404040.0
test,l1config-10_l2config-85,2,32.0,2.0,1.0,16.0,4.0,6.25,3.9982248742226845,6.247226365972945,46.37959145661994,0.0,98.56434662006978,34078720.0,4194304.0,38273024.0,545259520.0,67108864.0,612368384.0,16.0,16.0,545262652.0,276355300.0,821617952.0,17254372.0,0.0,0.0,0.0,40241496.0,40115245.946428575,2483027968.0,1.1018423791644907,1024.1497516264783,43294240.0,144965632.0,205402077.0
test,l1config-10_l2config-85,3,32.0,2.0,1.0,16.0,4.0,6.25,3.9982234662676754,6.247224166043243,46.37965130733842,0.0,98.58834225835011,34078720.0,4194304.0,38273024.0,545259520.0,67108864.0,612368384.0,16.0,16.0,545264600.0,276341948.0,821606548.0,17417160.0,0.0,0.0,0.0,40255664.0,40111457.41071428,2483027968.0,1.1014545852127648,1024.66778655473,43272352.0,144965632.0,205401835.0
test,l1config-10_l2config-85,4,32.0,2.0,1.0,16.0,4.0,6.25,3.998207350280017,6.247198984812527,46.379254872727486,0.0,98.56526417075519,34078720.0,4194304.0,38273024.0,545259520.0,67108864.0,612368384.0,16.0,16.0,545263192.0,276351628.0,821614820.0,17393168.0,0.0,0.0,0.0,40238268.0,40136914.51785714,2483027968.0,1.1019308260903329,1024.1172026021559,43295616.0,144965632.0,205402087.0
test,l1config-10_l2config-85,5,32.0,2.0,1.0,16.0,4.0,6.25,3.9982321937493763,6.247237802733401,46.379704383438295,0.0,98.59868079624286,34078720.0,4194304.0,38273024.0,545259520.0,67108864.0,612368384.0,16.0,16.0,545262700.0,276353852.0,821616552.0,17429076.0,0.0,0.0,0.0,40245429.0,40094952.21428572,2483027968.0,1.101734776475986,1023.8341890154189,43307584.0,144965632.0,205403149.0
test,l1config-10_l2config-85,6,32.0,2.0,1.0,16.0,4.0,6.25,3.9982307942094444,6.247235615952257,46.379153090390005,0.0,98.59461334413876,34078720.0,4194304.0,38273024.0,545259520.0,67108864.0,612368384.0,16.0,16.0,545262568.0,276358304.0,821620872.0,17210676.0,0.0,0.0,0.0,40271971.0,40118122.303571425,2483027968.0,1.1010086095455833,1024.1285566779866,43295136.0,144965632.0,205402527.0
test,l1config-10_l2config-85,7,32.0,2.0,1.0,16.0,4.0,6.25,3.99822498344371,6.247226536630797,46.37946339007177,0.0,98.56992844611709,34078720.0,4194304.0,38273024.0,545259520.0,67108864.0,612368384.0,16.0,16.0,545263200.0,276358308.0,821621508.0,17404648.0,0.0,0.0,0.0,40250623.0,40141034.03571428,2483027968.0,1.101592654871961,1024.739019451211,43269344.0,144965632.0,205405603.0
test,l1config-10_l2config-85,8,32.0,2.0,1.0,16.0,4.0,6.25,3.9982330636969134,6.247239162026427,46.379274577620315,0.0,98.62583024295328,34078720.0,4194304.0,38273024.0,545259520.0,67108864.0,612368384.0,16.0,16.0,545263072.0,276353776.0,821616848.0,17227800.0,0.0,0.0,0.0,40245491.0,40114167.35714286,2483027968.0,1.1017330655159125,1024.5351984968497,43277952.0,144965632.0,205404482.0
test,l1config-10_l2config-85,9,32.0,2.0,1.0,16.0,4.0,6.25,3.998223245327944,6.247223820824913,46.3793139890586,0.0,98.62352604071907,34078720.0,4194304.0,38273024.0,545259520.0,67108864.0,612368384.0,16.0,16.0,545263632.0,276340864.0,821604496.0,17400256.0,0.0,0.0,0.0,40268148.0,40116942.08928572,2483027968.0,1.1011131240495655,1025.2659956804769,43247104.0,144965632.0,205404972.0
test,l1config-10_l2config-85,10,32.0,2.0,1.0,16.0,4.0,6.25,3.998207284842352,6.247198882566176,46.37952138996313,0.0,98.6073093283404,34078720.0,4194304.0,38273024.0,545259520.0,67108864.0,612368384.0,16.0,16.0,545263216.0,276352044.0,821615260.0,17397508.0,0.0,0.0,0.0,40259144.0,40153179.928571425,2483027968.0,1.1013594849153978,1024.2451397520924,43290208.0,144965632.0,205402843.0
test,l1config-10_l2config-85,11,32.0,2.0,1.0,16.0,4.0,6.25,3.998220412432692,6.247219394426081,46.37945394345908,0.0,98.56012403641022,34078720.0,4194304.0,38273024.0,545259520.0,67108864.0,612368384.0,16.0,16.0,545263396.0,276349744.0,821613140.0,17406304.0,0.0,0.0,0.0,40264883.0,40148367.53571428,2483027968.0,1.10120260258742,1024.3852259475111,43284288.0,144965632.0,205402688.0
test,l1config-10_l2config-85,12,32.0,2.0,1.0,16.0,4.0,6.25,3.99819740507151,6.247183445424234,46.379239703584226,0.0,98.59917244087126,34078720.0,4194304.0,38273024.0,545259520.0,67108864.0,612368384.0,16.0,16.0,545263544.0,276352448.0,821615992.0,17404228.0,0.0,0.0,0.0,40252685.0,40160318.08928572,2483027968.0,1.1015362994981195,1024.6374776875014,43273632.0,144965632.0,205407221.0
test,l1config-10_l2config-85,13,32.0,2.0,1.0,16.0,4.0,6.25,3.9982195868930073,6.247218104520324,46.37951837993518,0.0,98.58228974668918,34078720.0,4194304.0,38273024.0,545259520.0,67108864.0,612368384.0,16.0,16.0,545262904.0,276351364.0,821614268.0,17449660.0,0.0,0.0,0.0,40216715.0,40136993.08928572,2483027968.0,1.1025214841452562,1024.5662589068177,43276640.0,144965632.0,205404342.0
test,l1config-10_l2config-85,14,32.0,2.0,1.0,16.0,4.0,6.25,3.9982369502112607,6.247245234705095,46.37919605635021,0.0,98.60215600832092,34078720.0,4194304.0,38273024.0,545259520.0,67108864.0,612368384.0,16.0,16.0,545263288.0,276345716.0,821609004.0,17397796.0,0.0,0.0,0.0,40266592.0,40099102.553571425,2483027968.0,1.1011556806024643,1024.278454077201,43288800.0,144965632.0,205402846.0
test,l1config-10_l2config-85,15,32.0,2.0,1.0,16.0,4.0,6.25,3.9982177808258066,6.247215282540322,46.37914016092524,0.0,98.60102186659563,34078720.0,4194304.0,38273024.0,545259520.0,67108864.0,612368384.0,16.0,16.0,545263544.0,276343988.0,821607532.0,17349612.0,0.0,0.0,0.0,40240843.0,40122730.71428572,2483027968.0,1.1018603480755471,1024.2216695969882,43291200.0,144965632.0,205405940.0
test,l1config-10_l2config-85,16,32.0,2.0,1.0,16.0,4.0,6.25,3.9982327308089727,6.24723864188902,46.379069102996326,0.0,98.60165522585949,34078720.0,4194304.0,38273024.0,545259520.0,67108864.0,612368384.0,16.0,16.0,545264124.0,276355572.0,821619696.0,17224492.0,0.0,0.0,0.0,40244478.0,40122677.28571428,2483027968.0,1.1017608111000912,1024.8292114734725,43265536.0,144965632.0,205404647.0
test,l1config-10_l2config-85,17,32.0,2.0,1.0,16.0,4.0,6.25,3.9982218563912246,6.247221650611288,46.379089592551026,0.0,98.60937231525139,34078720.0,4194304.0,38273024.0,545259520.0,67108864.0,612368384.0,16.0,16.0,545263136.0,276340648.0,821603784.0,17386328.0,0.0,0.0,0.0,40242688.0,40105430.14285714,2483027968.0,1.101809920240084,1024.148994648926,43294272.0,144965632.0,205401450.0
test,l1config-10_l2config-85,18,32.0,2.0,1.0,16.0,4.0,6.25,3.9982143375185317,6.247209902372706,46.379039215555174,0.0,98.57626084989963,34078720.0,4194304.0,38273024.0,545259520.0,67108864.0,612368384.0,16.0,16.0,545263320.0,276347668.0,821610988.0,17331656.0,0.0,0.0,0.0,40227465.0,40124804.03571428,2483027968.0,1.1022267335838987,1024.8087463449035,43266400.0,144965632.0,205402990.0
test,l1config-10_l2config-85,19,32.0,2.0,1.0,16.0,4.0,6.25,3.998236685499408,6.247244821092825,46.379276691457974,0.0,98.59985759959791,34078720.0,4194304.0,38273024.0,545259520.0,67108864.0,612368384.0,16.0,16.0,545263148.0,276353392.0,821616540.0,17443008.0,0.0,0.0,0.0,40261988.0,40084171.01785714,2483027968.0,1.101281831397769,1024.2973836365077,43288000.0,144965632.0,205402840.0
test,l1config-10_l2config-85,20,32.0,2.0,1.0,16.0,4.0,6.25,3.9982102053600888,6.247203445875138,46.379594833531385,0.0,98.58902022820384,34078720.0,4194304.0,38273024.0,545259520.0,67108864.0,612368384.0,16.0,16.0,545263040.0,276365740.0,821628780.0,17419388.0,0.0,0.0,0.0,40268747.0,40131320.0,2483027968.0,1.1010968816446767,1024.6473278726762,43273216.0,144965632.0,205405470.0
test,l1config-10_l2config-85,21,32.0,2.0,1.0,16.0,4.0,6.25,3.9982279310948807,6.247231142335751,46.37936291961822,0.0,98.59766027256363,34078720.0,4194304.0,38273024.0,545259520.0,67108864.0,612368384.0,16.0,16.0,545263232.0,276344604.0,821607836.0,17390108.0,0.0,0.0,0.0,40222787.0,40131521.53571428,2483027968.0,1.102355014092409,1024.471568416205,43280640.0,144965632.0,205405412.0
test,l1config-10_l2config-85,22,32.0,2.0,1.0,16.0,4.0,6.25,3.9982119780450094,6.247206215695327,46.37982923262432,0.0,98.59360849175735,34078720.0,4194304.0,38273024.0,545259520.0,67108864.0,612368384.0,16.0,16.0,545262808.0,276331928.0,821594736.0,17426968.0,0.0,0.0,0.0,40265145.0,40146039.48214286,2483027968.0,1.101195238928199,1024.2557395295594,43289760.0,144965632.0,205399388.0
test,l1config-10_l2config-85,23,32.0,2.0,1.0,16.0,4.0,6.25,3.998221777721887,6.247221527690448,46.37913030873816,0.0,98.59835113692505,34078720.0,4194304.0,38273024.0,545259520.0,67108864.0,612368384.0,16.0,16.0,545263784.0,276354876.0,821618660.0,17421420.0,0.0,0.0,0.0,40264771.0,40125025.51785714,2483027968.0,1.1012056246561963,1023.7025729011165,43313152.0,144965632.0,205398917.0
test,l1config-10_l2config-85,24,32.0,2.0,1.0,16.0,4.0,6.25,3.9982253514060857,6.247227111572009,46.37926530510999,0.0,98.5947130193392,34078720.0,4194304.0,38273024.0,545259520.0,67108864.0,612368384.0,16.0,16.0,545262996.0,276364448.0,821627444.0,17399124.0,0.0,0.0,0.0,40229333.0,40118143.60714286,2483027968.0,1.102175758507526,1024.2231837680845,43291136.0,144965632.0,205402780.0
test,l1config-10_l2config-85,25,32.0,2.0,1.0,16.0,4.0,6.25,3.9982073420442847,6.2471989719441945,46.37921586156062,0.0,98.58823399391495,34078720.0,4194304.0,38273024.0,545259520.0,67108864.0,612368384.0,16.0,16.0,545263396.0,276356068.0,821619464.0,17440944.0,0.0,0.0,0.0,40251425.0,40115811.46428572,2483027968.0,1.101570596430505,1024.3996153482592,43283680.0,144965632.0,205404188.0
test,l1config-10_l2config-85,26,32.0,2.0,1.0,16.0,4.0,6.25,3.9982296350699813,6.247233804796846,46.37938213249879,0.0,98.5979557058529,34078720.0,4194304.0,38273024.0,545259520.0,67108864.0,612368384.0,16.0,16.0,545262656.0,276345216.0,821607872.0,17319092.0,0.0,0.0,0.0,40257051.0,40104665.23214286,2483027968.0,1.101416820822993,1024.2451397520922,43290208.0,144965632.0,205403855.0
test,l1config-10_l2config-85,27,32.0,2.0,1.0,16.0,4.0,6.25,3.998218942480877,6.24721709762637,46.37963323658704,0.0,98.55835443768467,34078720.0,4194304.0,38273024.0,545259520.0,67108864.0,612368384.0,16.0,16.0,545263144.0,276361492.0,821624636.0,17330720.0,0.0,0.0,0.0,40279241.0,40107973.14285714,2483027968.0,1.100809868002839,1024.0316766555386,43299232.0,144965632.0,205406158.0
test,l1config-10_l2config-85,28,32.0,2.0,1.0,16.0,4.0,6.25,3.9982384980352346,6.247247653180054,46.37922619636288,0.0,98.55911947827884,34078720.0,4194304.0,38273024.0,545259520.0,67108864.0,612368384.0,16.0,16.0,545262600.0,276364736.0,821627336.0,17377500.0,0.0,0.0,0.0,40242661.0,40107594.85714286,2483027968.0,1.1018104883574922,1024.1414249349466,43294592.0,144965632.0,205402497.0
test,l1config-10_l2config-85,29,32.0,2.0,1.0,16.0,4.0,6.25,3.998218269803144,6.247216046567412,46.379290348811075,0.0,98.59361859043825,34078720.0,4194304.0,38273024.0,545259520.0,67108864.0,612368384.0,16.0,16.0,545263180.0,276356884.0,821620064.0,17435240.0,0.0,0.0,0.0,40251133.0,40127267.53571428,2483027968.0,1.1015787656138247,1024.4420285653239,43281888.0,144965632.0,205403474.0
test,l1config-10_l2config-85,30,32.0,2.0,1.0,16.0,4.0,6.25,3.9982181843982723,6.2472159131223,46.37936852846213,0.0,98.59824287891725,34078720.0,4194304.0,38273024.0,545259520.0,67108864.0,612368384.0,16.0,16.0,545262796.0,276352928.0,821615724.0,17418156.0,0.0,0.0,0.0,40263313.0,40131477.571428575,2483027968.0,1.1012453370014488,1024.4087035991238,43283296.0,144965632.0,205403477.0
test,l1config-10_l2config-85,31,32.0,2.0,1.0,16.0,4.0,6.25,3.998218512395507,6.24721642561798,46.37897583248826,0.0,98.58350685501462,34078720.0,4194304.0,38273024.0,545259520.0,67108864.0,612368384.0,16.0,16.0,545263060.0,276347416.0,821610476.0,17433220.0,0.0,0.0,0.0,40250082.0,40134917.0,2483027968.0,1.101607543450905,1024.461721609961,43281056.0,144965632.0,205403691.0
test,l1config-10_l2config-85,32,32.0,2.0,1.0,16.0,4.0,6.25,3.998227533797068,6.247230521557919,46.379075161672354,0.0,98.58495400180148,34078720.0,4194304.0,38273024.0,545259520.0,67108864.0,612368384.0,16.0,16.0,545262704.0,276346508.0,821609212.0,17388696.0,0.0,0.0,0.0,40246418.0,40112068.48214286,2483027968.0,1.1017076823365088,1024.013513691851,43300000.0,144965632.0,205401177.0
test,l1config-10_l2config-85,33,32.0,2.0,1.0,16.0,4.0,6.25,3.99823068760729,6.247235449386391,46.37906559278122,0.0,98.6141066474739,34078720.0,4194304.0,38273024.0,545259520.0,67108864.0,612368384.0,16.0,16.0,545263932.0,276342984.0,821606916.0,17407168.0,0.0,0.0,0.0,40243416.0,40105572.08928572,2483027968.0,1.1017898106301922,1023.6813964572681,43314048.0,144965632.0,205402172.0
test,l1config-10_l2config-85,34,32.0,2.0,1.0,16.0,4.0,6.25,3.99821946893368,6.247217920208875,46.37960665095749,0.0,98.59021239826676,34078720.0,4194304.0,38273024.0,545259520.0,67108864.0,612368384.0,16.0,16.0,545262896.0,276357128.0,821620024.0,17201372.0,0.0,0.0,0.0,40259611.0,40108077.821428575,2483027968.0,1.1013468599168963,1025.0172257096356,43257600.0,144965632.0,205402685.0
test,l1config-10_l2config-85,35,32.0,2.0,1.0,16.0,4.0,6.25,3.9982291587247527,6.247233060507426,46.38003818099061,0.0,98.59304118456697,34078720.0,4194304.0,38273024.0,545259520.0,67108864.0,612368384.0,16.0,16.0,545263328.0,276348616.0,821611944.0,17422404.0,0.0,0.0,0.0,40251450.0,40101198.303571425,2483027968.0,1.1015698985661906,1023.9378416111775,43303200.0,144965632.0,205403784.0
test,l1config-10_l2config-85,36,32.0,2.0,1.0,16.0,4.0,6.25,3.9982292974873763,6.247233277324026,46.379719511954626,0.0,98.59208195795752,34078720.0,4194304.0,38273024.0,545259520.0,67108864.0,612368384.0,16.0,16.0,545263280.0,276337856.0,821601136.0,17437064.0,0.0,0.0,0.0,40284508.0,40100690.178571425,2483027968.0,1.1006661543072451,1024.651874175864,43273024.0,144965632.0,205403359.0
test,l1config-10_l2config-85,37,32.0,2.0,1.0,16.0,4.0,6.25,3.9982013836555743,6.247189661961835,46.37952962138858,0.0,98.59120672597017,34078720.0,4194304.0,38273024.0,545259520.0,67108864.0,612368384.0,16.0,16.0,545262452.0,276363508.0,821625960.0,17284600.0,0.0,0.0,0.0,40277484.0,40157694.51785714,2483027968.0,1.1008579084568442,1023.7093798012789,43312864.0,144965632.0,205403973.0
test,l1config-10_l2config-85,38,32.0,2.0,1.0,16.0,4.0,6.25,3.998244733323694,6.247257395818272,46.3792636555775,0.0,98.59438168224642,34078720.0,4194304.0,38273024.0,545259520.0,67108864.0,612368384.0,16.0,16.0,545263480.0,276359516.0,821622996.0,17391520.0,0.0,0.0,0.0,40210762.0,40094538.39285714,2483027968.0,1.102684604067931,1024.2481682375535,43290080.0,144965632.0,205404891.0
test,l1config-10_l2config-85,39,32.0,2.0,1.0,16.0,4.0,6.25,3.9982253708800815,6.247227142000127,46.37964093819705,0.0,98.58822040407915,34078720.0,4194304.0,38273024.0,545259520.0,67108864.0,612368384.0,16.0,16.0,545262968.0,276355080.0,821618048.0,17419136.0,0.0,0.0,0.0,40245842.0,40120475.58928572,2483027968.0,1.1017233815820562,1023.9491917102929,43302720.0,144965632.0,205402008.0
test,l1config-10_l2config-85,40,32.0,2.0,1.0,16.0,4.0,6.25,3.998222989729536,6.2472234214524,46.37966957850758,0.0,98.60366469092929,34078720.0,4194304.0,38273024.0,545259520.0,67108864.0,612368384.0,16.0,16.0,545263076.0,276363976.0,821627052.0,17394620.0,0.0,0.0,0.0,40255288.0,40128214.89285714,2483027968.0,1.1014649279498252,1024.260282358492,43289568.0,144965632.0,205406620.0
test,l1config-10_l2config-85,41,32.0,2.0,1.0,16.0,4.0,6.25,3.998222923124336,6.247223317381775,46.37935101537037,0.0,98.53113110255748,34078720.0,4194304.0,38273024.0,545259520.0,67108864.0,612368384.0,16.0,16.0,545263160.0,276353308.0,821616468.0,17402612.0,0.0,0.0,0.0,40244368.0,40124118.33928572,2483027968.0,1.101763856766107,1025.832245558526,43223232.0,144965632.0,205401455.0
test,l1config-10_l2config-85,42,32.0,2.0,1.0,16.0,4.0,6.25,3.998226203818067,6.24722844346573,46.37943302165922,0.0,98.60138307026197,34078720.0,4194304.0,38273024.0,545259520.0,67108864.0,612368384.0,16.0,16.0,545264256.0,276336800.0,821601056.0,17412032.0,0.0,0.0,0.0,40222398.0,40098080.125,2483027968.0,1.102365716331128,1023.8765554237443,43305792.0,144965632.0,205403887.0
test,l1config-10_l2config-85,43,32.0,2.0,1.0,16.0,4.0,6.25,3.9982266570137623,6.247229151584004,46.379265425233974,0.0,98.55874390085249,34078720.0,4194304.0,38273024.0,545259520.0,67108864.0,612368384.0,16.0,16.0,545263180.0,276370856.0,821634036.0,17418188.0,0.0,0.0,0.0,40272471.0,40098318.25,2483027968.0,1.100995008397602,1023.8871475736839,43305344.0,144965632.0,205401863.0
test,l1config-10_l2config-85,44,32.0,2.0,1.0,16.0,4.0,6.25,3.998220432126565,6.247219425197758,46.37920227673695,0.0,98.59274399967467,34078720.0,4194304.0,38273024.0,545259520.0,67108864.0,612368384.0,16.0,16.0,545263620.0,276365220.0,821628840.0,17240680.0,0.0,0.0,0.0,40254629.0,40101749.85714286,2483027968.0,1.1014829119147844,1023.8909305374881,43305184.0,144965632.0,205399954.0
test,l1config-10_l2config-85,45,32.0,2.0,1.0,16.0,4.0,6.25,3.998210695346573,6.24720421147902,46.379780604885816,0.0,98.58699472622193,34078720.0,4194304.0,38273024.0,545259520.0,67108864.0,612368384.0,16.0,16.0,545262996.0,276333824.0,821596820.0,17389788.0,0.0,0.0,0.0,40220926.0,40147678.83928572,2483027968.0,1.1024060331602468,1025.1362865152155,43252576.0,144965632.0,205404620.0
test,l1config-10_l2config-85,46,32.0,2.0,1.0,16.0,4.0,6.25,3.998216950206323,6.24721398469738,46.379732539012544,0.0,98.53117641124908,34078720.0,4194304.0,38273024.0,545259520.0,67108864.0,612368384.0,16.0,16.0,545262792.0,276351268.0,821614060.0,17403112.0,0.0,0.0,0.0,40262672.0,40118661.678571425,2483027968.0,1.1012628693269184,1024.0907107375747,43296736.0,144965632.0,205400962.0
test,l1config-10_l2config-85,47,32.0,2.0,1.0,16.0,4.0,6.25,3.998215694676506,6.2472120229320405,46.37980095982089,0.0,98.63364462400125,34078720.0,4194304.0,38273024.0,545259520.0,67108864.0,612368384.0,16.0,16.0,545262740.0,276355400.0,821618140.0,17420532.0,0.0,0.0,0.0,40272416.0,40118474.23214286,2483027968.0,1.1009964231747225,1024.5344409494014,43277984.0,144965632.0,205403822.0
test,l1config-10_l2config-85,48,32.0,2.0,1.0,16.0,4.0,6.25,3.9982183469125974,6.247216167050933,46.37951322494278,0.0,98.59472628459076,34078720.0,4194304.0,38273024.0,545259520.0,67108864.0,612368384.0,16.0,16.0,545263800.0,276337036.0,821600836.0,17399620.0,0.0,0.0,0.0,40231685.0,40109319.46428572,2483027968.0,1.1021112210437287,1024.6314161292173,43273888.0,144965632.0,205405029.0
test,l1config-10_l2config-85,49,32.0,2.0,1.0,16.0,4.0,6.25,3.998226814608179,6.247229397825279,46.379443321741846,0.0,98.58212555258085,34078720.0,4194304.0,38273024.0,545259520.0,67108864.0,612368384.0,16.0,16.0,545263124.0,276359252.0,821622376.0,17357664.0,0.0,0.0,0.0,40255412.0,40110180.26785714,2483027968.0,1.1014616239988173,1023.5709906215404,43318720.0,144965632.0,205402510.0
test,l1config-70,0,32.0,2.0,2.0,16.0,8.0,12.5,7.9767697886408975,12.463702794751402,45.51951472638234,0.0,98.53091058434877,34078720.0,4194304.0,38273024.0,545259520.0,67108864.0,612368384.0,16.0,16.0,546804912.0,250727192.0,797532104.0,17085472.0,0.0,0.0,0.0,30684919.0,30632926.5,2483027968.0,1.4450037163354386,1344.1577402172834,32987040.0,144965632.0,199392746.0
test,l1config-70,1,32.0,2.0,2.0,16.0,8.0,12.5,7.976772934948287,12.4637077108567,45.52544963551059,0.0,98.54327347945495,34078720.0,4194304.0,38273024.0,545259520.0,67108864.0,612368384.0,16.0,16.0,546810284.0,250738016.0,797548300.0,17082044.0,0.0,0.0,0.0,30677517.0,30630073.69642857,2483027968.0,1.4453523496267928,1343.78231102514,32996256.0,144965632.0,199397065.0
test,l1config-70,2,32.0,2.0,2.0,16.0,8.0,12.5,7.976750437654887,12.46367255883576,45.521521909846165,0.0,98.53785216377752,34078720.0,4194304.0,38273024.0,545259520.0,67108864.0,612368384.0,16.0,16.0,546824540.0,250759412.0,797583952.0,17090436.0,0.0,0.0,0.0,30676595.0,30622617.910714287,2483027968.0,1.4453956372997803,1344.0599519984924,32989440.0,144965632.0,199392602.0
test,l1config-70,3,32.0,2.0,2.0,16.0,8.0,12.5,7.976686280846762,12.463572313823065,45.52169794609773,0.0,98.54187585669905,34078720.0,4194304.0,38273024.0,545259520.0,67108864.0,612368384.0,16.0,16.0,546812448.0,250794520.0,797606968.0,17089564.0,0.0,0.0,0.0,30688556.0,30630415.0,2483027968.0,1.4448320404057398,1344.125142563355,32987840.0,144965632.0,199387220.0
test,l1config-70,4,32.0,2.0,2.0,16.0,8.0,12.5,7.97675803926832,12.46368443635675,45.516642365163804,0.0,98.54298013782396,34078720.0,4194304.0,38273024.0,545259520.0,67108864.0,612368384.0,16.0,16.0,546811508.0,250757148.0,797568656.0,17098992.0,0.0,0.0,0.0,30684411.0,30630640.464285713,2483027968.0,1.4450272743410737,1343.9295898375256,32992640.0,144965632.0,199383106.0
test,l1config-70,5,32.0,2.0,2.0,16.0,8.0,12.5,7.976773661948358,12.46370884679431,45.52157516677558,0.0,98.53548700579053,34078720.0,4194304.0,38273024.0,545259520.0,67108864.0,612368384.0,16.0,16.0,546817920.0,250732572.0,797550492.0,17091776.0,0.0,0.0,0.0,30679017.0,30627995.55357143,2483027968.0,1.4452813163459524,1344.1590441563278,32987008.0,144965632.0,199395872.0
test,l1config-70,6,32.0,2.0,2.0,16.0,8.0,12.5,7.976761399523001,12.46368968675469,45.5215005644821,0.0,98.54126995005117,34078720.0,4194304.0,38273024.0,545259520.0,67108864.0,612368384.0,16.0,16.0,546812616.0,250767108.0,797579724.0,17087592.0,0.0,0.0,0.0,30678707.0,30632965.64285714,2483027968.0,1.4452961325276201,1343.9517496207923,32992096.0,144965632.0,199380902.0
test,l1config-70,7,32.0,2.0,2.0,16.0,8.0,12.5,7.976791190221282,12.463736234720752,45.51878882613805,0.0,98.54434450477423,34078720.0,4194304.0,38273024.0,545259520.0,67108864.0,612368384.0,16.0,16.0,546824944.0,250739960.0,797564904.0,17085488.0,0.0,0.0,0.0,30677367.0,30624117.660714287,2483027968.0,1.4453595228333689,1344.0690782968938,32989216.0,144965632.0,199378294.0
test,l1config-70,8,32.0,2.0,2.0,16.0,8.0,12.5,7.976757401422172,12.463683439722145,45.52010275315035,0.0,98.52073275428627,34078720.0,4194304.0,38273024.0,545259520.0,67108864.0,612368384.0,16.0,16.0,546810976.0,250760380.0,797571356.0,17094236.0,0.0,0.0,0.0,30681213.0,30631225.82142857,2483027968.0,1.4451782003673876,1344.2151159285697,32985632.0,144965632.0,199397941.0
test,l1config-70,9,32.0,2.0,2.0,16.0,8.0,12.5,7.976750137664875,12.463672090101367,45.51962327562661,0.0,98.53637571662682,34078720.0,4194304.0,38273024.0,545259520.0,67108864.0,612368384.0,16.0,16.0,546806000.0,250809644.0,797615644.0,17080196.0,0.0,0.0,0.0,30683457.0,30629668.30357143,2483027968.0,1.4450726147735384,1344.3416205955207,32982528.0,144965632.0,199391082.0
test,l1config-55_l2config-85,0,32.0,2.0,2.0,16.0,8.0,12.5,7.976400971380858,12.463126517782591,46.05669636948093,0.0,98.51945062751692,34078720.0,4194304.0,38273024.0,545259520.0,67108864.0,612368384.0,16.0,16.0,545499900.0,250660844.0,796160744.0,17427148.0,0.0,0.0,0.0,30704317.0,30653858.57142857,2483027968.0,1.4440899033324543,1343.1310220924356,33012256.0,144965632.0,199024899.0
test,l1config-55_l2config-85,1,32.0,2.0,2.0,16.0,8.0,12.5,7.976389787883574,12.463109043568084,46.05561750599952,0.0,98.55818607560009,34078720.0,4194304.0,38273024.0,545259520.0,67108864.0,612368384.0,16.0,16.0,545500708.0,250605644.0,796106352.0,17411260.0,0.0,0.0,0.0,30692827.0,30645921.80357143,2483027968.0,1.4446303285921809,1343.1505515745998,33011776.0,144965632.0,199031959.0
test,l1config-55_l2config-85,2,32.0,2.0,2.0,16.0,8.0,12.5,7.976442909246049,12.463192045696951,46.056417138849035,0.0,98.54175217485881,34078720.0,4194304.0,38273024.0,545259520.0,67108864.0,612368384.0,16.0,16.0,545497256.0,250604920.0,796102176.0,17413912.0,0.0,0.0,0.0,30696870.0,30645230.0,2483027968.0,1.4444403426342833,1343.3432729156305,33007040.0,144965632.0,199035613.0
test,l1config-55_l2config-85,3,32.0,2.0,2.0,16.0,8.0,12.5,7.976407109935826,12.463136109274728,46.05567035128031,0.0,98.52725115130761,34078720.0,4194304.0,38273024.0,545259520.0,67108864.0,612368384.0,16.0,16.0,545500436.0,250619524.0,796119960.0,17455352.0,0.0,0.0,0.0,30700573.0,30650724.714285713,2483027968.0,1.444265801498959,1343.5725270526987,33001408.0,144965632.0,199033834.0
test,l1config-55_l2config-85,4,32.0,2.0,2.0,16.0,8.0,12.5,7.976358881617925,12.463060752528007,46.057983429908326,0.0,98.51278349484683,34078720.0,4194304.0,38273024.0,545259520.0,67108864.0,612368384.0,16.0,16.0,545501384.0,250633852.0,796135236.0,17398128.0,0.0,0.0,0.0,30696756.0,30640289.625,2483027968.0,1.4444455187011285,1343.1010779894516,33012992.0,144965632.0,199040481.0
test,l1config-55_l2config-85,5,32.0,2.0,2.0,16.0,8.0,12.5,7.976435368550757,12.463180263360558,46.05784707634326,0.0,98.55894949794168,34078720.0,4194304.0,38273024.0,545259520.0,67108864.0,612368384.0,16.0,16.0,545499848.0,250614768.0,796114616.0,17427724.0,0.0,0.0,0.0,30686887.0,30639426.17857143,2483027968.0,1.4449103630769435,1343.6689413648744,32999040.0,144965632.0,199030728.0
test,l1config-55_l2config-85,6,32.0,2.0,2.0,16.0,8.0,12.5,7.976375907693423,12.463087355770973,46.05755068750288,0.0,98.5370690772684,34078720.0,4194304.0,38273024.0,545259520.0,67108864.0,612368384.0,16.0,16.0,545497544.0,250621700.0,796119244.0,17403144.0,0.0,0.0,0.0,30703746.0,30645706.535714287,2483027968.0,1.444116794467838,1343.203935056991,33010464.0,144965632.0,199033705.0
test,l1config-55_l2config-85,7,32.0,2.0,2.0,16.0,8.0,12.5,7.97640971434897,12.463140178670265,46.05681217677935,0.0,98.52582086063384,34078720.0,4194304.0,38273024.0,545259520.0,67108864.0,612368384.0,16.0,16.0,545499024.0,250623236.0,796122260.0,17434096.0,0.0,0.0,0.0,30700191.0,30649893.80357143,2483027968.0,1.4442840546516003,1342.9357585018222,33017056.0,144965632.0,199035396.0
test,l1config-55_l2config-85,8,32.0,2.0,2.0,16.0,8.0,12.5,7.976377650848259,12.463090079450405,46.05702780431883,0.0,98.50057812602103,34078720.0,4194304.0,38273024.0,545259520.0,67108864.0,612368384.0,16.0,16.0,545501776.0,250628328.0,796130104.0,17238984.0,0.0,0.0,0.0,30711403.0,30645960.17857143,2483027968.0,1.4437566163559106,1343.3367611568729,33007200.0,144965632.0,199021952.0
test,l1config-55_l2config-85,9,32.0,2.0,2.0,16.0,8.0,12.5,7.976428005720081,12.463168758937627,46.05744669487979,0.0,98.53725414242811,34078720.0,4194304.0,38273024.0,545259520.0,67108864.0,612368384.0,16.0,16.0,545497248.0,250641100.0,796138348.0,17435284.0,0.0,0.0,0.0,30702256.0,30655774.875,2483027968.0,1.444186549120597,1343.616823802228,33000320.0,144965632.0,199032655.0
test,l1config-55_l2config-85,10,32.0,2.0,2.0,16.0,8.0,12.5,7.976387334458405,12.463105210091257,46.05677455058388,0.0,98.48977406106178,34078720.0,4194304.0,38273024.0,545259520.0,67108864.0,612368384.0,16.0,16.0,545498428.0,250628412.0,796126840.0,17431200.0,0.0,0.0,0.0,30694844.0,30639587.05357143,2483027968.0,1.4445354234888248,1343.3992766470974,33005664.0,144965632.0,199033712.0
test,l1config-55_l2config-85,11,32.0,2.0,2.0,16.0,8.0,12.5,7.976414300053507,12.463147343833604,46.0569090924509,0.0,98.53437977579814,34078720.0,4194304.0,38273024.0,545259520.0,67108864.0,612368384.0,16.0,16.0,545502852.0,250652972.0,796155824.0,17436484.0,0.0,0.0,0.0,30712438.0,30655165.51785714,2483027968.0,1.4437081267073335,1343.1961225749994,33010656.0,144965632.0,199028676.0
test,l1config-55_l2config-85,12,32.0,2.0,2.0,16.0,8.0,12.5,7.976422824903245,12.463160663911319,46.05612660902714,0.0,98.53127680119131,34078720.0,4194304.0,38273024.0,545259520.0,67108864.0,612368384.0,16.0,16.0,545498824.0,250607852.0,796106676.0,17423220.0,0.0,0.0,0.0,30697294.0,30643149.14285714,2483027968.0,1.4444204504135294,1343.3484823680913,33006912.0,144965632.0,199038559.0
test,l1config-55_l2config-85,13,32.0,2.0,2.0,16.0,8.0,12.5,7.976404135337269,12.463131461464483,46.05598386455265,0.0,98.52965500552267,34078720.0,4194304.0,38273024.0,545259520.0,67108864.0,612368384.0,16.0,16.0,545496864.0,250608264.0,796105128.0,17446436.0,0.0,0.0,0.0,30695339.0,30648472.714285713,2483027968.0,1.4445122815245306,1343.601189321814,33000704.0,144965632.0,199030314.0
test,l1config-55_l2config-85,14,32.0,2.0,2.0,16.0,8.0,12.5,7.976384670378645,12.463101047466633,46.056490912563724,0.0,98.53982450355277,34078720.0,4194304.0,38273024.0,545259520.0,67108864.0,612368384.0,16.0,16.0,545495876.0,250658432.0,796154308.0,17426724.0,0.0,0.0,0.0,30699585.0,30647232.60714286,2483027968.0,1.4443122467997331,1343.381042361401,33006112.0,144965632.0,199038117.0
test,l1config-55_l2config-85,15,32.0,2.0,2.0,16.0,8.0,12.5,7.976457319559789,12.46321456181217,46.05655678816855,0.0,98.50243327805302,34078720.0,4194304.0,38273024.0,545259520.0,67108864.0,612368384.0,16.0,16.0,545501088.0,250627432.0,796128520.0,17435096.0,0.0,0.0,0.0,30703562.0,30639389.55357143,2483027968.0,1.4441253311723614,1343.263833771632,33008992.0,144965632.0,199037270.0
test,l1config-55_l2config-85,16,32.0,2.0,2.0,16.0,8.0,12.5,7.976452824522512,12.463207538316425,46.05582352831314,0.0,98.53337201629125,34078720.0,4194304.0,38273024.0,545259520.0,67108864.0,612368384.0,16.0,16.0,545498880.0,250637680.0,796136560.0,17401772.0,0.0,0.0,0.0,30694797.0,30642938.19642857,2483027968.0,1.4445375530103386,1343.0789462497182,33013536.0,144965632.0,199019280.0
test,l1config-55_l2config-85,17,32.0,2.0,2.0,16.0,8.0,12.5,7.976454692396595,12.46321045686968,46.056259930697095,0.0,98.54719683287094,34078720.0,4194304.0,38273024.0,545259520.0,67108864.0,612368384.0,16.0,16.0,545502080.0,250611500.0,796113580.0,17427108.0,0.0,0.0,0.0,30695856.0,30638878.60714286,2483027968.0,1.4444881520809434,1343.3471800011882,33006944.0,144965632.0,199029700.0
test,l1config-55_l2config-85,18,32.0,2.0,2.0,16.0,8.0,12.5,7.976435486931259,12.463180448330093,46.056381808112164,0.0,98.5466703912622,34078720.0,4194304.0,38273024.0,545259520.0,67108864.0,612368384.0,16.0,16.0,545498700.0,250627104.0,796125804.0,17406556.0,0.0,0.0,0.0,30685950.0,30638091.785714287,2483027968.0,1.4449543541500447,1343.366715769891,33006464.0,144965632.0,199032166.0
test,l1config-55_l2config-85,19,32.0,2.0,2.0,16.0,8.0,12.5,7.976375183825491,12.463086224727329,46.05752610360339,0.0,98.54418274794475,34078720.0,4194304.0,38273024.0,545259520.0,67108864.0,612368384.0,16.0,16.0,545500144.0,250638508.0,796138652.0,17411524.0,0.0,0.0,0.0,30704164.0,30646434.98214286,2483027968.0,1.4440968053341932,1343.1987267255656,33010592.0,144965632.0,199032053.0
test,l1config-55_l2config-85,20,32.0,2.0,2.0,16.0,8.0,12.5,7.976373892199869,12.463084206562296,46.05779421236421,0.0,98.52707240434268,34078720.0,4194304.0,38273024.0,545259520.0,67108864.0,612368384.0,16.0,16.0,545497704.0,250590744.0,796088448.0,17356560.0,0.0,0.0,0.0,30710167.0,30644065.714285713,2483027968.0,1.443814747115416,1343.0437973386504,33014400.0,144965632.0,199034139.0
test,l1config-55_l2config-85,21,32.0,2.0,2.0,16.0,8.0,12.5,7.976455736560689,12.463212088376077,46.05917432617102,0.0,98.53813289183024,34078720.0,4194304.0,38273024.0,545259520.0,67108864.0,612368384.0,16.0,16.0,545500036.0,250610888.0,796110924.0,17429516.0,0.0,0.0,0.0,30700525.0,30642782.76785714,2483027968.0,1.4442684712289477,1343.2625315688567,33009024.0,144965632.0,199030429.0
test,l1config-55_l2config-85,22,32.0,2.0,2.0,16.0,8.0,12.5,7.97640449940891,12.463132030326422,46.057534652531324,0.0,98.53854402032856,34078720.0,4194304.0,38273024.0,545259520.0,67108864.0,612368384.0,16.0,16.0,545501192.0,250573496.0,796074688.0,17406504.0,0.0,0.0,0.0,30700272.0,30641807.44642857,2483027968.0,1.4442803734051952,1343.4070914924996,33005472.0,144965632.0,199032818.0
test,l1config-55_l2config-85,23,32.0,2.0,2.0,16.0,8.0,12.5,7.976389820001322,12.463109093752065,46.055463800751006,0.0,98.53557501297041,34078720.0,4194304.0,38273024.0,545259520.0,67108864.0,612368384.0,16.0,16.0,545497068.0,250645608.0,796142676.0,17406536.0,0.0,0.0,0.0,30691397.0,30649249.0,2483027968.0,1.4446978263450507,1342.9383616429122,33016992.0,144965632.0,199035583.0
test,l1config-55_l2config-85,24,32.0,2.0,2.0,16.0,8.0,12.5,7.976394809531503,12.463116889892973,46.05653991452086,0.0,98.53202659285994,34078720.0,4194304.0,38273024.0,545259520.0,67108864.0,612368384.0,16.0,16.0,545500288.0,250655304.0,796155592.0,17438920.0,0.0,0.0,0.0,30704825.0,30647354.60714286,2483027968.0,1.444065917331797,1343.3966717188343,33005728.0,144965632.0,199029967.0
test,l1config-55_l2config-85,25,32.0,2.0,2.0,16.0,8.0,12.5,7.976412920456194,12.463145188212803,46.05697100546058,0.0,98.47331556495062,34078720.0,4194304.0,38273024.0,545259520.0,67108864.0,612368384.0,16.0,16.0,545499228.0,250634252.0,796133480.0,17415300.0,0.0,0.0,0.0,30689087.0,30653807.07142857,2483027968.0,1.4448064172934827,1343.0789462497185,33013536.0,144965632.0,199033431.0
test,l1config-55_l2config-85,26,32.0,2.0,2.0,16.0,8.0,12.5,7.976385819714655,12.463102843304148,46.05484735450693,0.0,98.52381058587686,34078720.0,4194304.0,38273024.0,545259520.0,67108864.0,612368384.0,16.0,16.0,545496980.0,250619712.0,796116692.0,17408020.0,0.0,0.0,0.0,30696217.0,30637958.92857143,2483027968.0,1.4444707878509626,1343.0932667039065,33013184.0,144965632.0,199037545.0
test,l1config-55_l2config-85,27,32.0,2.0,2.0,16.0,8.0,12.5,7.9764150663217555,12.463148541127742,46.058672969653934,0.0,98.50614642296709,34078720.0,4194304.0,38273024.0,545259520.0,67108864.0,612368384.0,16.0,16.0,545500160.0,250616824.0,796116984.0,17436664.0,0.0,0.0,0.0,30700222.0,30655857.125,2483027968.0,1.4442823610406998,1343.1961225749994,33010656.0,144965632.0,199036258.0
test,l1config-55_l2config-85,28,32.0,2.0,2.0,16.0,8.0,12.5,7.97638870966025,12.463107358844141,46.05588690900612,0.0,98.53906390972425,34078720.0,4194304.0,38273024.0,545259520.0,67108864.0,612368384.0,16.0,16.0,545501664.0,250589672.0,796091336.0,17150152.0,0.0,0.0,0.0,30698057.0,30647344.839285713,2483027968.0,1.4443844670017023,1343.636367414422,32999840.0,144965632.0,199030745.0
test,l1config-55_l2config-85,29,32.0,2.0,2.0,16.0,8.0,12.5,7.976406905090629,12.463135789204108,46.05669531862412,0.0,98.49459439111159,34078720.0,4194304.0,38273024.0,545259520.0,67108864.0,612368384.0,16.0,16.0,545499024.0,250659068.0,796158092.0,17407200.0,0.0,0.0,0.0,30705229.0,30654662.30357143,2483027968.0,1.4440472111558869,1343.3471800011882,33006944.0,144965632.0,199028474.0
test,l1config-55_l2config-85,30,32.0,2.0,2.0,16.0,8.0,12.5,7.976416754947418,12.46315117960534,46.057233815919396,0.0,98.54309375824548,34078720.0,4194304.0,38273024.0,545259520.0,67108864.0,612368384.0,16.0,16.0,545499112.0,250643528.0,796142640.0,17402936.0,0.0,0.0,0.0,30700536.0,30655394.410714287,2483027968.0,1.4442676244412744,1343.391461892615,33005856.0,144965632.0,199024018.0
test,l1config-55_l2config-85,31,32.0,2.0,2.0,16.0,8.0,12.5,7.976374769592664,12.463085577488538,46.05763145848491,0.0,98.53853276349386,34078720.0,4194304.0,38273024.0,545259520.0,67108864.0,612368384.0,16.0,16.0,545496388.0,250640920.0,796137308.0,17393388.0,0.0,0.0,0.0,30696732.0,30649300.48214286,2483027968.0,1.4444468833067485,1343.564710282445,33001600.0,144965632.0,199028340.0
test,l1config-55_l2config-85,32,32.0,2.0,2.0,16.0,8.0,12.5,7.976412457465837,12.46314446479037,46.05588561783283,0.0,98.57061290687496,34078720.0,4194304.0,38273024.0,545259520.0,67108864.0,612368384.0,16.0,16.0,545500528.0,250605180.0,796105708.0,17291472.0,0.0,0.0,0.0,30689597.0,30643796.660714287,2483027968.0,1.4447824427928107,1343.1752897339816,33011168.0,144965632.0,199035102.0
test,l1config-55_l2config-85,33,32.0,2.0,2.0,16.0,8.0,12.5,7.976390543824381,12.463110224725597,46.05583147353618,0.0,98.56585873343826,34078720.0,4194304.0,38273024.0,545259520.0,67108864.0,612368384.0,16.0,16.0,545496436.0,250637740.0,796134176.0,17423624.0,0.0,0.0,0.0,30694100.0,30643083.44642857,2483027968.0,1.4445706143431079,1343.1375318567214,33012096.0,144965632.0,199027083.0
test,l1config-55_l2config-85,34,32.0,2.0,2.0,16.0,8.0,12.5,7.976413462380924,12.463146034970194,46.0579003533727,0.0,98.54023704144039,34078720.0,4194304.0,38273024.0,545259520.0,67108864.0,612368384.0,16.0,16.0,545499656.0,250592228.0,796091884.0,17399024.0,0.0,0.0,0.0,30702501.0,30657901.625,2483027968.0,1.444175259980724,1343.1206066008288,33012512.0,144965632.0,199028449.0
test,l1config-55_l2config-85,35,32.0,2.0,2.0,16.0,8.0,12.5,7.976402621312151,12.463129095800236,46.056965439168785,0.0,98.5031381056586,34078720.0,4194304.0,38273024.0,545259520.0,67108864.0,612368384.0,16.0,16.0,545496088.0,250628436.0,796124524.0,17433152.0,0.0,0.0,0.0,30696761.0,30639780.35714286,2483027968.0,1.4444455187011285,1343.6520027135339,32999456.0,144965632.0,199025065.0
test,l1config-55_l2config-85,36,32.0,2.0,2.0,16.0,8.0,12.5,7.976434692651994,12.463179207268741,46.05568645183929,0.0,98.53715467430949,34078720.0,4194304.0,38273024.0,545259520.0,67108864.0,612368384.0,16.0,16.0,545499840.0,250669216.0,796169056.0,17410680.0,0.0,0.0,0.0,30687487.0,30645972.035714287,2483027968.0,1.4448818062171487,1343.0984742175078,33013056.0,144965632.0,199029765.0
test,l1config-55_l2config-85,37,32.0,2.0,2.0,16.0,8.0,12.5,7.976422240346975,12.463159750542149,46.05757334575895,0.0,98.52929830555901,34078720.0,4194304.0,38273024.0,545259520.0,67108864.0,612368384.0,16.0,16.0,545500372.0,250581320.0,796081692.0,17409180.0,0.0,0.0,0.0,30694566.0,30644008.67857143,2483027968.0,1.444548436022187,1342.9487743081916,33016736.0,144965632.0,199034020.0
test,l1config-55_l2config-85,38,32.0,2.0,2.0,16.0,8.0,12.5,7.976388103225092,12.463106411289205,46.05889413123671,0.0,98.52402621203998,34078720.0,4194304.0,38273024.0,545259520.0,67108864.0,612368384.0,16.0,16.0,545495364.0,250632868.0,796128232.0,17408080.0,0.0,0.0,0.0,30696258.0,30655378.92857143,2483027968.0,1.4444688938104784,1343.6402762050861,32999744.0,144965632.0,199030203.0
test,l1config-55_l2config-85,39,32.0,2.0,2.0,16.0,8.0,12.5,7.976382391738935,12.463097487092085,46.058116927601716,0.0,98.56871705341693,34078720.0,4194304.0,38273024.0,545259520.0,67108864.0,612368384.0,16.0,16.0,545502332.0,250638944.0,796141276.0,17423636.0,0.0,0.0,0.0,30698578.0,30636571.14285714,2483027968.0,1.4443596243193013,1343.1987267255656,33010592.0,144965632.0,199032509.0
test,l1config-55_l2config-85,40,32.0,2.0,2.0,16.0,8.0,12.5,7.976348592338789,12.463044675529359,46.05486359586845,0.0,98.53803795219793,34078720.0,4194304.0,38273024.0,545259520.0,67108864.0,612368384.0,16.0,16.0,545501948.0,250627004.0,796128952.0,17355136.0,0.0,0.0,0.0,30692470.0,30642424.10714286,2483027968.0,1.4446474024800942,1343.194820503503,33010688.0,144965632.0,199028162.0
test,l1config-55_l2config-85,41,32.0,2.0,2.0,16.0,8.0,12.5,7.976412565323965,12.463144633318695,46.05716678310795,0.0,98.53699735530702,34078720.0,4194304.0,38273024.0,545259520.0,67108864.0,612368384.0,16.0,16.0,545498224.0,250602240.0,796100464.0,17405736.0,0.0,0.0,0.0,30690065.0,30646731.85714286,2483027968.0,1.4447607051876354,1343.292482871488,33008288.0,144965632.0,199023682.0
test,l1config-55_l2config-85,42,32.0,2.0,2.0,16.0,8.0,12.5,7.976433529745198,12.463177390226871,46.05712372244611,0.0,98.53093165655503,34078720.0,4194304.0,38273024.0,545259520.0,67108864.0,612368384.0,16.0,16.0,545497464.0,250600364.0,796097828.0,17406996.0,0.0,0.0,0.0,30698498.0,30641239.410714287,2483027968.0,1.4443636470820445,1343.1974246490204,33010624.0,144965632.0,199034290.0
test,l1config-55_l2config-85,43,32.0,2.0,2.0,16.0,8.0,12.5,7.976407106443544,12.463136103818037,46.05792055715982,0.0,98.50169176011872,34078720.0,4194304.0,38273024.0,545259520.0,67108864.0,612368384.0,16.0,16.0,545498596.0,250644584.0,796143180.0,17339980.0,0.0,0.0,0.0,30696676.0,30645907.89285714,2483027968.0,1.4444494831228671,1343.4487722035872,33004448.0,144965632.0,199022008.0
test,l1config-55_l2config-85,44,32.0,2.0,2.0,16.0,8.0,12.5,7.976430929986597,12.463173328104057,46.05671680760917,0.0,98.54282336545369,34078720.0,4194304.0,38273024.0,545259520.0,67108864.0,612368384.0,16.0,16.0,545495312.0,250642524.0,796137836.0,17402392.0,0.0,0.0,0.0,30700013.0,30652603.464285713,2483027968.0,1.4442923933909702,1343.506087404589,33003040.0,144965632.0,199031044.0
test,l1config-55_l2config-85,45,32.0,2.0,2.0,16.0,8.0,12.5,7.976405158545165,12.46313306022682,46.05479781416643,0.0,98.53271482497807,34078720.0,4194304.0,38273024.0,545259520.0,67108864.0,612368384.0,16.0,16.0,545500136.0,250627512.0,796127648.0,17411960.0,0.0,0.0,0.0,30690597.0,30638944.410714287,2483027968.0,1.4447356024217308,1343.1414377455815,33012000.0,144965632.0,199039245.0
test,l1config-55_l2config-85,46,32.0,2.0,2.0,16.0,8.0,12.5,7.976415276525724,12.463148869571445,46.05795572456927,0.0,98.52339115264793,34078720.0,4194304.0,38273024.0,545259520.0,67108864.0,612368384.0,16.0,16.0,545501168.0,250652532.0,796153700.0,17439504.0,0.0,0.0,0.0,30705814.0,30650787.910714287,2483027968.0,1.4440193115186784,1343.3771350788659,33006208.0,144965632.0,199033411.0
test,l1config-55_l2config-85,47,32.0,2.0,2.0,16.0,8.0,12.5,7.976434947365162,12.463179605258064,46.055689815649245,0.0,98.50910236046263,34078720.0,4194304.0,38273024.0,545259520.0,67108864.0,612368384.0,16.0,16.0,545497900.0,250637972.0,796135872.0,17409920.0,0.0,0.0,0.0,30694028.0,30639124.07142857,2483027968.0,1.4445742264736563,1343.21565395038,33010176.0,144965632.0,199037470.0
test,l1config-55_l2config-85,48,32.0,2.0,2.0,16.0,8.0,12.5,7.976412306377445,12.463144228714757,46.05571636714116,0.0,98.51531392187655,34078720.0,4194304.0,38273024.0,545259520.0,67108864.0,612368384.0,16.0,16.0,545497068.0,250645856.0,796142924.0,17430968.0,0.0,0.0,0.0,30697837.0,30646412.07142857,2483027968.0,1.444394877186616,1342.9709017580565,33016192.0,144965632.0,199025562.0
test,l1config-55_l2config-85,49,32.0,2.0,2.0,16.0,8.0,12.5,7.976435024721402,12.46317972612719,46.05690700766086,0.0,98.49114644380772,34078720.0,4194304.0,38273024.0,545259520.0,67108864.0,612368384.0,16.0,16.0,545497928.0,250632372.0,796130300.0,17322872.0,0.0,0.0,0.0,30693513.0,30655580.64285714,2483027968.0,1.4445980764013846,1343.3758326564052,33006240.0,144965632.0,199031202.0
test,l1config-10_l2config-55,0,32.0,2.0,1.0,16.0,4.0,6.25,3.9982280198424425,6.247231281003816,46.37915701781899,0.0,98.59598869019642,34078720.0,4194304.0,38273024.0,545259520.0,67108864.0,612368384.0,16.0,16.0,545262748.0,276349768.0,821612516.0,17211848.0,0.0,0.0,0.0,40245235.0,40116903.58928572,2483027968.0,1.1017400736420684,1024.7094641750484,43270592.0,144965632.0,205401088.0
test,l1config-10_l2config-55,1,32.0,2.0,1.0,16.0,4.0,6.25,3.9982169742023355,6.247214022191149,46.37957524315212,0.0,98.60183471734658,34078720.0,4194304.0,38273024.0,545259520.0,67108864.0,612368384.0,16.0,16.0,545263632.0,276337736.0,821601368.0,17316592.0,0.0,0.0,0.0,40239499.0,40128495.58928572,2483027968.0,1.1018971433888167,1024.0755731445977,43297376.0,144965632.0,205403004.0
test,l1config-10_l2config-55,2,32.0,2.0,1.0,16.0,4.0,6.25,3.9982174665067327,6.24721479141677,46.37973488518104,0.0,98.54249174115391,34078720.0,4194304.0,38273024.0,545259520.0,67108864.0,612368384.0,16.0,16.0,545262292.0,276352072.0,821614364.0,17411196.0,0.0,0.0,0.0,40256384.0,40138736.875,2483027968.0,1.1014350768221064,1024.567774096942,43276576.0,144965632.0,205401707.0
test,l1config-10_l2config-55,3,32.0,2.0,1.0,16.0,4.0,6.25,3.998225619083166,6.247227529817447,46.37970438913941,0.0,98.60728140299084,34078720.0,4194304.0,38273024.0,545259520.0,67108864.0,612368384.0,16.0,16.0,545263992.0,276344740.0,821608732.0,17333936.0,0.0,0.0,0.0,40279984.0,40117010.08928572,2483027968.0,1.1007897470560128,1024.7572081608866,43268576.0,144965632.0,205402027.0
test,l1config-10_l2config-55,4,32.0,2.0,1.0,16.0,4.0,6.25,3.9982147112475754,6.247210486324336,46.378994314924185,0.0,98.61299208931965,34078720.0,4194304.0,38273024.0,545259520.0,67108864.0,612368384.0,16.0,16.0,545262288.0,276359456.0,821621744.0,17400588.0,0.0,0.0,0.0,40248453.0,40133763.821428575,2483027968.0,1.1016520884317147,1024.3587202148385,43285408.0,144965632.0,205400849.0
test,l1config-10_l2config-55,5,32.0,2.0,1.0,16.0,4.0,6.25,3.9982008581180937,6.247188840809521,46.37902371955663,0.0,98.59689496043914,34078720.0,4194304.0,38273024.0,545259520.0,67108864.0,612368384.0,16.0,16.0,545262580.0,276358996.0,821621576.0,17428216.0,0.0,0.0,0.0,40242521.0,40162241.875,2483027968.0,1.101814513109644,1025.0938157935204,43254368.0,144965632.0,205401245.0
test,l1config-10_l2config-55,6,32.0,2.0,1.0,16.0,4.0,6.25,3.9982245763783313,6.247225900591142,46.37967112940621,0.0,98.56523618403773,34078720.0,4194304.0,38273024.0,545259520.0,67108864.0,612368384.0,16.0,16.0,545262468.0,276352784.0,821615252.0,17419756.0,0.0,0.0,0.0,40248934.0,40104432.696428575,2483027968.0,1.101638957209626,1024.0120001406265,43300064.0,144965632.0,205404512.0
test,l1config-10_l2config-55,7,32.0,2.0,1.0,16.0,4.0,6.25,3.9982252236089453,6.247226911888977,46.379615922893265,0.0,98.55712050695001,34078720.0,4194304.0,38273024.0,545259520.0,67108864.0,612368384.0,16.0,16.0,545262504.0,276358056.0,821620560.0,17405880.0,0.0,0.0,0.0,40225790.0,40124934.08928572,2483027968.0,1.1022726165543564,1023.9446516404518,43302912.0,144965632.0,205402785.0
test,l1config-10_l2config-55,8,32.0,2.0,1.0,16.0,4.0,6.25,3.9982116858989305,6.247205759217079,46.37932186563519,0.0,98.6107528741164,34078720.0,4194304.0,38273024.0,545259520.0,67108864.0,612368384.0,16.0,16.0,545263052.0,276347348.0,821610400.0,17394136.0,0.0,0.0,0.0,40211463.0,40152282.428571425,2483027968.0,1.1026654839736318,1024.691277160162,43271360.0,144965632.0,205400113.0
test,l1config-10_l2config-55,9,32.0,2.0,1.0,16.0,4.0,6.25,3.9982325099208578,6.24723829675134,46.379334261381274,0.0,98.57686469649985,34078720.0,4194304.0,38273024.0,545259520.0,67108864.0,612368384.0,16.0,16.0,545263016.0,276345696.0,821608712.0,17193604.0,0.0,0.0,0.0,40242330.0,40101498.071428575,2483027968.0,1.1018197220587176,1024.6374776875011,43273632.0,144965632.0,205403455.0
test,l1config-10_l2config-55,10,32.0,2.0,1.0,16.0,4.0,6.25,3.998230107501752,6.247234542971487,46.37935185770068,0.0,98.5938667599551,34078720.0,4194304.0,38273024.0,545259520.0,67108864.0,612368384.0,16.0,16.0,545264052.0,276362208.0,821626260.0,17273260.0,0.0,0.0,0.0,40217247.0,40094424.66071428,2483027968.0,1.1025068861102914,1023.7812359352266,43309824.0,144965632.0,205404223.0
test,l1config-10_l2config-55,11,32.0,2.0,1.0,16.0,4.0,6.25,3.99822326148552,6.247223846071125,46.37949274192584,0.0,98.59325593072917,34078720.0,4194304.0,38273024.0,545259520.0,67108864.0,612368384.0,16.0,16.0,545262960.0,276340488.0,821603448.0,17396392.0,0.0,0.0,0.0,40263507.0,40105668.41071428,2483027968.0,1.101240058267086,1024.9239680915894,43261536.0,144965632.0,205403953.0
test,l1config-10_l2config-55,12,32.0,2.0,1.0,16.0,4.0,6.25,3.9981994636731173,6.247186661989246,46.37924498250645,0.0,98.618744206852,34078720.0,4194304.0,38273024.0,545259520.0,67108864.0,612368384.0,16.0,16.0,545262772.0,276345176.0,821607948.0,17251500.0,0.0,0.0,0.0,40247751.0,40170491.14285714,2483027968.0,1.1016711597114108,1024.4799004770289,43280288.0,144965632.0,205402776.0
test,l1config-10_l2config-55,13,32.0,2.0,1.0,16.0,4.0,6.25,3.9982387362531284,6.247248025395513,46.378991291404496,0.0,98.5832456344017,34078720.0,4194304.0,38273024.0,545259520.0,67108864.0,612368384.0,16.0,16.0,545262248.0,276339236.0,821601484.0,17401588.0,0.0,0.0,0.0,40272472.0,40092093.03571428,2483027968.0,1.1009948853736762,1024.623839282215,43274208.0,144965632.0,205400284.0
test,l1config-10_l2config-55,14,32.0,2.0,1.0,16.0,4.0,6.25,3.9982164227657697,6.2472131605715155,46.37925400019331,0.0,98.58602021699599,34078720.0,4194304.0,38273024.0,545259520.0,67108864.0,612368384.0,16.0,16.0,545263604.0,276341208.0,821604812.0,17438580.0,0.0,0.0,0.0,40257535.0,40138315.48214286,2483027968.0,1.1014034831770054,1023.6980350179647,43313344.0,144965632.0,205403816.0
test,l1config-10_l2config-55,15,32.0,2.0,1.0,16.0,4.0,6.25,3.9982116286151363,6.247205669711151,46.379339356121925,0.0,98.6072349475666,34078720.0,4194304.0,38273024.0,545259520.0,67108864.0,612368384.0,16.0,16.0,545263616.0,276336712.0,821600328.0,17222204.0,0.0,0.0,0.0,40253474.0,40119263.51785714,2483027968.0,1.1015145922103076,1024.1656484135738,43293568.0,144965632.0,205400582.0
test,l1config-10_l2config-55,16,32.0,2.0,1.0,16.0,4.0,6.25,3.9982195372779556,6.247218026996806,46.3790813530162,0.0,98.5962428040004,34078720.0,4194304.0,38273024.0,545259520.0,67108864.0,612368384.0,16.0,16.0,545263500.0,276341824.0,821605324.0,17402008.0,0.0,0.0,0.0,40250631.0,40128833.91071428,2483027968.0,1.1015925317144386,1025.294065725903,43245920.0,144965632.0,205400785.0
test,l1config-10_l2config-55,17,32.0,2.0,1.0,16.0,4.0,6.25,3.998210748837271,6.2472042950582365,46.37960170205972,0.0,98.69368862850187,34078720.0,4194304.0,38273024.0,545259520.0,67108864.0,612368384.0,16.0,16.0,545263096.0,276346212.0,821609308.0,17222380.0,0.0,0.0,0.0,40258810.0,40133609.321428575,2483027968.0,1.1013685058798128,1024.1482376724925,43294304.0,144965632.0,205400986.0
test,l1config-10_l2config-55,18,32.0,2.0,1.0,16.0,4.0,6.25,3.9982171638340978,6.247214318490777,46.3793388286531,0.0,98.5825110996722,34078720.0,4194304.0,38273024.0,545259520.0,67108864.0,612368384.0,16.0,16.0,545263512.0,276361892.0,821625404.0,17243508.0,0.0,0.0,0.0,40229313.0,40126133.178571425,2483027968.0,1.1021762516595555,1023.6208971592866,43316608.0,144965632.0,205402414.0
test,l1config-10_l2config-55,19,32.0,2.0,1.0,16.0,4.0,6.25,3.998239144410222,6.247248663140971,46.37861826789528,0.0,98.59955206112804,34078720.0,4194304.0,38273024.0,545259520.0,67108864.0,612368384.0,16.0,16.0,545264008.0,276356360.0,821620368.0,17444856.0,0.0,0.0,0.0,40274793.0,40086073.0,2483027968.0,1.100931552206414,1023.9681091013318,43301920.0,144965632.0,205403849.0
test,l1config-10_l2config-55,20,32.0,2.0,1.0,16.0,4.0,6.25,3.998228649084567,6.247232264194636,46.37901705149647,0.0,98.61183343650873,34078720.0,4194304.0,38273024.0,545259520.0,67108864.0,612368384.0,16.0,16.0,545263012.0,276347016.0,821610028.0,17432224.0,0.0,0.0,0.0,40227666.0,40097302.14285714,2483027968.0,1.1022212330900558,1024.54656184301,43277472.0,144965632.0,205404035.0
test,l1config-10_l2config-55,21,32.0,2.0,1.0,16.0,4.0,6.25,3.998223700275283,6.247224531680129,46.37951194996226,0.0,98.5997465543121,34078720.0,4194304.0,38273024.0,545259520.0,67108864.0,612368384.0,16.0,16.0,545263320.0,276358136.0,821621456.0,17409908.0,0.0,0.0,0.0,40251826.0,40144809.625,2483027968.0,1.101559615432772,1024.9398889226331,43260864.0,144965632.0,205404815.0
test,l1config-10_l2config-55,22,32.0,2.0,1.0,16.0,4.0,6.25,3.9982355947763337,6.247243116838021,46.379132067133064,0.0,98.60088490914559,34078720.0,4194304.0,38273024.0,545259520.0,67108864.0,612368384.0,16.0,16.0,545263588.0,276341456.0,821605044.0,17131464.0,0.0,0.0,0.0,40280365.0,40116715.76785714,2483027968.0,1.1007791368834896,1023.8251109554977,43307968.0,144965632.0,205396890.0
test,l1config-10_l2config-55,23,32.0,2.0,1.0,16.0,4.0,6.25,3.9982121152770254,6.247206430120352,46.37953084511055,0.0,98.58402230716557,34078720.0,4194304.0,38273024.0,545259520.0,67108864.0,612368384.0,16.0,16.0,545263588.0,276359064.0,821622652.0,17395484.0,0.0,0.0,0.0,40272539.0,40151597.946428575,2483027968.0,1.1009930468527303,1024.6579359762043,43272768.0,144965632.0,205403672.0
test,l1config-10_l2config-55,24,32.0,2.0,1.0,16.0,4.0,6.25,3.998235005467644,6.247242196043193,46.379460259576476,0.0,98.57870441356775,34078720.0,4194304.0,38273024.0,545259520.0,67108864.0,612368384.0,16.0,16.0,545262720.0,276347748.0,821610468.0,17412228.0,0.0,0.0,0.0,40253698.0,40099375.53571428,2483027968.0,1.1015084283995749,1024.0710319539692,43297568.0,144965632.0,205404255.0
test,l1config-10_l2config-55,25,32.0,2.0,1.0,16.0,4.0,6.25,3.9982315315290813,6.247236768014189,46.379174108994256,0.0,98.61428777935515,34078720.0,4194304.0,38273024.0,545259520.0,67108864.0,612368384.0,16.0,16.0,545262744.0,276348436.0,821611180.0,17428844.0,0.0,0.0,0.0,40236226.0,40098073.41071428,2483027968.0,1.101986927420566,1025.2068260251458,43249600.0,144965632.0,205404285.0
test,l1config-10_l2config-55,26,32.0,2.0,1.0,16.0,4.0,6.25,3.998251151010908,6.247267423454543,46.37935694168816,0.0,98.5946760668949,34078720.0,4194304.0,38273024.0,545259520.0,67108864.0,612368384.0,16.0,16.0,545262716.0,276347092.0,821609808.0,17402492.0,0.0,0.0,0.0,40267459.0,40113077.071428575,2483027968.0,1.1011319442366634,1024.610201239991,43274784.0,144965632.0,205399799.0
test,l1config-10_l2config-55,27,32.0,2.0,1.0,16.0,4.0,6.25,3.9982064334388165,6.247197552248151,46.37903193208137,0.0,98.58743952399182,34078720.0,4194304.0,38273024.0,545259520.0,67108864.0,612368384.0,16.0,16.0,545263324.0,276342572.0,821605896.0,17156544.0,0.0,0.0,0.0,40237296.0,40134915.76785714,2483027968.0,1.101957575182228,1024.972490262879,43259488.0,144965632.0,205402982.0
test,l1config-10_l2config-55,28,32.0,2.0,1.0,16.0,4.0,6.25,3.998225003125892,6.247226567384207,46.37952853890395,0.0,98.61369240703314,34078720.0,4194304.0,38273024.0,545259520.0,67108864.0,612368384.0,16.0,16.0,545263252.0,276358044.0,821621296.0,17257320.0,0.0,0.0,0.0,40250794.0,40128682.33928572,2483027968.0,1.101587927011276,1023.5513318064126,43319552.0,144965632.0,205401702.0
test,l1config-10_l2config-55,29,32.0,2.0,1.0,16.0,4.0,6.25,3.998224665886349,6.247226040447421,46.37955136204081,0.0,98.5874939109132,34078720.0,4194304.0,38273024.0,545259520.0,67108864.0,612368384.0,16.0,16.0,545262424.0,276350152.0,821612576.0,17294972.0,0.0,0.0,0.0,40283144.0,40117156.875,2483027968.0,1.1007033890640887,1024.9573265908307,43260128.0,144965632.0,205406501.0
test,l1config-10_l2config-55,30,32.0,2.0,1.0,16.0,4.0,6.25,3.998200986634355,6.2471890416161795,46.37936669298412,0.0,98.62090201505664,34078720.0,4194304.0,38273024.0,545259520.0,67108864.0,612368384.0,16.0,16.0,545263220.0,276349120.0,821612340.0,17393752.0,0.0,0.0,0.0,40261390.0,40149209.375,2483027968.0,1.1012979219757972,1024.777671231082,43267712.0,144965632.0,205401595.0
test,l1config-10_l2config-55,31,32.0,2.0,1.0,16.0,4.0,6.25,3.9982235723347395,6.2472243317730305,46.37964062403434,0.0,98.58721023879649,34078720.0,4194304.0,38273024.0,545259520.0,67108864.0,612368384.0,16.0,16.0,545263040.0,276366064.0,821629104.0,17416832.0,0.0,0.0,0.0,40270097.0,40133092.446428575,2483027968.0,1.1010598184898102,1024.761755439194,43268384.0,144965632.0,205402954.0
test,l1config-10_l2config-55,32,32.0,2.0,1.0,16.0,4.0,6.25,3.9982243080001925,6.2472254812503,46.379775245233965,0.0,98.59990807158213,34078720.0,4194304.0,38273024.0,545259520.0,67108864.0,612368384.0,16.0,16.0,545263460.0,276343124.0,821606584.0,17430272.0,0.0,0.0,0.0,40270658.0,40119429.5,2483027968.0,1.1010446234542213,1024.7928295877553,43267072.0,144965632.0,205402617.0
test,l1config-10_l2config-55,33,32.0,2.0,1.0,16.0,4.0,6.25,3.9982301246283574,6.247234569731808,46.3791396129673,0.0,98.54804011471529,34078720.0,4194304.0,38273024.0,545259520.0,67108864.0,612368384.0,16.0,16.0,545263720.0,276360452.0,821624172.0,17429272.0,0.0,0.0,0.0,40220586.0,40104397.66071428,2483027968.0,1.1024154070399805,1024.7769133250194,43267744.0,144965632.0,205404409.0
test,l1config-10_l2config-55,34,32.0,2.0,1.0,16.0,4.0,6.25,3.9982246405242865,6.2472260008191975,46.37963961692713,0.0,98.61643993080465,34078720.0,4194304.0,38273024.0,545259520.0,67108864.0,612368384.0,16.0,16.0,545263792.0,276355976.0,821619768.0,17399332.0,0.0,0.0,0.0,40244474.0,40127104.78571428,2483027968.0,1.1017610711787789,1023.9575152762349,43302368.0,144965632.0,205405868.0
test,l1config-10_l2config-55,35,32.0,2.0,1.0,16.0,4.0,6.25,3.9982302759731607,6.247234806208064,46.37908212372698,0.0,98.6123993445157,34078720.0,4194304.0,38273024.0,545259520.0,67108864.0,612368384.0,16.0,16.0,545263276.0,276346668.0,821609944.0,17411116.0,0.0,0.0,0.0,40253970.0,40110652.64285714,2483027968.0,1.1015010332859412,1024.6579359762043,43272768.0,144965632.0,205403216.0
test,l1config-10_l2config-55,36,32.0,2.0,1.0,16.0,4.0,6.25,3.998228159865536,6.2472314997899,46.37961976379442,0.0,98.5911666856285,34078720.0,4194304.0,38273024.0,545259520.0,67108864.0,612368384.0,16.0,16.0,545262060.0,276355956.0,821618016.0,17402244.0,0.0,0.0,0.0,40252491.0,40122150.03571428,2483027968.0,1.1015414374024528,1024.4723258706795,43280608.0,144965632.0,205400057.0
test,l1config-10_l2config-55,37,32.0,2.0,1.0,16.0,4.0,6.25,3.9982274738952395,6.247230427961312,46.37927867581992,0.0,98.63967841783555,34078720.0,4194304.0,38273024.0,545259520.0,67108864.0,612368384.0,16.0,16.0,545262932.0,276353592.0,821616524.0,17383236.0,0.0,0.0,0.0,40229377.0,40108718.178571425,2483027968.0,1.1021744982321222,1024.4783855467983,43280352.0,144965632.0,205403568.0
test,l1config-10_l2config-55,38,32.0,2.0,1.0,16.0,4.0,6.25,3.998215801494018,6.247212189834403,46.37903006905753,0.0,98.55138707978172,34078720.0,4194304.0,38273024.0,545259520.0,67108864.0,612368384.0,16.0,16.0,545263128.0,276356420.0,821619548.0,17389388.0,0.0,0.0,0.0,40259426.0,40121256.39285714,2483027968.0,1.1013516814558346,1024.3920419290532,43284000.0,144965632.0,205403556.0
test,l1config-10_l2config-55,39,32.0,2.0,1.0,16.0,4.0,6.25,3.9982342230051735,6.247240973445583,46.379560501921546,0.0,98.59601520226084,34078720.0,4194304.0,38273024.0,545259520.0,67108864.0,612368384.0,16.0,16.0,545263264.0,276341784.0,821605048.0,17249588.0,0.0,0.0,0.0,40248711.0,40102439.03571428,2483027968.0,1.1016450403684337,1023.9824867860156,43301312.0,144965632.0,205406408.0
test,l1config-10_l2config-55,40,32.0,2.0,1.0,16.0,4.0,6.25,3.998220589382004,6.247219670909381,46.3790068908746,0.0,98.65140882477044,34078720.0,4194304.0,38273024.0,545259520.0,67108864.0,612368384.0,16.0,16.0,545263716.0,276346584.0,821610300.0,17431116.0,0.0,0.0,0.0,40226594.0,40108143.91071428,2483027968.0,1.102250729531055,1024.7238626863632,43269984.0,144965632.0,205402535.0
test,l1config-10_l2config-55,41,32.0,2.0,1.0,16.0,4.0,6.25,3.9982173919599164,6.24721467493737,46.37926067881143,0.0,98.58070421970886,34078720.0,4194304.0,38273024.0,545259520.0,67108864.0,612368384.0,16.0,16.0,545263360.0,276347852.0,821611212.0,17425948.0,0.0,0.0,0.0,40247536.0,40141045.25,2483027968.0,1.1016771611082359,1023.8894173486118,43305248.0,144965632.0,205403658.0
test,l1config-10_l2config-55,42,32.0,2.0,1.0,16.0,4.0,6.25,3.9982074634513634,6.247199161642755,46.37981587956483,0.0,98.59777563918979,34078720.0,4194304.0,38273024.0,545259520.0,67108864.0,612368384.0,16.0,16.0,545262508.0,276352592.0,821615100.0,17312576.0,0.0,0.0,0.0,40245306.0,40136938.14285714,2483027968.0,1.1017382600071197,1024.1020642259955,43296256.0,144965632.0,205402166.0
test,l1config-10_l2config-55,43,32.0,2.0,1.0,16.0,4.0,6.25,3.998218364864419,6.247216195100655,46.37962968769068,0.0,98.59725461341729,34078720.0,4194304.0,38273024.0,545259520.0,67108864.0,612368384.0,16.0,16.0,545262448.0,276343576.0,821606024.0,17407644.0,0.0,0.0,0.0,40278302.0,40129829.53571428,2483027968.0,1.1008356949480662,1024.565501313436,43276672.0,144965632.0,205403490.0
test,l1config-10_l2config-55,44,32.0,2.0,1.0,16.0,4.0,6.25,3.9982426103792346,6.247254078717554,46.379691991354406,0.0,98.58290990593333,34078720.0,4194304.0,38273024.0,545259520.0,67108864.0,612368384.0,16.0,16.0,545263576.0,276357460.0,821621036.0,17299548.0,0.0,0.0,0.0,40230068.0,40090670.696428575,2483027968.0,1.1021555807487522,1025.0536235302673,43256064.0,144965632.0,205403104.0
test,l1config-10_l2config-55,45,32.0,2.0,1.0,16.0,4.0,6.25,3.9982149709785535,6.24721089215399,46.37938445732814,0.0,98.61971690373454,34078720.0,4194304.0,38273024.0,545259520.0,67108864.0,612368384.0,16.0,16.0,545263712.0,276357328.0,821621040.0,17398868.0,0.0,0.0,0.0,40248255.0,40129479.60714286,2483027968.0,1.101657507974717,1024.863321837515,43264096.0,144965632.0,205402570.0
test,l1config-10_l2config-55,46,32.0,2.0,1.0,16.0,4.0,6.25,3.9982164109152016,6.247213142055003,46.37910552605405,0.0,98.59111658292137,34078720.0,4194304.0,38273024.0,545259520.0,67108864.0,612368384.0,16.0,16.0,545262528.0,276347452.0,821609980.0,17428816.0,0.0,0.0,0.0,40251410.0,40113119.125,2483027968.0,1.1015709864138894,1024.7178001059651,43270240.0,144965632.0,205404581.0
test,l1config-10_l2config-55,47,32.0,2.0,1.0,16.0,4.0,6.25,3.9982125626352936,6.247207129117646,46.37952443652458,0.0,98.60182202647884,34078720.0,4194304.0,38273024.0,545259520.0,67108864.0,612368384.0,16.0,16.0,545264060.0,276346688.0,821610748.0,17205084.0,0.0,0.0,0.0,40281089.0,40142585.446428575,2483027968.0,1.1007594337959756,1024.4927775648846,43279744.0,144965632.0,205401496.0
test,l1config-10_l2config-55,48,32.0,2.0,1.0,16.0,4.0,6.25,3.998227870870893,6.24723104823577,46.378957141596864,0.0,98.57229437837883,34078720.0,4194304.0,38273024.0,545259520.0,67108864.0,612368384.0,16.0,16.0,545263128.0,276346996.0,821610124.0,17343168.0,0.0,0.0,0.0,40266548.0,40113833.51785714,2483027968.0,1.1011570205891132,1024.598836482133,43275264.0,144965632.0,205401981.0
test,l1config-10_l2config-55,49,32.0,2.0,1.0,16.0,4.0,6.25,3.9982240358101184,6.24722505595331,46.37890603484373,0.0,98.58822914171951,34078720.0,4194304.0,38273024.0,545259520.0,67108864.0,612368384.0,16.0,16.0,545262920.0,276344360.0,821607280.0,17404528.0,0.0,0.0,0.0,40233751.0,40149458.196428575,2483027968.0,1.1020546756445158,1024.7238626863634,43269984.0,144965632.0,205404729.0
test,l1config-55_l2config-70,0,32.0,2.0,2.0,16.0,8.0,12.5,7.976384827651588,12.463101293205606,46.05784283852041,0.0,98.54303389144373,34078720.0,4194304.0,38273024.0,545259520.0,67108864.0,612368384.0,16.0,16.0,545496200.0,250612188.0,796108388.0,17159420.0,0.0,0.0,0.0,30702463.0,30654540.19642857,2483027968.0,1.4441773178836925,1343.6884864932633,32998560.0,144965632.0,199033355.0
test,l1config-55_l2config-70,1,32.0,2.0,2.0,16.0,8.0,12.5,7.976391889228219,12.463112326919092,46.057406918230036,0.0,98.54385452564684,34078720.0,4194304.0,38273024.0,545259520.0,67108864.0,612368384.0,16.0,16.0,545498640.0,250655508.0,796154148.0,17421396.0,0.0,0.0,0.0,30704254.0,30652832.464285713,2483027968.0,1.4440925959283506,1343.3393658528005,33007136.0,144965632.0,199039422.0
test,l1config-55_l2config-70,2,32.0,2.0,2.0,16.0,8.0,12.5,7.976421829311445,12.463159108299132,46.05751750478462,0.0,98.54862183366758,34078720.0,4194304.0,38273024.0,545259520.0,67108864.0,612368384.0,16.0,16.0,545496392.0,250631128.0,796127520.0,17357704.0,0.0,0.0,0.0,30693656.0,30636305.30357143,2483027968.0,1.4445912872692557,1343.1870081275365,33010880.0,144965632.0,199036303.0
test,l1config-55_l2config-70,3,32.0,2.0,2.0,16.0,8.0,12.5,7.976416379641483,12.463150593189818,46.05762688910799,0.0,98.53832926525111,34078720.0,4194304.0,38273024.0,545259520.0,67108864.0,612368384.0,16.0,16.0,545498284.0,250646968.0,796145252.0,17207772.0,0.0,0.0,0.0,30699242.0,30648982.35714286,2483027968.0,1.4443283957391402,1342.8576689615434,33018976.0,144965632.0,199043866.0
test,l1config-55_l2config-70,4,32.0,2.0,2.0,16.0,8.0,12.5,7.976429668093979,12.463171356396842,46.05654617804166,0.0,98.50473987742686,34078720.0,4194304.0,38273024.0,545259520.0,67108864.0,612368384.0,16.0,16.0,545497368.0,250623648.0,796121016.0,17439612.0,0.0,0.0,0.0,30695236.0,30641636.214285713,2483027968.0,1.4445172698669555,1343.2547184052216,33009216.0,144965632.0,199030271.0
test,l1config-55_l2config-70,5,32.0,2.0,2.0,16.0,8.0,12.5,7.976438014943943,12.463184398349911,46.05854264496176,0.0,98.54253185028574,34078720.0,4194304.0,38273024.0,545259520.0,67108864.0,612368384.0,16.0,16.0,545495940.0,250641572.0,796137512.0,17405900.0,0.0,0.0,0.0,30712117.0,30646067.25,2483027968.0,1.4437230164201218,1343.4201164368865,33005152.0,144965632.0,199028127.0
test,l1config-55_l2config-70,6,32.0,2.0,2.0,16.0,8.0,12.5,7.976445330615503,12.463195829086724,46.057662699783535,0.0,98.54289432279482,34078720.0,4194304.0,38273024.0,545259520.0,67108864.0,612368384.0,16.0,16.0,545497332.0,250663672.0,796161004.0,17406864.0,0.0,0.0,0.0,30702056.0,30646945.910714287,2483027968.0,1.4441960979891846,1343.566013071171,33001568.0,144965632.0,199042128.0
test,l1config-55_l2config-70,7,32.0,2.0,2.0,16.0,8.0,12.5,7.976422083906797,12.463159506104372,46.057896617581704,0.0,98.54998615155434,34078720.0,4194304.0,38273024.0,545259520.0,67108864.0,612368384.0,16.0,16.0,545498508.0,250627756.0,796126264.0,17392068.0,0.0,0.0,0.0,30699894.0,30641499.92857143,2483027968.0,1.44429795652452,1343.4175114278041,33005216.0,144965632.0,199039248.0
test,l1config-55_l2config-70,8,32.0,2.0,2.0,16.0,8.0,12.5,7.976448482980371,12.46320075465683,46.05695861718904,0.0,98.49155501011809,34078720.0,4194304.0,38273024.0,545259520.0,67108864.0,612368384.0,16.0,16.0,545494740.0,250696964.0,796191704.0,17322360.0,0.0,0.0,0.0,30704771.0,30656062.839285713,2483027968.0,1.4440684217151991,1343.3615061760129,33006592.0,144965632.0,199030864.0
test,l1config-55_l2config-70,9,32.0,2.0,2.0,16.0,8.0,12.5,7.97640879661454,12.463138744710218,46.05824439078446,0.0,98.53927304556451,34078720.0,4194304.0,38273024.0,545259520.0,67108864.0,612368384.0,16.0,16.0,545497572.0,250685136.0,796182708.0,17405964.0,0.0,0.0,0.0,30697723.0,30641599.85714286,2483027968.0,1.4444001705585285,1343.3055055935931,33007968.0,144965632.0,199035059.0
test,l1config-55_l2config-70,10,32.0,2.0,2.0,16.0,8.0,12.5,7.976405545831009,12.463133665360951,46.05641826666119,0.0,98.50578408151148,34078720.0,4194304.0,38273024.0,545259520.0,67108864.0,612368384.0,16.0,16.0,545500836.0,250631304.0,796132140.0,17452432.0,0.0,0.0,0.0,30704901.0,30646464.714285713,2483027968.0,1.4440625781674394,1343.2833671162498,33008512.0,144965632.0,199030287.0
test,l1config-55_l2config-70,11,32.0,2.0,2.0,16.0,8.0,12.5,7.976371418834132,12.46308034192833,46.05614394944656,0.0,98.51036038779523,34078720.0,4194304.0,38273024.0,545259520.0,67108864.0,612368384.0,16.0,16.0,545501004.0,250648204.0,796149208.0,17399748.0,0.0,0.0,0.0,30700157.0,30650138.51785714,2483027968.0,1.444285407190936,1342.9344569350617,33017088.0,144965632.0,199048618.0
test,l1config-55_l2config-70,12,32.0,2.0,2.0,16.0,8.0,12.5,7.9763630867045885,12.46306732297592,46.05735922619172,0.0,98.4942013580784,34078720.0,4194304.0,38273024.0,545259520.0,67108864.0,612368384.0,16.0,16.0,545500092.0,250616084.0,796116176.0,17407696.0,0.0,0.0,0.0,30702254.0,30645739.125,2483027968.0,1.444186819591738,1343.3354588126972,33007232.0,144965632.0,199034682.0
test,l1config-55_l2config-70,13,32.0,2.0,2.0,16.0,8.0,12.5,7.976414923206879,12.463148317510749,46.057015266732606,0.0,98.51310916050573,34078720.0,4194304.0,38273024.0,545259520.0,67108864.0,612368384.0,16.0,16.0,545497140.0,250626020.0,796123160.0,17413668.0,0.0,0.0,0.0,30692640.0,30643977.875,2483027968.0,1.4446392832135984,1343.0568152393505,33014080.0,144965632.0,199038948.0
test,l1config-55_l2config-70,14,32.0,2.0,2.0,16.0,8.0,12.5,7.976416925617193,12.463151446276864,46.05800021601881,0.0,98.55957894026186,34078720.0,4194304.0,38273024.0,545259520.0,67108864.0,612368384.0,16.0,16.0,545500128.0,250654384.0,796154512.0,17407672.0,0.0,0.0,0.0,30694323.0,30652004.410714287,2483027968.0,1.444560342813265,1343.0659279199965,33013856.0,144965632.0,199039137.0
test,l1config-55_l2config-70,15,32.0,2.0,2.0,16.0,8.0,12.5,7.976378436089622,12.463091306390034,46.05833538348477,0.0,98.53570296482738,34078720.0,4194304.0,38273024.0,545259520.0,67108864.0,612368384.0,16.0,16.0,545500332.0,250640952.0,796141284.0,17420728.0,0.0,0.0,0.0,30708281.0,30658309.375,2483027968.0,1.4439033626310411,1343.4839423153903,33003584.0,144965632.0,199035648.0
test,l1config-55_l2config-70,16,32.0,2.0,2.0,16.0,8.0,12.5,7.976384676074267,12.463101056366042,46.05717426293553,0.0,98.55690423320308,34078720.0,4194304.0,38273024.0,545259520.0,67108864.0,612368384.0,16.0,16.0,545498292.0,250652776.0,796151068.0,17404008.0,0.0,0.0,0.0,30695522.0,30653455.69642857,2483027968.0,1.444503869657202,1343.4774291927954,33003744.0,144965632.0,199041016.0
test,l1config-55_l2config-70,17,32.0,2.0,2.0,16.0,8.0,12.5,7.976455278849219,12.463211373201904,46.05799001030639,0.0,98.53838165708302,34078720.0,4194304.0,38273024.0,545259520.0,67108864.0,612368384.0,16.0,16.0,545499764.0,250662440.0,796162204.0,17318784.0,0.0,0.0,0.0,30695998.0,30636008.85714286,2483027968.0,1.4444812110446188,1343.3237378287474,33007520.0,144965632.0,199039897.0
test,l1config-55_l2config-70,18,32.0,2.0,2.0,16.0,8.0,12.5,7.976402145619881,12.463128352531063,46.057952661681966,0.0,98.47559065919847,34078720.0,4194304.0,38273024.0,545259520.0,67108864.0,612368384.0,16.0,16.0,545496104.0,250643500.0,796139604.0,17437184.0,0.0,0.0,0.0,30708334.0,30641298.19642857,2483027968.0,1.4439008470651544,1343.5959779091975,33000832.0,144965632.0,199038525.0
test,l1config-55_l2config-70,19,32.0,2.0,2.0,16.0,8.0,12.5,7.976450481579482,12.46320387746794,46.056729758756475,0.0,98.53519526388449,34078720.0,4194304.0,38273024.0,545259520.0,67108864.0,612368384.0,16.0,16.0,545497264.0,250621668.0,796118932.0,17372272.0,0.0,0.0,0.0,30695801.0,30646839.92857143,2483027968.0,1.4444903402858855,1343.2950873957093,33008224.0,144965632.0,199029879.0
test,l1config-55_l2config-70,20,32.0,2.0,2.0,16.0,8.0,12.5,7.9764107019442205,12.463141721787844,46.05678872170715,0.0,98.48911751078973,34078720.0,4194304.0,38273024.0,545259520.0,67108864.0,612368384.0,16.0,16.0,545496608.0,250691680.0,796188288.0,17395180.0,0.0,0.0,0.0,30696886.0,30650138.39285714,2483027968.0,1.4444394956450588,1342.8628746483569,33018848.0,144965632.0,199034682.0
test,l1config-55_l2config-70,21,32.0,2.0,2.0,16.0,8.0,12.5,7.97640028190254,12.46312544047272,46.05761459804447,0.0,98.50706428520454,34078720.0,4194304.0,38273024.0,545259520.0,67108864.0,612368384.0,16.0,16.0,545496568.0,250657220.0,796153788.0,17431988.0,0.0,0.0,0.0,30700195.0,30638602.964285713,2483027968.0,1.4442836430096966,1342.8290384054947,33019680.0,144965632.0,199033158.0
test,l1config-55_l2config-70,22,32.0,2.0,2.0,16.0,8.0,12.5,7.976458977514591,12.463217152366548,46.05688603141904,0.0,98.53978045199582,34078720.0,4194304.0,38273024.0,545259520.0,67108864.0,612368384.0,16.0,16.0,545497764.0,250681320.0,796179084.0,17441896.0,0.0,0.0,0.0,30687827.0,30651149.214285713,2483027968.0,1.444865833230967,1343.0828517978478,33013440.0,144965632.0,199039777.0
test,l1config-55_l2config-70,23,32.0,2.0,2.0,16.0,8.0,12.5,7.976375218577491,12.46308627902733,46.058059900536065,0.0,98.53577550668953,34078720.0,4194304.0,38273024.0,545259520.0,67108864.0,612368384.0,16.0,16.0,545497856.0,250667648.0,796165504.0,17246624.0,0.0,0.0,0.0,30705788.0,30652989.57142857,2483027968.0,1.4440205577500136,1343.3289471296957,33007392.0,144965632.0,199043975.0
test,l1config-55_l2config-70,24,32.0,2.0,2.0,16.0,8.0,12.5,7.976431797843445,12.463174684130383,46.05663499171303,0.0,98.5429237757441,34078720.0,4194304.0,38273024.0,545259520.0,67108864.0,612368384.0,16.0,16.0,545497692.0,250625768.0,796123460.0,17396436.0,0.0,0.0,0.0,30689449.0,30646699.410714287,2483027968.0,1.4447894691104377,1343.0802480965708,33013504.0,144965632.0,199036337.0
test,l1config-55_l2config-70,25,32.0,2.0,2.0,16.0,8.0,12.5,7.976377707239898,12.46309016756234,46.05863395842139,0.0,98.54219156707154,34078720.0,4194304.0,38273024.0,545259520.0,67108864.0,612368384.0,16.0,16.0,545495764.0,250609396.0,796105160.0,17438612.0,0.0,0.0,0.0,30700079.0,30651565.339285713,2483027968.0,1.4442891472694168,1343.2807626374777,33008576.0,144965632.0,199034571.0
test,l1config-55_l2config-70,26,32.0,2.0,2.0,16.0,8.0,12.5,7.976396302889907,12.46311922326548,46.05738312914832,0.0,98.54524902740404,34078720.0,4194304.0,38273024.0,545259520.0,67108864.0,612368384.0,16.0,16.0,545493892.0,250631840.0,796125732.0,17394312.0,0.0,0.0,0.0,30708712.0,30650010.80357143,2483027968.0,1.4438831678213329,1343.5803439139072,33001216.0,144965632.0,199038199.0
test,l1config-55_l2config-70,27,32.0,2.0,2.0,16.0,8.0,12.5,7.976394069903057,12.463115734223527,46.05594091408483,0.0,98.54311044186692,34078720.0,4194304.0,38273024.0,545259520.0,67108864.0,612368384.0,16.0,16.0,545499272.0,250680984.0,796180256.0,17404584.0,0.0,0.0,0.0,30698663.0,30639584.625,2483027968.0,1.444355648628431,1343.1831019736328,33010976.0,144965632.0,199034769.0
test,l1config-55_l2config-70,28,32.0,2.0,2.0,16.0,8.0,12.5,7.976418058872397,12.463153216988122,46.057382635112816,0.0,98.54984480721083,34078720.0,4194304.0,38273024.0,545259520.0,67108864.0,612368384.0,16.0,16.0,545500084.0,250622084.0,796122168.0,17408616.0,0.0,0.0,0.0,30702812.0,30644837.339285713,2483027968.0,1.4441604197341062,1343.44095687325,33004640.0,144965632.0,199043112.0
test,l1config-55_l2config-70,29,32.0,2.0,2.0,16.0,8.0,12.5,7.976405365879263,12.463133384186348,46.057138973375594,0.0,98.48717866733506,34078720.0,4194304.0,38273024.0,545259520.0,67108864.0,612368384.0,16.0,16.0,545499036.0,250642020.0,796141056.0,17426704.0,0.0,0.0,0.0,30683450.0,30644458.48214286,2483027968.0,1.4450722144560504,1343.344575274958,33007008.0,144965632.0,199026638.0
test,l1config-55_l2config-70,30,32.0,2.0,2.0,16.0,8.0,12.5,7.976453969334728,12.463209327085513,46.056393041908905,0.0,98.53704411774716,34078720.0,4194304.0,38273024.0,545259520.0,67108864.0,612368384.0,16.0,16.0,545496340.0,250628900.0,796125240.0,17437752.0,0.0,0.0,0.0,30692760.0,30647372.14285714,2483027968.0,1.444633752750994,1343.3628085706944,33006560.0,144965632.0,199042131.0
test,l1config-55_l2config-70,31,32.0,2.0,2.0,16.0,8.0,12.5,7.9764072685338965,12.463136357084213,46.05798869427964,0.0,98.52582121774786,34078720.0,4194304.0,38273024.0,545259520.0,67108864.0,612368384.0,16.0,16.0,545496896.0,250637456.0,796134352.0,17409496.0,0.0,0.0,0.0,30685865.0,30643249.82142857,2483027968.0,1.444958356681931,1343.2807626374777,33008576.0,144965632.0,199031488.0
test,l1config-55_l2config-70,32,32.0,2.0,2.0,16.0,8.0,12.5,7.976439056553846,12.463186025865385,46.05662641220465,0.0,98.53648496609765,34078720.0,4194304.0,38273024.0,545259520.0,67108864.0,612368384.0,16.0,16.0,545499888.0,250656028.0,796155916.0,17412820.0,0.0,0.0,0.0,30695709.0,30638572.69642857,2483027968.0,1.4444949873022408,1343.5425632606518,33002144.0,144965632.0,199049664.0
test,l1config-55_l2config-70,33,32.0,2.0,2.0,16.0,8.0,12.5,7.976380311995,12.463094237492188,46.0583516674576,0.0,98.52227550391203,34078720.0,4194304.0,38273024.0,545259520.0,67108864.0,612368384.0,16.0,16.0,545497932.0,250644264.0,796142196.0,17403908.0,0.0,0.0,0.0,30695609.0,30643828.92857143,2483027968.0,1.444499622583784,1343.740609615615,32997280.0,144965632.0,199041300.0
test,l1config-55_l2config-70,34,32.0,2.0,2.0,16.0,8.0,12.5,7.9764054382920255,12.46313349733129,46.057736687252316,0.0,98.53825212811898,34078720.0,4194304.0,38273024.0,545259520.0,67108864.0,612368384.0,16.0,16.0,545498712.0,250668236.0,796166948.0,17359648.0,0.0,0.0,0.0,30690876.0,30632800.42857143,2483027968.0,1.4447224217593697,1343.0450991173643,33014368.0,144965632.0,199038321.0
test,l1config-55_l2config-70,35,32.0,2.0,2.0,16.0,8.0,12.5,7.976410400964182,12.463141251506535,46.05497067030993,0.0,98.54052588005024,34078720.0,4194304.0,38273024.0,545259520.0,67108864.0,612368384.0,16.0,16.0,545498164.0,250645584.0,796143748.0,17427664.0,0.0,0.0,0.0,30696734.0,30655125.0,2483027968.0,1.444446812723636,1343.3393658528005,33007136.0,144965632.0,199036767.0
test,l1config-55_l2config-70,36,32.0,2.0,2.0,16.0,8.0,12.5,7.976352484489744,12.463050757015225,46.057027931110184,0.0,98.52855627738288,34078720.0,4194304.0,38273024.0,545259520.0,67108864.0,612368384.0,16.0,16.0,545497328.0,250626664.0,796123992.0,17438604.0,0.0,0.0,0.0,30686078.0,30643507.60714286,2483027968.0,1.4449484563419985,1343.1870081275367,33010880.0,144965632.0,199039562.0
test,l1config-55_l2config-70,37,32.0,2.0,2.0,16.0,8.0,12.5,7.976397719639356,12.463121436936493,46.05664618915289,0.0,98.52017352984079,34078720.0,4194304.0,38273024.0,545259520.0,67108864.0,612368384.0,16.0,16.0,545496000.0,250648220.0,796144220.0,17456212.0,0.0,0.0,0.0,30693741.0,30647050.82142857,2483027968.0,1.4445876162226587,1343.2898783573667,33008352.0,144965632.0,199033122.0
test,l1config-55_l2config-70,38,32.0,2.0,2.0,16.0,8.0,12.5,7.976403935156223,12.4631311486816,46.05703060686108,0.0,98.48913713997581,34078720.0,4194304.0,38273024.0,545259520.0,67108864.0,612368384.0,16.0,16.0,545497972.0,250675628.0,796173600.0,17294276.0,0.0,0.0,0.0,30696127.0,30639017.76785714,2483027968.0,1.4444750465191352,1343.2403945079543,33009568.0,144965632.0,199029778.0
test,l1config-55_l2config-70,39,32.0,2.0,2.0,16.0,8.0,12.5,7.976391743610742,12.463112099391784,46.05737165999135,0.0,98.50948155451913,34078720.0,4194304.0,38273024.0,545259520.0,67108864.0,612368384.0,16.0,16.0,545494420.0,250645208.0,796139628.0,17430184.0,0.0,0.0,0.0,30695523.0,30651588.98214286,2483027968.0,1.44450369318551,1343.569921452508,33001472.0,144965632.0,199038496.0
test,l1config-55_l2config-70,40,32.0,2.0,2.0,16.0,8.0,12.5,7.976417412235288,12.463152206617638,46.05834876443187,0.0,98.50328250437535,34078720.0,4194304.0,38273024.0,545259520.0,67108864.0,612368384.0,16.0,16.0,545496604.0,250682384.0,796178988.0,17260288.0,0.0,0.0,0.0,30697131.0,30648675.14285714,2483027968.0,1.4444282143138607,1343.4500747674838,33004416.0,144965632.0,199023252.0
test,l1config-55_l2config-70,41,32.0,2.0,2.0,16.0,8.0,12.5,7.976401731846532,12.463127706010207,46.05766065235423,0.0,98.54860018262035,34078720.0,4194304.0,38273024.0,545259520.0,67108864.0,612368384.0,16.0,16.0,545500124.0,250649288.0,796149412.0,17433208.0,0.0,0.0,0.0,30689795.0,30645081.76785714,2483027968.0,1.4447734863965565,1342.8550661332715,33019040.0,144965632.0,199041825.0
test,l1config-55_l2config-70,42,32.0,2.0,2.0,16.0,8.0,12.5,7.976417422191783,12.463152222174662,46.05652308652432,0.0,98.53941541151072,34078720.0,4194304.0,38273024.0,545259520.0,67108864.0,612368384.0,16.0,16.0,545496708.0,250627436.0,796124144.0,17404148.0,0.0,0.0,0.0,30700310.0,30643508.714285713,2483027968.0,1.444278115269722,1343.2325816018395,33009760.0,144965632.0,199033106.0
test,l1config-55_l2config-70,43,32.0,2.0,2.0,16.0,8.0,12.5,7.976423137771549,12.463161152768047,46.05705919099223,0.0,98.50904786534193,34078720.0,4194304.0,38273024.0,545259520.0,67108864.0,612368384.0,16.0,16.0,545502824.0,250644592.0,796147416.0,17404596.0,0.0,0.0,0.0,30695308.0,30641588.05357143,2483027968.0,1.4445135521367838,1343.0177622943102,33015040.0,144965632.0,199031771.0
test,l1config-55_l2config-70,44,32.0,2.0,2.0,16.0,8.0,12.5,7.976406978343707,12.463135903662042,46.05482029848452,0.0,98.48799236594517,34078720.0,4194304.0,38273024.0,545259520.0,67108864.0,612368384.0,16.0,16.0,545500760.0,250608300.0,796109060.0,17446004.0,0.0,0.0,0.0,30706481.0,30653376.92857143,2483027968.0,1.4439879800886686,1343.5868580343954,33001056.0,144965632.0,199041200.0
test,l1config-55_l2config-70,45,32.0,2.0,2.0,16.0,8.0,12.5,7.9764350855634625,12.46317982119291,46.05724780255812,0.0,98.51353477453614,34078720.0,4194304.0,38273024.0,545259520.0,67108864.0,612368384.0,16.0,16.0,545499516.0,250629192.0,796128708.0,17421648.0,0.0,0.0,0.0,30701591.0,30643521.589285713,2483027968.0,1.4442181949315966,1343.460495369588,33004160.0,144965632.0,199040914.0
test,l1config-55_l2config-70,46,32.0,2.0,2.0,16.0,8.0,12.5,7.976416907812728,12.463151418457388,46.058630306900994,0.0,98.53347363995569,34078720.0,4194304.0,38273024.0,545259520.0,67108864.0,612368384.0,16.0,16.0,545496576.0,250642528.0,796139104.0,17403064.0,0.0,0.0,0.0,30700048.0,30644389.57142857,2483027968.0,1.4442908173736109,1342.911029164787,33017664.0,144965632.0,199034552.0
test,l1config-55_l2config-70,47,32.0,2.0,2.0,16.0,8.0,12.5,7.976419277394271,12.463155120928548,46.057177755008375,0.0,98.53089642151063,34078720.0,4194304.0,38273024.0,545259520.0,67108864.0,612368384.0,16.0,16.0,545500348.0,250661992.0,796162340.0,17429688.0,0.0,0.0,0.0,30707745.0,30648559.44642857,2483027968.0,1.4439285893044735,1342.8030116866566,33020320.0,144965632.0,199038220.0
test,l1config-55_l2config-70,48,32.0,2.0,2.0,16.0,8.0,12.5,7.976378852955893,12.463091957743583,46.05631073048054,0.0,98.53107390523462,34078720.0,4194304.0,38273024.0,545259520.0,67108864.0,612368384.0,16.0,16.0,545497264.0,250665380.0,796162644.0,17417676.0,0.0,0.0,0.0,30707456.0,30639985.67857143,2483027968.0,1.4439423432675347,1343.3120170493337,33007808.0,144965632.0,199055408.0
test,l1config-55_l2config-70,49,32.0,2.0,2.0,16.0,8.0,12.5,7.976397042517418,12.463120378933466,46.05637662333963,0.0,98.54891707820147,34078720.0,4194304.0,38273024.0,545259520.0,67108864.0,612368384.0,16.0,16.0,545499104.0,250641284.0,796140388.0,17425972.0,0.0,0.0,0.0,30692515.0,30646923.64285714,2483027968.0,1.4446451431967744,1343.296389661607,33008192.0,144965632.0,199044479.0
test,l1config-70_l2config-25,0,32.0,2.0,2.0,16.0,8.0,12.5,7.976810920123329,12.463767062692702,45.52350804409965,0.0,98.5543657629813,34078720.0,4194304.0,38273024.0,545259520.0,67108864.0,612368384.0,16.0,16.0,546806144.0,250774812.0,797580956.0,17088364.0,0.0,0.0,0.0,30659891.0,30618854.875,2483027968.0,1.4461828767238711,1344.589482252823,32976448.0,144965632.0,199388593.0
test,l1config-70_l2config-25,1,32.0,2.0,2.0,16.0,8.0,12.5,7.9768544969769035,12.463835151526412,45.52608980091322,0.0,98.45688036013166,34078720.0,4194304.0,38273024.0,545259520.0,67108864.0,612368384.0,16.0,16.0,546798744.0,250702556.0,797501300.0,17087704.0,0.0,0.0,0.0,30657918.0,30615526.01785714,2483027968.0,1.4462752976794782,1344.1799075251017,32986496.0,144965632.0,199387231.0
test,l1config-70_l2config-25,2,32.0,2.0,2.0,16.0,8.0,12.5,7.976879460162715,12.463874156504243,45.524282888162084,0.0,98.53518412443779,34078720.0,4194304.0,38273024.0,545259520.0,67108864.0,612368384.0,16.0,16.0,546799484.0,250731148.0,797530632.0,17087636.0,0.0,0.0,0.0,30668371.0,30616598.51785714,2483027968.0,1.4457831980806644,1344.8517933038654,32970016.0,144965632.0,199395711.0
test,l1config-70_l2config-25,3,32.0,2.0,2.0,16.0,8.0,12.5,7.976889976480507,12.463890588250791,45.52265165456879,0.0,98.54075516321278,34078720.0,4194304.0,38273024.0,545259520.0,67108864.0,612368384.0,16.0,16.0,546804232.0,250779984.0,797584216.0,17111824.0,0.0,0.0,0.0,30665637.0,30616008.589285713,2483027968.0,1.44591196754695,1344.453799287695,32979776.0,144965632.0,199383744.0
test,l1config-70_l2config-25,4,32.0,2.0,2.0,16.0,8.0,12.5,7.976869104620436,12.46385797596943,45.527391819547084,0.0,98.55700547868713,34078720.0,4194304.0,38273024.0,545259520.0,67108864.0,612368384.0,16.0,16.0,546806516.0,250757236.0,797563752.0,17083992.0,0.0,0.0,0.0,30669391.0,30614766.64285714,2483027968.0,1.445734878616116,1344.4472767581215,32979936.0,144965632.0,199382456.0
test,l1config-70_l2config-25,5,32.0,2.0,2.0,16.0,8.0,12.5,7.9768778765337975,12.463871682084058,45.52790930927447,0.0,98.50274819753288,34078720.0,4194304.0,38273024.0,545259520.0,67108864.0,612368384.0,16.0,16.0,546803956.0,250741604.0,797545560.0,17090684.0,0.0,0.0,0.0,30674277.0,30616053.910714287,2483027968.0,1.4455044627715683,1344.2320687806666,32985216.0,144965632.0,199384400.0
test,l1config-70_l2config-25,6,32.0,2.0,2.0,16.0,8.0,12.5,7.97687004971952,12.46385945268675,45.52329007621545,0.0,98.51412458584366,34078720.0,4194304.0,38273024.0,545259520.0,67108864.0,612368384.0,16.0,16.0,546806896.0,250743000.0,797549896.0,17084560.0,0.0,0.0,0.0,30673118.0,30608817.57142857,2483027968.0,1.4455595060976896,1344.4446677640128,32980000.0,144965632.0,199390293.0
test,l1config-70_l2config-25,7,32.0,2.0,2.0,16.0,8.0,12.5,7.97687544114584,12.463867876790374,45.52522495509767,0.0,98.57566724782838,34078720.0,4194304.0,38273024.0,545259520.0,67108864.0,612368384.0,16.0,16.0,546800276.0,250759832.0,797560108.0,17098496.0,0.0,0.0,0.0,30666606.0,30617279.05357143,2483027968.0,1.4458662443935406,1344.3129267276518,32983232.0,144965632.0,199397284.0
test,l1config-70_l2config-25,8,32.0,2.0,2.0,16.0,8.0,12.5,7.976876580584203,12.463869657162817,45.52776506115217,0.0,98.56547827174835,34078720.0,4194304.0,38273024.0,545259520.0,67108864.0,612368384.0,16.0,16.0,546807380.0,250752764.0,797560144.0,17097208.0,0.0,0.0,0.0,30669179.0,30612120.125,2483027968.0,1.4457446836706436,1344.4368408424407,32980192.0,144965632.0,199392570.0
test,l1config-70_l2config-25,9,32.0,2.0,2.0,16.0,8.0,12.5,7.976893502107693,12.46389609704327,45.522056750650265,0.0,98.53276089046001,34078720.0,4194304.0,38273024.0,545259520.0,67108864.0,612368384.0,16.0,16.0,546802864.0,250725952.0,797528816.0,17084316.0,0.0,0.0,0.0,30669233.0,30611260.910714287,2483027968.0,1.4457424327389126,1344.2229402687105,32985440.0,144965632.0,199383973.0
test,l1config-70_l2config-25,10,32.0,2.0,2.0,16.0,8.0,12.5,7.9768856269818444,12.463883792159132,45.52334222743718,0.0,98.53607476442777,34078720.0,4194304.0,38273024.0,545259520.0,67108864.0,612368384.0,16.0,16.0,546809632.0,250702596.0,797512228.0,17092384.0,0.0,0.0,0.0,30665621.0,30611706.07142857,2483027968.0,1.4459125215704076,1343.7575505010761,32996864.0,144965632.0,199389257.0
test,l1config-70_l2config-25,11,32.0,2.0,2.0,16.0,8.0,12.5,7.976879665017703,12.463874476590162,45.52324818219852,0.0,98.5399138754983,34078720.0,4194304.0,38273024.0,545259520.0,67108864.0,612368384.0,16.0,16.0,546814264.0,250736196.0,797550460.0,17087884.0,0.0,0.0,0.0,30663338.0,30610048.339285713,2483027968.0,1.446020057310388,1344.7708705221746,32972000.0,144965632.0,199394504.0
test,l1config-70_l2config-25,12,32.0,2.0,2.0,16.0,8.0,12.5,7.976897248245845,12.463901950384134,45.52660571747648,0.0,98.54765380286757,34078720.0,4194304.0,38273024.0,545259520.0,67108864.0,612368384.0,16.0,16.0,546815176.0,250747444.0,797562620.0,17113256.0,0.0,0.0,0.0,30669327.0,30612281.0,2483027968.0,1.4457379426813692,1344.5477307313654,32977472.0,144965632.0,199392001.0
test,l1config-70_l2config-25,13,32.0,2.0,2.0,16.0,8.0,12.5,7.976833028128923,12.463801606451442,45.5239406431594,0.0,98.54152809372142,34078720.0,4194304.0,38273024.0,545259520.0,67108864.0,612368384.0,16.0,16.0,546811500.0,250769124.0,797580624.0,17085704.0,0.0,0.0,0.0,30685834.0,30609988.82142857,2483027968.0,1.4449602755506694,1344.6625536550598,32974656.0,144965632.0,199392551.0
test,l1config-70_l2config-25,14,32.0,2.0,2.0,16.0,8.0,12.5,7.976793762331467,12.463740253642918,45.524812178969164,0.0,98.54097946165896,34078720.0,4194304.0,38273024.0,545259520.0,67108864.0,612368384.0,16.0,16.0,546799844.0,250736172.0,797536016.0,17083952.0,0.0,0.0,0.0,30651779.0,30614368.92857143,2483027968.0,1.4465655269581594,1344.1577402172834,32987040.0,144965632.0,199393452.0
test,l1config-70_l2config-25,15,32.0,2.0,2.0,16.0,8.0,12.5,7.976873465006016,12.4638647890719,45.52379119682199,0.0,98.54926814672571,34078720.0,4194304.0,38273024.0,545259520.0,67108864.0,612368384.0,16.0,16.0,546801424.0,250776588.0,797578012.0,17121616.0,0.0,0.0,0.0,30666678.0,30616336.85714286,2483027968.0,1.445862826176516,1344.712142344176,32973440.0,144965632.0,199394395.0
test,l1config-70_l2config-25,16,32.0,2.0,2.0,16.0,8.0,12.5,7.976886004507054,12.463884382042272,45.52320754660112,0.0,98.53225151031876,34078720.0,4194304.0,38273024.0,545259520.0,67108864.0,612368384.0,16.0,16.0,546804348.0,250755696.0,797560044.0,17084024.0,0.0,0.0,0.0,30668805.0,30620849.55357143,2483027968.0,1.4457623024621988,1344.3064055648715,32983392.0,144965632.0,199386050.0
test,l1config-70_l2config-25,17,32.0,2.0,2.0,16.0,8.0,12.5,7.97686356530592,12.4638493207905,45.5230148257501,0.0,98.53789482271918,34078720.0,4194304.0,38273024.0,545259520.0,67108864.0,612368384.0,16.0,16.0,546801028.0,250712976.0,797514004.0,17085444.0,0.0,0.0,0.0,30679310.0,30607744.05357143,2483027968.0,1.445267183546363,1344.4668445367058,32979456.0,144965632.0,199382628.0
test,l1config-70_l2config-25,18,32.0,2.0,2.0,16.0,8.0,12.5,7.9768656778696085,12.463852621671263,45.52647315759951,0.0,98.53852074818721,34078720.0,4194304.0,38273024.0,545259520.0,67108864.0,612368384.0,16.0,16.0,546807020.0,250755176.0,797562196.0,17098412.0,0.0,0.0,0.0,30668074.0,30618261.05357143,2483027968.0,1.4457970345416946,1344.5164187918194,32978240.0,144965632.0,199394776.0
test,l1config-70_l2config-25,19,32.0,2.0,2.0,16.0,8.0,12.5,7.976847783304696,12.463824661413588,45.52489216448091,0.0,98.53894542426059,34078720.0,4194304.0,38273024.0,545259520.0,67108864.0,612368384.0,16.0,16.0,546812516.0,250730792.0,797543308.0,17089296.0,0.0,0.0,0.0,30669297.0,30612998.964285713,2483027968.0,1.4457390740318226,1345.1794995973887,32961984.0,144965632.0,199383552.0
test,l1config-70_l2config-25,20,32.0,2.0,2.0,16.0,8.0,12.5,7.976869544611266,12.463858663455103,45.52517105668084,0.0,98.53582839611107,34078720.0,4194304.0,38273024.0,545259520.0,67108864.0,612368384.0,16.0,16.0,546804816.0,250722260.0,797527076.0,17085408.0,0.0,0.0,0.0,30671271.0,30610207.35714286,2483027968.0,1.4456463209580124,1344.4551038012041,32979744.0,144965632.0,199384336.0
test,l1config-70_l2config-25,21,32.0,2.0,2.0,16.0,8.0,12.5,7.976863393103968,12.46384905172495,45.526866449184695,0.0,98.53785760115952,34078720.0,4194304.0,38273024.0,545259520.0,67108864.0,612368384.0,16.0,16.0,546817128.0,250766420.0,797583548.0,17088788.0,0.0,0.0,0.0,30659109.0,30613070.214285713,2483027968.0,1.4462195630212764,1343.9387143656631,32992416.0,144965632.0,199396491.0
test,l1config-70_l2config-25,22,32.0,2.0,2.0,16.0,8.0,12.5,7.97687209332498,12.463862645820281,45.526740205573205,0.0,98.53798517811956,34078720.0,4194304.0,38273024.0,545259520.0,67108864.0,612368384.0,16.0,16.0,546807584.0,250800788.0,797608372.0,17091784.0,0.0,0.0,0.0,30677022.0,30613142.07142857,2483027968.0,1.4453753653891632,1344.1473087960023,32987296.0,144965632.0,199395284.0
test,l1config-70_l2config-25,23,32.0,2.0,2.0,16.0,8.0,12.5,7.976886939938696,12.463885843654213,45.52031112260591,0.0,98.54360769330691,34078720.0,4194304.0,38273024.0,545259520.0,67108864.0,612368384.0,16.0,16.0,546800040.0,250764424.0,797564464.0,17088496.0,0.0,0.0,0.0,30652655.0,30620424.660714287,2483027968.0,1.4465239152433405,1344.6964823630142,32973824.0,144965632.0,199396480.0
test,l1config-70_l2config-25,24,32.0,2.0,2.0,16.0,8.0,12.5,7.976892119481322,12.463893936689566,45.52769680866967,0.0,98.51027660015136,34078720.0,4194304.0,38273024.0,545259520.0,67108864.0,612368384.0,16.0,16.0,546806244.0,250771776.0,797578020.0,17084540.0,0.0,0.0,0.0,30672702.0,30611889.839285713,2483027968.0,1.4455791351470264,1344.6012253354284,32976160.0,144965632.0,199398958.0
test,l1config-70_l2config-25,25,32.0,2.0,2.0,16.0,8.0,12.5,7.976827258163358,12.463792590880248,45.52908798689738,0.0,98.5423788756808,34078720.0,4194304.0,38273024.0,545259520.0,67108864.0,612368384.0,16.0,16.0,546798116.0,250712548.0,797510664.0,17109860.0,0.0,0.0,0.0,30670801.0,30620169.625,2483027968.0,1.4456680970049345,1344.5659967029512,32977024.0,144965632.0,199398217.0
test,l1config-70_l2config-25,26,32.0,2.0,2.0,16.0,8.0,12.5,7.9769045903032305,12.463913422348798,45.52501057529366,0.0,98.54009291662686,34078720.0,4194304.0,38273024.0,545259520.0,67108864.0,612368384.0,16.0,16.0,546809220.0,250728324.0,797537544.0,17088884.0,0.0,0.0,0.0,30676686.0,30615638.5,2483027968.0,1.4453912200715007,1344.5568636551218,32977248.0,144965632.0,199384603.0
test,l1config-70_l2config-25,27,32.0,2.0,2.0,16.0,8.0,12.5,7.976841943971282,12.463815537455128,45.527505853579754,0.0,98.53738562518734,34078720.0,4194304.0,38273024.0,545259520.0,67108864.0,612368384.0,16.0,16.0,546804752.0,250748852.0,797553604.0,17092420.0,0.0,0.0,0.0,30666135.0,30611855.785714287,2483027968.0,1.4458880152791758,1344.4955449756603,32978752.0,144965632.0,199392422.0
test,l1config-70_l2config-25,28,32.0,2.0,2.0,16.0,8.0,12.5,7.976891517913153,12.463892996739302,45.52411916822292,0.0,98.52311989254261,34078720.0,4194304.0,38273024.0,545259520.0,67108864.0,612368384.0,16.0,16.0,546804280.0,250757636.0,797561916.0,17090076.0,0.0,0.0,0.0,30665386.0,30613216.464285713,2483027968.0,1.4459237907354363,1344.4159694971079,32980704.0,144965632.0,199399818.0
test,l1config-70_l2config-25,29,32.0,2.0,2.0,16.0,8.0,12.5,7.976891896935665,12.463893588961977,45.52439850803102,0.0,98.53263374639248,34078720.0,4194304.0,38273024.0,545259520.0,67108864.0,612368384.0,16.0,16.0,546811048.0,250753144.0,797564192.0,17084192.0,0.0,0.0,0.0,30669875.0,30615183.75,2483027968.0,1.4457119574630335,1344.8243828838858,32970688.0,144965632.0,199395131.0
test,l1config-70_l2config-25,30,32.0,2.0,2.0,16.0,8.0,12.5,7.976862784607483,12.46384810094919,45.52510325423276,0.0,98.54345579246478,34078720.0,4194304.0,38273024.0,545259520.0,67108864.0,612368384.0,16.0,16.0,546817516.0,250765152.0,797582668.0,17087620.0,0.0,0.0,0.0,30680144.0,30609460.410714287,2483027968.0,1.4452284728682427,1344.4277095491198,32980416.0,144965632.0,199373999.0
test,l1config-70_l2config-25,31,32.0,2.0,2.0,16.0,8.0,12.5,7.976859131380115,12.46384239278143,45.524317979675985,0.0,98.53469086183048,34078720.0,4194304.0,38273024.0,545259520.0,67108864.0,612368384.0,16.0,16.0,546791800.0,250775344.0,797567144.0,17087160.0,0.0,0.0,0.0,30675720.0,30617851.48214286,2483027968.0,1.4454367953858052,1344.620797595596,32975680.0,144965632.0,199390072.0
test,l1config-70_l2config-25,32,32.0,2.0,2.0,16.0,8.0,12.5,7.976888753956479,12.463888678056998,45.5277690237161,0.0,98.53885766972465,34078720.0,4194304.0,38273024.0,545259520.0,67108864.0,612368384.0,16.0,16.0,546818604.0,250765304.0,797583908.0,17083784.0,0.0,0.0,0.0,30665466.0,30616622.07142857,2483027968.0,1.4459197946411257,1344.4524947767175,32979808.0,144965632.0,199385221.0
test,l1config-70_l2config-25,33,32.0,2.0,2.0,16.0,8.0,12.5,7.976822823077067,12.463785661057917,45.52752658318538,0.0,98.5371341026789,34078720.0,4194304.0,38273024.0,545259520.0,67108864.0,612368384.0,16.0,16.0,546806168.0,250741860.0,797548028.0,17083592.0,0.0,0.0,0.0,30673195.0,30622233.714285713,2483027968.0,1.4455555709262562,1344.2098997524126,32985760.0,144965632.0,199389821.0
test,l1config-70_l2config-25,34,32.0,2.0,2.0,16.0,8.0,12.5,7.976841288979859,12.46381451403103,45.52617512340812,0.0,98.50222005492483,34078720.0,4194304.0,38273024.0,545259520.0,67108864.0,612368384.0,16.0,16.0,546802736.0,250767168.0,797569904.0,17099504.0,0.0,0.0,0.0,30660589.0,30610502.67857143,2483027968.0,1.4461499891760707,1344.8335195663958,32970464.0,144965632.0,199398655.0
test,l1config-70_l2config-25,35,32.0,2.0,2.0,16.0,8.0,12.5,7.976875592016374,12.463868112525585,45.52807823106576,0.0,98.53243425530052,34078720.0,4194304.0,38273024.0,545259520.0,67108864.0,612368384.0,16.0,16.0,546796844.0,250782576.0,797579420.0,17088828.0,0.0,0.0,0.0,30663208.0,30611786.0,2483027968.0,1.4460263882948177,1344.6886525092102,32974016.0,144965632.0,199400923.0
test,l1config-70_l2config-25,36,32.0,2.0,2.0,16.0,8.0,12.5,7.97689601433015,12.46390002239086,45.52174590602261,0.0,98.5435311539564,34078720.0,4194304.0,38273024.0,545259520.0,67108864.0,612368384.0,16.0,16.0,546808672.0,250747380.0,797556052.0,17084688.0,0.0,0.0,0.0,30669558.0,30609508.375,2483027968.0,1.4457270417390786,1344.8687622190487,32969600.0,144965632.0,199402227.0
test,l1config-70_l2config-25,37,32.0,2.0,2.0,16.0,8.0,12.5,7.976867437918232,12.463855371747238,45.52209787724661,0.0,98.50451479774428,34078720.0,4194304.0,38273024.0,545259520.0,67108864.0,612368384.0,16.0,16.0,546814500.0,250766172.0,797580672.0,17090452.0,0.0,0.0,0.0,30667069.0,30621168.07142857,2483027968.0,1.4458444505902526,1344.7108373318144,32973472.0,144965632.0,199384304.0
test,l1config-70_l2config-25,38,32.0,2.0,2.0,16.0,8.0,12.5,7.976871933690972,12.463862396392143,45.52642967210298,0.0,98.54027510576189,34078720.0,4194304.0,38273024.0,545259520.0,67108864.0,612368384.0,16.0,16.0,546809740.0,250756852.0,797566592.0,17088500.0,0.0,0.0,0.0,30665883.0,30616785.089285713,2483027968.0,1.4459004746028956,1344.3142309677999,32983200.0,144965632.0,199395270.0
test,l1config-70_l2config-25,39,32.0,2.0,2.0,16.0,8.0,12.5,7.976874105092122,12.46386578920644,45.52457367558956,0.0,98.54749166521093,34078720.0,4194304.0,38273024.0,545259520.0,67108864.0,612368384.0,16.0,16.0,546803632.0,250723476.0,797527108.0,17083064.0,0.0,0.0,0.0,30669800.0,30615893.19642857,2483027968.0,1.4457153985357933,1344.6273218089402,32975520.0,144965632.0,199381749.0
test,l1config-70_l2config-25,40,32.0,2.0,2.0,16.0,8.0,12.5,7.976838153356851,12.463809614620079,45.52416966166661,0.0,98.53408315182975,34078720.0,4194304.0,38273024.0,545259520.0,67108864.0,612368384.0,16.0,16.0,546801656.0,250772168.0,797573824.0,17089312.0,0.0,0.0,0.0,30658127.0,30615147.75,2483027968.0,1.4462659453727846,1344.8178567581017,32970848.0,144965632.0,199389396.0
test,l1config-70_l2config-25,41,32.0,2.0,2.0,16.0,8.0,12.5,7.976866038783808,12.463853185599701,45.52808338785397,0.0,98.54109959921851,34078720.0,4194304.0,38273024.0,545259520.0,67108864.0,612368384.0,16.0,16.0,546797796.0,250750088.0,797547884.0,17094496.0,0.0,0.0,0.0,30671064.0,30618391.375,2483027968.0,1.445656030542913,1344.3377077232285,32982624.0,144965632.0,199395625.0
test,l1config-70_l2config-25,42,32.0,2.0,2.0,16.0,8.0,12.5,7.9769002929072075,12.463906707667512,45.52748556341648,0.0,98.5490678509932,34078720.0,4194304.0,38273024.0,545259520.0,67108864.0,612368384.0,16.0,16.0,546810284.0,250772756.0,797583040.0,17087544.0,0.0,0.0,0.0,30664372.0,30617534.17857143,2483027968.0,1.4459714744499619,1344.807415088592,32971104.0,144965632.0,199391420.0
test,l1config-70_l2config-25,43,32.0,2.0,2.0,16.0,8.0,12.5,7.976898979621254,12.463904655658208,45.52578099505839,0.0,98.53145754729657,34078720.0,4194304.0,38273024.0,545259520.0,67108864.0,612368384.0,16.0,16.0,546797632.0,250768424.0,797566056.0,17086264.0,0.0,0.0,0.0,30673546.0,30612741.76785714,2483027968.0,1.4455389586123268,1344.366402649001,32981920.0,144965632.0,199398607.0
test,l1config-70_l2config-25,44,32.0,2.0,2.0,16.0,8.0,12.5,7.97688669112102,12.463885454876594,45.52396403700708,0.0,98.53521472608867,34078720.0,4194304.0,38273024.0,545259520.0,67108864.0,612368384.0,16.0,16.0,546794660.0,250750484.0,797545144.0,17108796.0,0.0,0.0,0.0,30663329.0,30619248.26785714,2483027968.0,1.4460203520477253,1343.8344414269961,32994976.0,144965632.0,199391019.0
test,l1config-70_l2config-25,45,32.0,2.0,2.0,16.0,8.0,12.5,7.976839401895775,12.46381156546215,45.52296092233579,0.0,98.51964632734932,34078720.0,4194304.0,38273024.0,545259520.0,67108864.0,612368384.0,16.0,16.0,546803408.0,250715636.0,797519044.0,17086724.0,0.0,0.0,0.0,30663581.0,30627299.35714286,2483027968.0,1.4460085390693496,1344.535988583128,32977760.0,144965632.0,199384980.0
test,l1config-70_l2config-25,46,32.0,2.0,2.0,16.0,8.0,12.5,7.976856210197558,12.463837828433684,45.5253562783683,0.0,98.52570953655041,34078720.0,4194304.0,38273024.0,545259520.0,67108864.0,612368384.0,16.0,16.0,546801528.0,250724424.0,797525952.0,17084892.0,0.0,0.0,0.0,30665366.0,30615732.23214286,2483027968.0,1.4459246984059537,1344.669078273619,32974496.0,144965632.0,199390410.0
test,l1config-70_l2config-25,47,32.0,2.0,2.0,16.0,8.0,12.5,7.9768777386180565,12.463871466590714,45.52628571369181,0.0,98.55522815777431,34078720.0,4194304.0,38273024.0,545259520.0,67108864.0,612368384.0,16.0,16.0,546811408.0,250730336.0,797541744.0,17086616.0,0.0,0.0,0.0,30671995.0,30615940.80357143,2483027968.0,1.4456122441752028,1344.1512205600095,32987200.0,144965632.0,199375585.0
test,l1config-70_l2config-25,48,32.0,2.0,2.0,16.0,8.0,12.5,7.976838373140687,12.463809958032323,45.52688293539988,0.0,98.53737195479302,34078720.0,4194304.0,38273024.0,545259520.0,67108864.0,612368384.0,16.0,16.0,546808692.0,250772352.0,797581044.0,17085340.0,0.0,0.0,0.0,30663768.0,30615347.285714287,2483027968.0,1.4460001569233174,1344.5072864174979,32978464.0,144965632.0,199397665.0
test,l1config-70_l2config-25,49,32.0,2.0,2.0,16.0,8.0,12.5,7.9768403603121145,12.463813062987679,45.52238292071859,0.0,98.54180777357723,34078720.0,4194304.0,38273024.0,545259520.0,67108864.0,612368384.0,16.0,16.0,546807580.0,250759340.0,797566920.0,17084216.0,0.0,0.0,0.0,30662916.0,30615827.589285713,2483027968.0,1.4460399346655883,1344.2959718360182,32983648.0,144965632.0,199389815.0
test,l1config-10_l2config-100,0,32.0,2.0,1.0,16.0,4.0,6.25,3.99822632005682,6.247228625088781,46.37985876805746,0.0,98.59566233267503,34078720.0,4194304.0,38273024.0,545259520.0,67108864.0,612368384.0,16.0,16.0,545263812.0,276350832.0,821614644.0,17422312.0,0.0,0.0,0.0,40243088.0,40109205.23214286,2483027968.0,1.101798955004406,1023.896226733777,43304960.0,144965632.0,205404217.0
test,l1config-10_l2config-100,1,32.0,2.0,1.0,16.0,4.0,6.25,3.998223393928153,6.247224053012739,46.379326103247955,0.0,98.60258036892853,34078720.0,4194304.0,38273024.0,545259520.0,67108864.0,612368384.0,16.0,16.0,545262956.0,276344872.0,821607828.0,17399216.0,0.0,0.0,0.0,40255093.0,40129685.46428572,2483027968.0,1.1014703798543506,1024.9740066547613,43259424.0,144965632.0,205401552.0
test,l1config-10_l2config-100,2,32.0,2.0,1.0,16.0,4.0,6.25,3.998237293871311,6.247245771673923,46.379791691113795,0.0,98.57950209194541,34078720.0,4194304.0,38273024.0,545259520.0,67108864.0,612368384.0,16.0,16.0,545262864.0,276356284.0,821619148.0,17421864.0,0.0,0.0,0.0,40236455.0,40088624.60714286,2483027968.0,1.1019806213844374,1024.0082162821407,43300224.0,144965632.0,205402773.0
test,l1config-10_l2config-100,3,32.0,2.0,1.0,16.0,4.0,6.25,3.998230463199062,6.2472350987485346,46.379503197113664,0.0,98.5645479531213,34078720.0,4194304.0,38273024.0,545259520.0,67108864.0,612368384.0,16.0,16.0,545263820.0,276355136.0,821618956.0,17414816.0,0.0,0.0,0.0,40251849.0,40113302.10714286,2483027968.0,1.1015591775657503,1024.817841856693,43266016.0,144965632.0,205406829.0
test,l1config-10_l2config-100,4,32.0,2.0,1.0,16.0,4.0,6.25,3.998202198899096,6.247190935779837,46.379298235357254,0.0,98.56651272105441,34078720.0,4194304.0,38273024.0,545259520.0,67108864.0,612368384.0,16.0,16.0,545263764.0,276332800.0,821596564.0,17432332.0,0.0,0.0,0.0,40242806.0,40174017.48214286,2483027968.0,1.1018066005295926,1024.4799004770287,43280288.0,144965632.0,205403151.0
test,l1config-10_l2config-100,5,32.0,2.0,1.0,16.0,4.0,6.25,3.9982194572734264,6.247217901989729,46.37969685728995,0.0,98.59123378164244,34078720.0,4194304.0,38273024.0,545259520.0,67108864.0,612368384.0,16.0,16.0,545263340.0,276338100.0,821601440.0,17415700.0,0.0,0.0,0.0,40251738.0,40139266.25,2483027968.0,1.101562051074434,1024.6011094135358,43275168.0,144965632.0,205406250.0
test,l1config-10_l2config-100,6,32.0,2.0,1.0,16.0,4.0,6.25,3.998217845109161,6.247215382983064,46.37985559534102,0.0,98.60041516281713,34078720.0,4194304.0,38273024.0,545259520.0,67108864.0,612368384.0,16.0,16.0,545263052.0,276361808.0,821624860.0,17420780.0,0.0,0.0,0.0,40234554.0,40116141.946428575,2483027968.0,1.1020326466290935,1024.2125846644267,43291584.0,144965632.0,205399776.0
test,l1config-10_l2config-100,7,32.0,2.0,1.0,16.0,4.0,6.25,3.9982137740633545,6.247209021973991,46.3794463022116,0.0,98.58009435775496,34078720.0,4194304.0,38273024.0,545259520.0,67108864.0,612368384.0,16.0,16.0,545263516.0,276357636.0,821621152.0,17430128.0,0.0,0.0,0.0,40229939.0,40134560.46428572,2483027968.0,1.1021589231098776,1025.074856786064,43255168.0,144965632.0,205406823.0
test,l1config-10_l2config-100,8,32.0,2.0,1.0,16.0,4.0,6.25,3.9982385172638124,6.247247683224707,46.3802014375294,0.0,98.61231944962809,34078720.0,4194304.0,38273024.0,545259520.0,67108864.0,612368384.0,16.0,16.0,545263924.0,276340464.0,821604388.0,17420660.0,0.0,0.0,0.0,40251427.0,40111722.75,2483027968.0,1.1015707264249357,1024.41930676228,43282848.0,144965632.0,205401308.0
test,l1config-10_l2config-100,9,32.0,2.0,1.0,16.0,4.0,6.25,3.9982317350213967,6.247237085970933,46.379565011515545,0.0,98.58646044502478,34078720.0,4194304.0,38273024.0,545259520.0,67108864.0,612368384.0,16.0,16.0,545262984.0,276341984.0,821604968.0,17224472.0,0.0,0.0,0.0,40244149.0,40094285.803571425,2483027968.0,1.1017699960586718,1024.6829416607584,43271712.0,144965632.0,205403711.0
test,l1config-10_l2config-100,10,32.0,2.0,1.0,16.0,4.0,6.25,3.998218019443304,6.247215655380162,46.379325628817,0.0,98.58400579382078,34078720.0,4194304.0,38273024.0,545259520.0,67108864.0,612368384.0,16.0,16.0,545263220.0,276355280.0,821618500.0,17406484.0,0.0,0.0,0.0,40256238.0,40125197.303571425,2483027968.0,1.101439023590121,1024.4761131598532,43280448.0,144965632.0,205403185.0
test,l1config-10_l2config-100,11,32.0,2.0,1.0,16.0,4.0,6.25,3.9982281417710994,6.247231471517343,46.379776887542086,0.0,98.59499603405325,34078720.0,4194304.0,38273024.0,545259520.0,67108864.0,612368384.0,16.0,16.0,545263016.0,276355120.0,821618136.0,17399680.0,0.0,0.0,0.0,40221729.0,40139598.875,2483027968.0,1.1023840175038033,1023.9227085370983,43303840.0,144965632.0,205405166.0
test,l1config-10_l2config-100,12,32.0,2.0,1.0,16.0,4.0,6.25,3.998216012290697,6.247212519204214,46.37937152741739,0.0,98.57477216844597,34078720.0,4194304.0,38273024.0,545259520.0,67108864.0,612368384.0,16.0,16.0,545262584.0,276352316.0,821614900.0,17322008.0,0.0,0.0,0.0,40256311.0,40140871.51785714,2483027968.0,1.1014370809832654,1024.8944021461298,43262784.0,144965632.0,205406834.0
test,l1config-10_l2config-100,13,32.0,2.0,1.0,16.0,4.0,6.25,3.998223736203545,6.247224587818039,46.37980094336727,0.0,98.56347580235658,34078720.0,4194304.0,38273024.0,545259520.0,67108864.0,612368384.0,16.0,16.0,545262556.0,276351888.0,821614444.0,17397016.0,0.0,0.0,0.0,40247272.0,40135950.446428575,2483027968.0,1.10168439434957,1025.1582816649468,43251648.0,144965632.0,205405172.0
test,l1config-10_l2config-100,14,32.0,2.0,1.0,16.0,4.0,6.25,3.9982342129476605,6.247240957730719,46.37987317451131,0.0,98.62575566662866,34078720.0,4194304.0,38273024.0,545259520.0,67108864.0,612368384.0,16.0,16.0,545263132.0,276357992.0,821621124.0,17400908.0,0.0,0.0,0.0,40242466.0,40101077.98214286,2483027968.0,1.1018159710628312,1024.5139875917478,43278848.0,144965632.0,205400317.0
test,l1config-10_l2config-100,15,32.0,2.0,1.0,16.0,4.0,6.25,3.9982007434894125,6.247188661702207,46.379485284032945,0.0,98.59174049148311,34078720.0,4194304.0,38273024.0,545259520.0,67108864.0,612368384.0,16.0,16.0,545263512.0,276342344.0,821605856.0,17289348.0,0.0,0.0,0.0,40247114.0,40163017.89285714,2483027968.0,1.1016886234788548,1024.7185579245918,43270208.0,144965632.0,205402527.0
test,l1config-10_l2config-100,16,32.0,2.0,1.0,16.0,4.0,6.25,3.9982438602815304,6.247256031689892,46.379891194795135,0.0,98.6139704174655,34078720.0,4194304.0,38273024.0,545259520.0,67108864.0,612368384.0,16.0,16.0,545263452.0,276366156.0,821629608.0,17417844.0,0.0,0.0,0.0,40247007.0,40100169.28571428,2483027968.0,1.101691689275724,1024.5488345424903,43277376.0,144965632.0,205400165.0
test,l1config-10_l2config-100,17,32.0,2.0,1.0,16.0,4.0,6.25,3.99821326149487,6.247208221085734,46.38028430894472,0.0,98.63225641431838,34078720.0,4194304.0,38273024.0,545259520.0,67108864.0,612368384.0,16.0,16.0,545262792.0,276344620.0,821607412.0,17322116.0,0.0,0.0,0.0,40247370.0,40130922.39285714,2483027968.0,1.101681684439136,1024.1648914125215,43293600.0,144965632.0,205405285.0
test,l1config-10_l2config-100,18,32.0,2.0,1.0,16.0,4.0,6.25,3.998219817763925,6.247218465256133,46.379935906526335,0.0,98.58068064359048,34078720.0,4194304.0,38273024.0,545259520.0,67108864.0,612368384.0,16.0,16.0,545263096.0,276350768.0,821613864.0,17420860.0,0.0,0.0,0.0,40267473.0,40148237.14285714,2483027968.0,1.101131581909516,1024.861805773119,43264160.0,144965632.0,205401808.0
test,l1config-10_l2config-100,19,32.0,2.0,1.0,16.0,4.0,6.25,3.998227338283537,6.247230216068027,46.38000222853695,0.0,98.60227712883851,34078720.0,4194304.0,38273024.0,545259520.0,67108864.0,612368384.0,16.0,16.0,545263812.0,276357220.0,821621032.0,17340780.0,0.0,0.0,0.0,40242239.0,40106274.35714286,2483027968.0,1.1018221656956888,1023.8500760076621,43306912.0,144965632.0,205401943.0
test,l1config-10_l2config-100,20,32.0,2.0,1.0,16.0,4.0,6.25,3.99822259647464,6.247222806991625,46.37993478539338,0.0,98.59181994774285,34078720.0,4194304.0,38273024.0,545259520.0,67108864.0,612368384.0,16.0,16.0,545263120.0,276348052.0,821611172.0,17464148.0,0.0,0.0,0.0,40252543.0,40104246.196428575,2483027968.0,1.101540199101552,1024.5950482855383,43275424.0,144965632.0,205403366.0
test,l1config-10_l2config-100,21,32.0,2.0,1.0,16.0,4.0,6.25,3.9982175396524644,6.247214905706976,46.379909931583065,0.0,98.60030860823407,34078720.0,4194304.0,38273024.0,545259520.0,67108864.0,612368384.0,16.0,16.0,545263672.0,276356684.0,821620356.0,17442368.0,0.0,0.0,0.0,40242801.0,40120467.73214286,2483027968.0,1.1018066552875416,1024.1573214635482,43293920.0,144965632.0,205407763.0
test,l1config-10_l2config-100,22,32.0,2.0,1.0,16.0,4.0,6.25,3.99822047788147,6.247219496689796,46.37986938131788,0.0,98.63045069238683,34078720.0,4194304.0,38273024.0,545259520.0,67108864.0,612368384.0,16.0,16.0,545263840.0,276356208.0,821620048.0,17397272.0,0.0,0.0,0.0,40240609.0,40120783.375,2483027968.0,1.1018667485720894,1024.5048974726985,43279232.0,144965632.0,205405301.0
test,l1config-10_l2config-100,23,32.0,2.0,1.0,16.0,4.0,6.25,3.998215857583284,6.247212277473881,46.37967798287808,0.0,98.60137339950128,34078720.0,4194304.0,38273024.0,545259520.0,67108864.0,612368384.0,16.0,16.0,545262876.0,276341808.0,821604684.0,17194756.0,0.0,0.0,0.0,40218792.0,40126801.48214286,2483027968.0,1.1024645814065637,1024.1209872661266,43295456.0,144965632.0,205403289.0
test,l1config-10_l2config-100,24,32.0,2.0,1.0,16.0,4.0,6.25,3.998237040576644,6.247245375901006,46.38000163526423,0.0,98.58764601220152,34078720.0,4194304.0,38273024.0,545259520.0,67108864.0,612368384.0,16.0,16.0,545263604.0,276349452.0,821613056.0,17422784.0,0.0,0.0,0.0,40238878.0,40086815.178571425,2483027968.0,1.1019142377871034,1024.3049556561389,43287680.0,144965632.0,205401177.0
test,l1config-10_l2config-100,25,32.0,2.0,1.0,16.0,4.0,6.25,3.9982225122514707,6.247222675392923,46.38002154887976,0.0,98.59760539337195,34078720.0,4194304.0,38273024.0,545259520.0,67108864.0,612368384.0,16.0,16.0,545263608.0,276353584.0,821617192.0,17225200.0,0.0,0.0,0.0,40225165.0,40117355.071428575,2483027968.0,1.1022898390673186,1025.2182042746106,43249120.0,144965632.0,205406762.0
test,l1config-10_l2config-100,26,32.0,2.0,1.0,16.0,4.0,6.25,3.9982179204568506,6.247215500713829,46.37986215501169,0.0,98.5576801494416,34078720.0,4194304.0,38273024.0,545259520.0,67108864.0,612368384.0,16.0,16.0,545262056.0,276346116.0,821608172.0,17399660.0,0.0,0.0,0.0,40245788.0,40118619.678571425,2483027968.0,1.1017250925120519,1023.8553717813087,43306688.0,144965632.0,205404813.0
test,l1config-10_l2config-100,27,32.0,2.0,1.0,16.0,4.0,6.25,3.998216229734223,6.247212858959723,46.37978493618686,0.0,98.5907835430104,34078720.0,4194304.0,38273024.0,545259520.0,67108864.0,612368384.0,16.0,16.0,545262964.0,276335044.0,821598008.0,17417212.0,0.0,0.0,0.0,40215160.0,40142581.26785714,2483027968.0,1.1025640468199884,1023.8251109554976,43307968.0,144965632.0,205404633.0
test,l1config-10_l2config-100,28,32.0,2.0,1.0,16.0,4.0,6.25,3.9982339808065,6.247240595010156,46.38010212581557,0.0,98.59217411066807,34078720.0,4194304.0,38273024.0,545259520.0,67108864.0,612368384.0,16.0,16.0,545262932.0,276352668.0,821615600.0,17427992.0,0.0,0.0,0.0,40261359.0,40095948.303571425,2483027968.0,1.101298940902008,1024.5420164742982,43277664.0,144965632.0,205405345.0
test,l1config-10_l2config-100,29,32.0,2.0,1.0,16.0,4.0,6.25,3.9982332074023033,6.247239386566099,46.380050761667725,0.0,98.5557273622814,34078720.0,4194304.0,38273024.0,545259520.0,67108864.0,612368384.0,16.0,16.0,545262976.0,276362576.0,821625552.0,17415540.0,0.0,0.0,0.0,40277117.0,40084966.125,2483027968.0,1.100867946168442,1024.3829539738197,43284384.0,144965632.0,205401655.0
test,l1config-10_l2config-100,30,32.0,2.0,1.0,16.0,4.0,6.25,3.998232528537646,6.247238325840072,46.3801013115373,0.0,98.60032971017118,34078720.0,4194304.0,38273024.0,545259520.0,67108864.0,612368384.0,16.0,16.0,545263584.0,276354128.0,821617712.0,17397752.0,0.0,0.0,0.0,40231254.0,40115458.76785714,2483027968.0,1.1021229047573504,1024.2822399330896,43288640.0,144965632.0,205403056.0
test,l1config-10_l2config-100,31,32.0,2.0,1.0,16.0,4.0,6.25,3.998230509108371,6.247235170481829,46.380108601001275,0.0,98.6089636579759,34078720.0,4194304.0,38273024.0,545259520.0,67108864.0,612368384.0,16.0,16.0,545263280.0,276353552.0,821616832.0,17233396.0,0.0,0.0,0.0,40226158.0,40090203.53571428,2483027968.0,1.1022625737621987,1025.4655539700263,43238688.0,144965632.0,205400489.0
test,l1config-10_l2config-100,32,32.0,2.0,1.0,16.0,4.0,6.25,3.998223873958059,6.247224803059467,46.379981379540006,0.0,98.5393793871541,34078720.0,4194304.0,38273024.0,545259520.0,67108864.0,612368384.0,16.0,16.0,545262420.0,276350032.0,821612452.0,17414740.0,0.0,0.0,0.0,40256698.0,40104437.428571425,2483027968.0,1.1014263215278268,1023.9302750182235,43303520.0,144965632.0,205401809.0
test,l1config-10_l2config-100,33,32.0,2.0,1.0,16.0,4.0,6.25,3.9982333896495956,6.247239671327494,46.37987782951976,0.0,98.59736587107795,34078720.0,4194304.0,38273024.0,545259520.0,67108864.0,612368384.0,16.0,16.0,545262672.0,276349544.0,821612216.0,17439228.0,0.0,0.0,0.0,40255424.0,40107579.053571425,2483027968.0,1.1014612888164892,1024.7867661912735,43267328.0,144965632.0,205404223.0
test,l1config-10_l2config-100,34,32.0,2.0,1.0,16.0,4.0,6.25,3.9982252180231717,6.247226903161206,46.37964477096741,0.0,98.58428452488222,34078720.0,4194304.0,38273024.0,545259520.0,67108864.0,612368384.0,16.0,16.0,545263948.0,276352196.0,821616144.0,17377504.0,0.0,0.0,0.0,40262161.0,40137163.446428575,2483027968.0,1.1012768531926238,1024.1338553328656,43294912.0,144965632.0,205403400.0
test,l1config-10_l2config-100,35,32.0,2.0,1.0,16.0,4.0,6.25,3.9982119303943398,6.247206141241156,46.37982627236573,0.0,98.55973109052196,34078720.0,4194304.0,38273024.0,545259520.0,67108864.0,612368384.0,16.0,16.0,545262768.0,276341504.0,821604272.0,17233400.0,0.0,0.0,0.0,40269380.0,40117226.21428572,2483027968.0,1.1010794503038368,1024.1414249349468,43294592.0,144965632.0,205400146.0
test,l1config-10_l2config-100,36,32.0,2.0,1.0,16.0,4.0,6.25,3.9982163674264783,6.247213074103873,46.37957443806323,0.0,98.58946641582634,34078720.0,4194304.0,38273024.0,545259520.0,67108864.0,612368384.0,16.0,16.0,545263384.0,276352216.0,821615600.0,17362000.0,0.0,0.0,0.0,40246601.0,40124355.321428575,2483027968.0,1.1017026318460974,1024.2065281322564,43291840.0,144965632.0,205404647.0
test,l1config-10_l2config-100,37,32.0,2.0,1.0,16.0,4.0,6.25,3.9982178317784056,6.247215362153759,46.37967214199637,0.0,98.59374513269987,34078720.0,4194304.0,38273024.0,545259520.0,67108864.0,612368384.0,16.0,16.0,545262664.0,276357664.0,821620328.0,17428892.0,0.0,0.0,0.0,40243020.0,40138907.678571425,2483027968.0,1.1018006593244651,1024.9975113027015,43258432.0,144965632.0,205405552.0
test,l1config-10_l2config-100,38,32.0,2.0,1.0,16.0,4.0,6.25,3.9982425188215633,6.2472539356586925,46.37937215601268,0.0,98.59038929953091,34078720.0,4194304.0,38273024.0,545259520.0,67108864.0,612368384.0,16.0,16.0,545263040.0,276353264.0,821616304.0,17331268.0,0.0,0.0,0.0,40226130.0,40095227.196428575,2483027968.0,1.1022634369145001,1024.13536924433,43294848.0,144965632.0,205404983.0
test,l1config-10_l2config-100,39,32.0,2.0,1.0,16.0,4.0,6.25,3.998226466818551,6.2472288544039865,46.379553670565436,0.0,98.59303269537328,34078720.0,4194304.0,38273024.0,545259520.0,67108864.0,612368384.0,16.0,16.0,545264272.0,276360504.0,821624776.0,17414100.0,0.0,0.0,0.0,40240217.0,40128855.71428572,2483027968.0,1.1018775850903,1023.4303711025703,43324672.0,144965632.0,205401397.0
test,l1config-10_l2config-100,40,32.0,2.0,1.0,16.0,4.0,6.25,3.9982141733964167,6.2472096459319015,46.37947489959022,0.0,98.63061584553763,34078720.0,4194304.0,38273024.0,545259520.0,67108864.0,612368384.0,16.0,16.0,545263284.0,276349052.0,821612336.0,17401372.0,0.0,0.0,0.0,40270502.0,40150034.64285714,2483027968.0,1.1010487519784011,1024.9330656487637,43261152.0,144965632.0,205401499.0
test,l1config-10_l2config-100,41,32.0,2.0,1.0,16.0,4.0,6.25,3.998218389176839,6.24721623308881,46.379465561397886,0.0,98.61530365601597,34078720.0,4194304.0,38273024.0,545259520.0,67108864.0,612368384.0,16.0,16.0,545263064.0,276358376.0,821621440.0,17395900.0,0.0,0.0,0.0,40229209.0,40117547.678571425,2483027968.0,1.1021789160580147,1025.022533564152,43257376.0,144965632.0,205402604.0
test,l1config-10_l2config-100,42,32.0,2.0,1.0,16.0,4.0,6.25,3.9982432778678656,6.24725512166854,46.37954262551398,0.0,98.58814348478849,34078720.0,4194304.0,38273024.0,545259520.0,67108864.0,612368384.0,16.0,16.0,545263620.0,276358820.0,821622440.0,17456112.0,0.0,0.0,0.0,40250114.0,40101979.946428575,2483027968.0,1.1016064692155156,1024.1679194234443,43293472.0,144965632.0,205402643.0
test,l1config-10_l2config-100,43,32.0,2.0,1.0,16.0,4.0,6.25,3.998207107062617,6.247198604785339,46.37966354538107,0.0,98.60128588158304,34078720.0,4194304.0,38273024.0,545259520.0,67108864.0,612368384.0,16.0,16.0,545262820.0,276348432.0,821611252.0,17411912.0,0.0,0.0,0.0,40256937.0,40156329.75,2483027968.0,1.1014199466667507,1024.9535357429231,43260288.0,144965632.0,205401153.0
test,l1config-10_l2config-100,44,32.0,2.0,1.0,16.0,4.0,6.25,3.998219782056108,6.247218409462669,46.379370641968585,0.0,98.62418902748975,34078720.0,4194304.0,38273024.0,545259520.0,67108864.0,612368384.0,16.0,16.0,545263468.0,276348884.0,821612352.0,17433596.0,0.0,0.0,0.0,40250664.0,40128975.03571428,2483027968.0,1.101591560139393,1025.369179622452,43242752.0,144965632.0,205397445.0
test,l1config-10_l2config-100,45,32.0,2.0,1.0,16.0,4.0,6.25,3.998229732643368,6.247233957255262,46.37954167027016,0.0,98.57968460476539,34078720.0,4194304.0,38273024.0,545259520.0,67108864.0,612368384.0,16.0,16.0,545263840.0,276345032.0,821608872.0,17403176.0,0.0,0.0,0.0,40277530.0,40095517.46428572,2483027968.0,1.1008566306945737,1024.54656184301,43277472.0,144965632.0,205403517.0
test,l1config-10_l2config-100,46,32.0,2.0,1.0,16.0,4.0,6.25,3.998215735140922,6.247212086157691,46.379847174088376,0.0,98.59690373488242,34078720.0,4194304.0,38273024.0,545259520.0,67108864.0,612368384.0,16.0,16.0,545262944.0,276343368.0,821606312.0,17394008.0,0.0,0.0,0.0,40224706.0,40132314.553571425,2483027968.0,1.1023022870181503,1024.6882460537788,43271488.0,144965632.0,205405126.0
test,l1config-10_l2config-100,47,32.0,2.0,1.0,16.0,4.0,6.25,3.998217451308911,6.247214767670173,46.37972163178529,0.0,98.58851885304502,34078720.0,4194304.0,38273024.0,545259520.0,67108864.0,612368384.0,16.0,16.0,545262528.0,276355432.0,821617960.0,17249288.0,0.0,0.0,0.0,40264593.0,40137953.875,2483027968.0,1.101210513331983,1024.9694574925757,43259616.0,144965632.0,205404372.0
test,l1config-10_l2config-100,48,32.0,2.0,1.0,16.0,4.0,6.25,3.9982441805472453,6.24725653210507,46.379526878527045,0.0,98.59420657374386,34078720.0,4194304.0,38273024.0,545259520.0,67108864.0,612368384.0,16.0,16.0,545262288.0,276355892.0,821618180.0,17399688.0,0.0,0.0,0.0,40229644.0,40104371.553571425,2483027968.0,1.102167196910684,1023.9908108932723,43300960.0,144965632.0,205403891.0
test,l1config-10_l2config-100,49,32.0,2.0,1.0,16.0,4.0,6.25,3.9982304163001876,6.247235025469043,46.3798636720569,0.0,98.55906927517182,34078720.0,4194304.0,38273024.0,545259520.0,67108864.0,612368384.0,16.0,16.0,545263204.0,276360656.0,821623860.0,17435900.0,0.0,0.0,0.0,40275620.0,40109574.928571425,2483027968.0,1.100909000879264,1024.2898117288253,43288320.0,144965632.0,205406031.0
test,l1config-25_l2config-100,0,32.0,2.0,1.0,16.0,4.0,6.25,3.998226175344068,6.247228398975106,46.37960248295785,0.0,98.59798001304094,34078720.0,4194304.0,38273024.0,545259520.0,67108864.0,612368384.0,16.0,16.0,545262716.0,276371460.0,821634176.0,17128308.0,0.0,0.0,0.0,40253547.0,40127979.821428575,2483027968.0,1.1015126630190657,1024.1906300761004,43292512.0,144965632.0,205401652.0
test,l1config-25_l2config-100,1,32.0,2.0,1.0,16.0,4.0,6.25,3.998230486164374,6.247235134631834,46.37992884577048,0.0,98.6100374172555,34078720.0,4194304.0,38273024.0,545259520.0,67108864.0,612368384.0,16.0,16.0,545263680.0,276352808.0,821616488.0,17393800.0,0.0,0.0,0.0,40266728.0,40112409.89285714,2483027968.0,1.1011521255516479,1023.3918208868484,43326304.0,144965632.0,205406242.0
test,l1config-25_l2config-100,2,32.0,2.0,1.0,16.0,4.0,6.25,3.9982112702511903,6.247205109767485,46.37978588695823,0.0,98.57950842653706,34078720.0,4194304.0,38273024.0,545259520.0,67108864.0,612368384.0,16.0,16.0,545263256.0,276349356.0,821612612.0,17394036.0,0.0,0.0,0.0,40237097.0,40133168.75,2483027968.0,1.1019630456581275,1024.4889901524998,43279904.0,144965632.0,205404701.0
test,l1config-25_l2config-100,3,32.0,2.0,1.0,16.0,4.0,6.25,3.998210260893062,6.247203532645409,46.379637970225424,0.0,98.64036341098237,34078720.0,4194304.0,38273024.0,545259520.0,67108864.0,612368384.0,16.0,16.0,545263616.0,276343336.0,821606952.0,17393308.0,0.0,0.0,0.0,40268120.0,40159883.64285714,2483027968.0,1.1011140674362907,1024.4011300455381,43283616.0,144965632.0,205402883.0
test,l1config-25_l2config-100,4,32.0,2.0,1.0,16.0,4.0,6.25,3.9982190379111997,6.247217246736249,46.379877635332164,0.0,98.60188144696411,34078720.0,4194304.0,38273024.0,545259520.0,67108864.0,612368384.0,16.0,16.0,545262764.0,276361684.0,821624448.0,17429480.0,0.0,0.0,0.0,40265623.0,40126225.125,2483027968.0,1.1011822074755209,1024.2542252622034,43289824.0,144965632.0,205403554.0
test,l1config-25_l2config-100,5,32.0,2.0,1.0,16.0,4.0,6.25,3.998228439873385,6.247231937302164,46.37938049276228,0.0,98.5992441210657,34078720.0,4194304.0,38273024.0,545259520.0,67108864.0,612368384.0,16.0,16.0,545263100.0,276360676.0,821623776.0,17396276.0,0.0,0.0,0.0,40242136.0,40096961.71428572,2483027968.0,1.1018248626073375,1024.6011094135356,43275168.0,144965632.0,205401606.0
test,l1config-25_l2config-100,6,32.0,2.0,1.0,16.0,4.0,6.25,3.9982222631708155,6.2472222862044,46.37956955395506,0.0,98.60904478756342,34078720.0,4194304.0,38273024.0,545259520.0,67108864.0,612368384.0,16.0,16.0,545263588.0,276363232.0,821626820.0,17227616.0,0.0,0.0,0.0,40261959.0,40116113.75,2483027968.0,1.1012825220589062,1024.2966264407016,43288032.0,144965632.0,205404205.0
test,l1config-25_l2config-100,7,32.0,2.0,1.0,16.0,4.0,6.25,3.998207904996878,6.247199851557622,46.379353465327085,0.0,98.60088140978574,34078720.0,4194304.0,38273024.0,545259520.0,67108864.0,612368384.0,16.0,16.0,545262452.0,276358612.0,821621064.0,17435440.0,0.0,0.0,0.0,40303055.0,40140250.78571428,2483027968.0,1.1001594151584042,1023.6050172784891,43317280.0,144965632.0,205401281.0
test,l1config-25_l2config-100,8,32.0,2.0,1.0,16.0,4.0,6.25,3.9982148355670803,6.247210680573563,46.37970592853464,0.0,98.60039211913009,34078720.0,4194304.0,38273024.0,545259520.0,67108864.0,612368384.0,16.0,16.0,545262908.0,276352252.0,821615160.0,17434484.0,0.0,0.0,0.0,40254700.0,40125535.35714286,2483027968.0,1.101481112807792,1024.0059459804718,43300320.0,144965632.0,205404398.0
test,l1config-25_l2config-100,9,32.0,2.0,1.0,16.0,4.0,6.25,3.998215406604343,6.247211572819286,46.379292949842124,0.0,98.59361822824697,34078720.0,4194304.0,38273024.0,545259520.0,67108864.0,612368384.0,16.0,16.0,545263028.0,276345704.0,821608732.0,17396276.0,0.0,0.0,0.0,40281453.0,40141176.553571425,2483027968.0,1.100749575685102,1023.9181687021,43304032.0,144965632.0,205401751.0
test,l1config-25_l2config-100,10,32.0,2.0,1.0,16.0,4.0,6.25,3.9982172301957553,6.247214422180868,46.37987025034986,0.0,98.59975225187051,34078720.0,4194304.0,38273024.0,545259520.0,67108864.0,612368384.0,16.0,16.0,545263664.0,276338908.0,821602572.0,17429476.0,0.0,0.0,0.0,40264664.0,40148901.91071428,2483027968.0,1.1012083732489892,1024.3435746977211,43286048.0,144965632.0,205404048.0
test,l1config-25_l2config-100,11,32.0,2.0,1.0,16.0,4.0,6.25,3.9982209585545476,6.247220247741481,46.37967154016469,0.0,98.60367070075786,34078720.0,4194304.0,38273024.0,545259520.0,67108864.0,612368384.0,16.0,16.0,545262900.0,276353408.0,821616308.0,17399588.0,0.0,0.0,0.0,40244596.0,40122991.21428572,2483027968.0,1.1017575122179206,1023.9507050758536,43302656.0,144965632.0,205401297.0
test,l1config-25_l2config-100,12,32.0,2.0,1.0,16.0,4.0,6.25,3.998224319023822,6.247225498474722,46.379689455799436,0.0,98.59597864705846,34078720.0,4194304.0,38273024.0,545259520.0,67108864.0,612368384.0,16.0,16.0,545263880.0,276341228.0,821605108.0,17441940.0,0.0,0.0,0.0,40250420.0,40097835.83928572,2483027968.0,1.1015983680428576,1025.2364099990941,43248352.0,144965632.0,205400575.0
test,l1config-25_l2config-100,13,32.0,2.0,1.0,16.0,4.0,6.25,3.9982170150795517,6.2472140860618,46.38004434379835,0.0,98.59335163782383,34078720.0,4194304.0,38273024.0,545259520.0,67108864.0,612368384.0,16.0,16.0,545263416.0,276358932.0,821622348.0,17222160.0,0.0,0.0,0.0,40234598.0,40130737.60714286,2483027968.0,1.1020313250531244,1023.0140313458448,43342304.0,144965632.0,205403385.0
test,l1config-25_l2config-100,14,32.0,2.0,1.0,16.0,4.0,6.25,3.9982198268457014,6.247218479446408,46.379824574862674,0.0,98.59820163641328,34078720.0,4194304.0,38273024.0,545259520.0,67108864.0,612368384.0,16.0,16.0,545262616.0,276356760.0,821619376.0,17349408.0,0.0,0.0,0.0,40245195.0,40091665.78571428,2483027968.0,1.101741113918394,1023.3457156193209,43328256.0,144965632.0,205402748.0
test,l1config-25_l2config-100,15,32.0,2.0,1.0,16.0,4.0,6.25,3.9982194396846227,6.247217874507223,46.37959738480926,0.0,98.59893063338184,34078720.0,4194304.0,38273024.0,545259520.0,67108864.0,612368384.0,16.0,16.0,545263112.0,276349340.0,821612452.0,17293072.0,0.0,0.0,0.0,40259080.0,40118250.23214286,2483027968.0,1.1013612904643009,1023.8114941674589,43308544.0,144965632.0,205406469.0
test,l1config-25_l2config-100,16,32.0,2.0,1.0,16.0,4.0,6.25,3.9982210831483265,6.24722044241926,46.37949639992837,0.0,98.6043890399638,34078720.0,4194304.0,38273024.0,545259520.0,67108864.0,612368384.0,16.0,16.0,545263724.0,276352288.0,821616012.0,17436944.0,0.0,0.0,0.0,40274881.0,40116465.85714286,2483027968.0,1.1009292013582672,1024.076330013618,43297344.0,144965632.0,205401718.0
test,l1config-25_l2config-100,17,32.0,2.0,1.0,16.0,4.0,6.25,3.9982246031459767,6.2472259424155885,46.38009000220325,0.0,98.61233019832584,34078720.0,4194304.0,38273024.0,545259520.0,67108864.0,612368384.0,16.0,16.0,545263192.0,276349572.0,821612764.0,17233484.0,0.0,0.0,0.0,40276829.0,40120909.053571425,2483027968.0,1.100875879438291,1024.13536924433,43294848.0,144965632.0,205403787.0
test,l1config-25_l2config-100,18,32.0,2.0,1.0,16.0,4.0,6.25,3.9982272158399152,6.247230024749868,46.3798306720028,0.0,98.59960877735956,34078720.0,4194304.0,38273024.0,545259520.0,67108864.0,612368384.0,16.0,16.0,545263556.0,276337280.0,821600836.0,17315812.0,0.0,0.0,0.0,40259850.0,40093914.83928572,2483027968.0,1.1013400756385634,1023.5074802475751,43321408.0,144965632.0,205402710.0
test,l1config-25_l2config-100,19,32.0,2.0,1.0,16.0,4.0,6.25,3.9982190900641235,6.247217328225193,46.37964841994282,0.0,98.60056195366683,34078720.0,4194304.0,38273024.0,545259520.0,67108864.0,612368384.0,16.0,16.0,545263488.0,276351312.0,821614800.0,17402564.0,0.0,0.0,0.0,40266197.0,40111377.08928572,2483027968.0,1.1011666398747222,1024.3110133524494,43287424.0,144965632.0,205405561.0
test,l1config-25_l2config-100,20,32.0,2.0,1.0,16.0,4.0,6.25,3.9982193621977045,6.2472177534339135,46.38016068787794,0.0,98.5836786956859,34078720.0,4194304.0,38273024.0,545259520.0,67108864.0,612368384.0,16.0,16.0,545262896.0,276350944.0,821613840.0,17429556.0,0.0,0.0,0.0,40234596.0,40134776.375,2483027968.0,1.1020314551563175,1024.879998841911,43263392.0,144965632.0,205405614.0
test,l1config-25_l2config-100,21,32.0,2.0,1.0,16.0,4.0,6.25,3.9982248660117925,6.247226353143426,46.38029550823569,0.0,98.60049837758936,34078720.0,4194304.0,38273024.0,545259520.0,67108864.0,612368384.0,16.0,16.0,545263368.0,276354280.0,821617648.0,17433696.0,0.0,0.0,0.0,40279669.0,40127152.03571428,2483027968.0,1.1007983214272852,1024.4738407829889,43280544.0,144965632.0,205405393.0
test,l1config-25_l2config-100,22,32.0,2.0,1.0,16.0,4.0,6.25,3.998229171031344,6.247233079736475,46.37995699267511,0.0,98.59975788449013,34078720.0,4194304.0,38273024.0,545259520.0,67108864.0,612368384.0,16.0,16.0,545262940.0,276355844.0,821618784.0,17344988.0,0.0,0.0,0.0,40227293.0,40107386.25,2483027968.0,1.1022314121293397,1024.3609920810352,43285312.0,144965632.0,205402093.0
test,l1config-25_l2config-100,23,32.0,2.0,1.0,16.0,4.0,6.25,3.9982137661730697,6.247209009645421,46.37939321354034,0.0,98.59744620457137,34078720.0,4194304.0,38273024.0,545259520.0,67108864.0,612368384.0,16.0,16.0,545263736.0,276358100.0,821621836.0,17373640.0,0.0,0.0,0.0,40212832.0,40151938.071428575,2483027968.0,1.1026278969941647,1024.6799106036892,43271840.0,144965632.0,205403396.0
test,l1config-25_l2config-100,24,32.0,2.0,1.0,16.0,4.0,6.25,3.9982189449803793,6.2472171015318425,46.37973347178148,0.0,98.60141963412723,34078720.0,4194304.0,38273024.0,545259520.0,67108864.0,612368384.0,16.0,16.0,545263340.0,276346136.0,821609476.0,17404664.0,0.0,0.0,0.0,40262862.0,40143822.821428575,2483027968.0,1.1012576998312662,1024.3996153482592,43283680.0,144965632.0,205398806.0
test,l1config-25_l2config-100,25,32.0,2.0,1.0,16.0,4.0,6.25,3.998210064754346,6.247203226178666,46.380115046499284,0.0,98.60289167736003,34078720.0,4194304.0,38273024.0,545259520.0,67108864.0,612368384.0,16.0,16.0,545262980.0,276366492.0,821629472.0,17432196.0,0.0,0.0,0.0,40266340.0,40157558.071428575,2483027968.0,1.101162537813398,1024.555652701428,43277088.0,144965632.0,205403286.0
test,l1config-25_l2config-100,26,32.0,2.0,1.0,16.0,4.0,6.25,3.9982217123429913,6.2472214255359235,46.37971301645328,0.0,98.57603481079923,34078720.0,4194304.0,38273024.0,545259520.0,67108864.0,612368384.0,16.0,16.0,545262488.0,276343100.0,821605588.0,17423156.0,0.0,0.0,0.0,40268625.0,40127647.35714286,2483027968.0,1.1011002380956327,1025.2493061118182,43247808.0,144965632.0,205408977.0
test,l1config-25_l2config-100,27,32.0,2.0,1.0,16.0,4.0,6.25,3.9982205699974345,6.247219640620991,46.379940794101074,0.0,98.61476535636645,34078720.0,4194304.0,38273024.0,545259520.0,67108864.0,612368384.0,16.0,16.0,545262916.0,276359232.0,821622148.0,17401996.0,0.0,0.0,0.0,40248866.0,40133437.53571428,2483027968.0,1.101640613135965,1024.9315493780189,43261216.0,144965632.0,205404667.0
test,l1config-25_l2config-100,28,32.0,2.0,1.0,16.0,4.0,6.25,3.998217477588966,6.2472148087327595,46.37976764717685,0.0,98.54164082757796,34078720.0,4194304.0,38273024.0,545259520.0,67108864.0,612368384.0,16.0,16.0,545262456.0,276356924.0,821619380.0,17388656.0,0.0,0.0,0.0,40257844.0,40121775.66071428,2483027968.0,1.1013951182438624,1025.168141866043,43251232.0,144965632.0,205407911.0
test,l1config-25_l2config-100,29,32.0,2.0,1.0,16.0,4.0,6.25,3.9982221302888976,6.247222078576402,46.38041118281343,0.0,98.63608512891149,34078720.0,4194304.0,38273024.0,545259520.0,67108864.0,612368384.0,16.0,16.0,545262524.0,276353024.0,821615548.0,17408320.0,0.0,0.0,0.0,40242639.0,40139511.33928572,2483027968.0,1.1018111796818757,1025.3623506316194,43243040.0,144965632.0,205402705.0
test,l1config-25_l2config-100,30,32.0,2.0,1.0,16.0,4.0,6.25,3.998223371363209,6.247224017755014,46.37945318347579,0.0,98.5979620224354,34078720.0,4194304.0,38273024.0,545259520.0,67108864.0,612368384.0,16.0,16.0,545262936.0,276345400.0,821608336.0,17480532.0,0.0,0.0,0.0,40246832.0,40124713.071428575,2483027968.0,1.101696452243992,1023.4885798724097,43322208.0,144965632.0,205404289.0
test,l1config-25_l2config-100,31,32.0,2.0,1.0,16.0,4.0,6.25,3.9982438522180703,6.2472560190907345,46.37977957498178,0.0,98.5736209098178,34078720.0,4194304.0,38273024.0,545259520.0,67108864.0,612368384.0,16.0,16.0,545262492.0,276345508.0,821608000.0,17456012.0,0.0,0.0,0.0,40242885.0,40075377.73214286,2483027968.0,1.1018045471104365,1024.6306584394742,43273920.0,144965632.0,205402815.0
test,l1config-25_l2config-100,32,32.0,2.0,1.0,16.0,4.0,6.25,3.998227868111872,6.2472310439248,46.3800011781305,0.0,98.59771332408087,34078720.0,4194304.0,38273024.0,545259520.0,67108864.0,612368384.0,16.0,16.0,545263068.0,276352760.0,821615828.0,17425056.0,0.0,0.0,0.0,40245334.0,40128583.73214286,2483027968.0,1.101737308706647,1024.3057128642595,43287648.0,144965632.0,205402291.0
test,l1config-25_l2config-100,33,32.0,2.0,1.0,16.0,4.0,6.25,3.9982233287678866,6.247223951199823,46.37960865139233,0.0,98.60503498142953,34078720.0,4194304.0,38273024.0,545259520.0,67108864.0,612368384.0,16.0,16.0,545263448.0,276355604.0,821619052.0,17385648.0,0.0,0.0,0.0,40218800.0,40107971.178571425,2483027968.0,1.102464245613544,1024.5192902356864,43278624.0,144965632.0,205404724.0
test,l1config-25_l2config-100,34,32.0,2.0,1.0,16.0,4.0,6.25,3.998214556553244,6.247210244614443,46.37985726632632,0.0,98.56132263150094,34078720.0,4194304.0,38273024.0,545259520.0,67108864.0,612368384.0,16.0,16.0,545263068.0,276346452.0,821609520.0,17397624.0,0.0,0.0,0.0,40240979.0,40099441.875,2483027968.0,1.1018566926381554,1024.0642202435413,43297856.0,144965632.0,205405340.0
test,l1config-25_l2config-100,35,32.0,2.0,1.0,16.0,4.0,6.25,3.9982293455290043,6.2472333523890695,46.37980233985219,0.0,98.57933663933582,34078720.0,4194304.0,38273024.0,545259520.0,67108864.0,612368384.0,16.0,16.0,545263616.0,276352112.0,821615728.0,17398364.0,0.0,0.0,0.0,40244627.0,40109220.96428572,2483027968.0,1.1017566498577887,1023.5006760321005,43321696.0,144965632.0,205404397.0
test,l1config-25_l2config-100,36,32.0,2.0,1.0,16.0,4.0,6.25,3.9981933618139256,6.2471771278342585,46.37994629623718,0.0,98.62020034760513,34078720.0,4194304.0,38273024.0,545259520.0,67108864.0,612368384.0,16.0,16.0,545262592.0,276362620.0,821625212.0,17389580.0,0.0,0.0,0.0,40241270.0,40152221.0,2483027968.0,1.1018487383806754,1023.7033292188864,43313120.0,144965632.0,205402063.0
test,l1config-25_l2config-100,37,32.0,2.0,1.0,16.0,4.0,6.25,3.998231189158326,6.247236233059884,46.37964815252413,0.0,98.58806555687944,34078720.0,4194304.0,38273024.0,545259520.0,67108864.0,612368384.0,16.0,16.0,545262920.0,276335196.0,821598116.0,17453264.0,0.0,0.0,0.0,40271352.0,40110846.41071428,2483027968.0,1.1010256900561322,1025.4207793822436,43240576.0,144965632.0,205403767.0
test,l1config-25_l2config-100,38,32.0,2.0,1.0,16.0,4.0,6.25,3.998227624873378,6.247230663864653,46.37881933912021,0.0,98.60879365647968,34078720.0,4194304.0,38273024.0,545259520.0,67108864.0,612368384.0,16.0,16.0,545264052.0,276356068.0,821620120.0,17418356.0,0.0,0.0,0.0,40236021.0,40101434.875,2483027968.0,1.1019925282819003,1024.60262470674,43275104.0,144965632.0,205405859.0
test,l1config-25_l2config-100,39,32.0,2.0,1.0,16.0,4.0,6.25,3.998224288654389,6.247225451022483,46.38004217753818,0.0,98.580657892064,34078720.0,4194304.0,38273024.0,545259520.0,67108864.0,612368384.0,16.0,16.0,545263400.0,276331176.0,821594576.0,17313528.0,0.0,0.0,0.0,40254380.0,40122371.33928572,2483027968.0,1.1014897047937924,1023.9287617130522,43303584.0,144965632.0,205404257.0
test,l1config-25_l2config-100,40,32.0,2.0,1.0,16.0,4.0,6.25,3.998241442495651,6.247252253899455,46.37994290294026,0.0,98.59164740978409,34078720.0,4194304.0,38273024.0,545259520.0,67108864.0,612368384.0,16.0,16.0,545263224.0,276338712.0,821601936.0,17432052.0,0.0,0.0,0.0,40246371.0,40089838.14285714,2483027968.0,1.101708982605763,1024.8981925566313,43262624.0,144965632.0,205400739.0
test,l1config-25_l2config-100,41,32.0,2.0,1.0,16.0,4.0,6.25,3.9982265807041197,6.247229032350187,46.37950885534356,0.0,98.62164519770145,34078720.0,4194304.0,38273024.0,545259520.0,67108864.0,612368384.0,16.0,16.0,545263488.0,276331116.0,821594604.0,17399472.0,0.0,0.0,0.0,40230874.0,40125511.946428575,2483027968.0,1.1021334381183072,1024.4852027681184,43280064.0,144965632.0,205402290.0
test,l1config-25_l2config-100,42,32.0,2.0,1.0,16.0,4.0,6.25,3.998215242780189,6.247211316844045,46.37987885077249,0.0,98.5464332685435,34078720.0,4194304.0,38273024.0,545259520.0,67108864.0,612368384.0,16.0,16.0,545264152.0,276350580.0,821614732.0,17371856.0,0.0,0.0,0.0,40249942.0,40127526.625,2483027968.0,1.1016111767084167,1023.8705028650303,43306048.0,144965632.0,205408349.0
test,l1config-25_l2config-100,43,32.0,2.0,1.0,16.0,4.0,6.25,3.998226424578101,6.247228788403283,46.37934915972347,0.0,98.64247016787462,34078720.0,4194304.0,38273024.0,545259520.0,67108864.0,612368384.0,16.0,16.0,545263416.0,276350004.0,821613420.0,17217488.0,0.0,0.0,0.0,40266272.0,40116522.64285714,2483027968.0,1.101164609350547,1023.8591545103118,43306528.0,144965632.0,205407184.0
test,l1config-25_l2config-100,44,32.0,2.0,1.0,16.0,4.0,6.25,3.9982274613644972,6.247230408382027,46.379958418353375,0.0,98.60326663993311,34078720.0,4194304.0,38273024.0,545259520.0,67108864.0,612368384.0,16.0,16.0,545263148.0,276340652.0,821603800.0,17347580.0,0.0,0.0,0.0,40253131.0,40120543.98214286,2483027968.0,1.1015239646185295,1024.8102622523234,43266336.0,144965632.0,205403295.0
test,l1config-25_l2config-100,45,32.0,2.0,1.0,16.0,4.0,6.25,3.9982225902301733,6.247222797234646,46.37989842307915,0.0,98.58563224527941,34078720.0,4194304.0,38273024.0,545259520.0,67108864.0,612368384.0,16.0,16.0,545262784.0,276356444.0,821619228.0,17424200.0,0.0,0.0,0.0,40258816.0,40115679.125,2483027968.0,1.101368341736608,1024.538228697846,43277824.0,144965632.0,205407717.0
test,l1config-25_l2config-100,46,32.0,2.0,1.0,16.0,4.0,6.25,3.998206364627584,6.2471974447306,46.379901258134545,0.0,98.60045906161139,34078720.0,4194304.0,38273024.0,545259520.0,67108864.0,612368384.0,16.0,16.0,545262880.0,276357816.0,821620696.0,17405488.0,0.0,0.0,0.0,40235860.0,40122822.83928572,2483027968.0,1.101996951496245,1024.1853308337256,43292736.0,144965632.0,205404016.0
test,l1config-25_l2config-100,47,32.0,2.0,1.0,16.0,4.0,6.25,3.9982250083117625,6.247226575487129,46.37920973726876,0.0,98.58414936789897,34078720.0,4194304.0,38273024.0,545259520.0,67108864.0,612368384.0,16.0,16.0,545263136.0,276353300.0,821616436.0,17267728.0,0.0,0.0,0.0,40275720.0,40128155.71428572,2483027968.0,1.1009061034423895,1023.8901739424907,43305216.0,144965632.0,205404264.0
test,l1config-25_l2config-100,48,32.0,2.0,1.0,16.0,4.0,6.25,3.998221386645458,6.247220916633528,46.379727858546815,0.0,98.58859397194648,34078720.0,4194304.0,38273024.0,545259520.0,67108864.0,612368384.0,16.0,16.0,545263232.0,276355804.0,821619036.0,17422192.0,0.0,0.0,0.0,40239641.0,40112849.60714286,2483027968.0,1.101893371328307,1024.268610982863,43289216.0,144965632.0,205402383.0
test,l1config-25_l2config-100,49,32.0,2.0,1.0,16.0,4.0,6.25,3.9982193168979268,6.247217682653011,46.38006640528239,0.0,98.58995498872848,34078720.0,4194304.0,38273024.0,545259520.0,67108864.0,612368384.0,16.0,16.0,545262976.0,276357528.0,821620504.0,17420128.0,0.0,0.0,0.0,40228434.0,40123707.053571425,2483027968.0,1.1022003207547026,1024.888337547642,43263040.0,144965632.0,205404111.0
test,l1config-40_l2config-40,0,32.0,2.0,2.0,16.0,8.0,12.5,7.976401890249032,12.463127953514112,46.05723671491753,0.0,98.5414070661792,34078720.0,4194304.0,38273024.0,545259520.0,67108864.0,612368384.0,16.0,16.0,545497424.0,250684152.0,796181576.0,17413008.0,0.0,0.0,0.0,30692921.0,30638464.89285714,2483027968.0,1.4446260337080272,1343.3745302364694,33006272.0,144965632.0,199025262.0
test,l1config-40_l2config-40,1,32.0,2.0,2.0,16.0,8.0,12.5,7.976390988003086,12.463110918754822,46.05356843441706,0.0,98.5423330100471,34078720.0,4194304.0,38273024.0,545259520.0,67108864.0,612368384.0,16.0,16.0,545500288.0,250634512.0,796134800.0,17422236.0,0.0,0.0,0.0,30699659.0,30656993.25,2483027968.0,1.4443092005362812,1343.4800344342552,33003680.0,144965632.0,199043416.0
test,l1config-40_l2config-40,2,32.0,2.0,2.0,16.0,8.0,12.5,7.976442690811311,12.463191704392674,46.05621614379697,0.0,98.52613334766163,34078720.0,4194304.0,38273024.0,545259520.0,67108864.0,612368384.0,16.0,16.0,545497796.0,250606176.0,796103972.0,17415416.0,0.0,0.0,0.0,30702439.0,30635731.23214286,2483027968.0,1.4441782233628566,1343.0841536522719,33013408.0,144965632.0,199042509.0
test,l1config-40_l2config-40,3,32.0,2.0,2.0,16.0,8.0,12.5,7.976400012641201,12.463125019751876,46.056121594667424,0.0,98.555494275484,34078720.0,4194304.0,38273024.0,545259520.0,67108864.0,612368384.0,16.0,16.0,545502616.0,250576192.0,796078808.0,17403872.0,0.0,0.0,0.0,30700060.0,30645821.5,2483027968.0,1.4442898999919558,1343.227373048256,33009888.0,144965632.0,199022087.0
test,l1config-40_l2config-40,4,32.0,2.0,2.0,16.0,8.0,12.5,7.976434158957751,12.463178373371486,46.056259160823885,0.0,98.53433192003814,34078720.0,4194304.0,38273024.0,545259520.0,67108864.0,612368384.0,16.0,16.0,545494896.0,250624392.0,796119288.0,17412368.0,0.0,0.0,0.0,30694967.0,30640870.89285714,2483027968.0,1.4445299761778339,1343.4722187401871,33003872.0,144965632.0,199029014.0
test,l1config-40_l2config-40,5,32.0,2.0,2.0,16.0,8.0,12.5,7.976439611337935,12.463186892715523,46.05401705186752,0.0,98.53864844503975,34078720.0,4194304.0,38273024.0,545259520.0,67108864.0,612368384.0,16.0,16.0,545500240.0,250635196.0,796135436.0,17429648.0,0.0,0.0,0.0,30699628.0,30641905.98214286,2483027968.0,1.444310306128481,1343.2508118574885,33009312.0,144965632.0,199034111.0
test,l1config-40_l2config-40,6,32.0,2.0,2.0,16.0,8.0,12.5,7.976427623040664,12.463168161001036,46.053735932441576,0.0,98.50795116445128,34078720.0,4194304.0,38273024.0,545259520.0,67108864.0,612368384.0,16.0,16.0,545499324.0,250642976.0,796142300.0,17413452.0,0.0,0.0,0.0,30702666.0,30643124.660714287,2483027968.0,1.4441675928738662,1343.4670083279948,33004000.0,144965632.0,199030326.0
test,l1config-40_l2config-40,7,32.0,2.0,2.0,16.0,8.0,12.5,7.976433754686993,12.463177741698427,46.054034921381934,0.0,98.52960788720341,34078720.0,4194304.0,38273024.0,545259520.0,67108864.0,612368384.0,16.0,16.0,545499616.0,250610280.0,796109896.0,17405572.0,0.0,0.0,0.0,30696082.0,30632799.660714287,2483027968.0,1.4444774346782985,1342.9448695397894,33016832.0,144965632.0,199041057.0
test,l1config-40_l2config-40,8,32.0,2.0,2.0,16.0,8.0,12.5,7.976397883175026,12.463121692460978,46.05602975417841,0.0,98.53538815087997,34078720.0,4194304.0,38273024.0,545259520.0,67108864.0,612368384.0,16.0,16.0,545499012.0,250649928.0,796148940.0,17234484.0,0.0,0.0,0.0,30698468.0,30652733.32142857,2483027968.0,1.4443647998076627,1343.2377901958173,33009632.0,144965632.0,199032155.0
test,l1config-40_l2config-40,9,32.0,2.0,2.0,16.0,8.0,12.5,7.976412046995147,12.463143823429917,46.05512822562314,0.0,98.54820260577719,34078720.0,4194304.0,38273024.0,545259520.0,67108864.0,612368384.0,16.0,16.0,545501180.0,250659504.0,796160684.0,17405416.0,0.0,0.0,0.0,30696327.0,30652046.64285714,2483027968.0,1.4444657057162837,1343.4149064288242,33005280.0,144965632.0,199026846.0
test,l1config-40_l2config-40,10,32.0,2.0,2.0,16.0,8.0,12.5,7.976432719996325,12.463176124994257,46.056487238762614,0.0,98.50554386126569,34078720.0,4194304.0,38273024.0,545259520.0,67108864.0,612368384.0,16.0,16.0,545498476.0,250614820.0,796113296.0,17404024.0,0.0,0.0,0.0,30694584.0,30640630.625,2483027968.0,1.4445480006985645,1343.144041684109,33011936.0,144965632.0,199030012.0
test,l1config-40_l2config-40,11,32.0,2.0,2.0,16.0,8.0,12.5,7.9764323668274795,12.463175573167936,46.05634339560166,0.0,98.55378766020428,34078720.0,4194304.0,38273024.0,545259520.0,67108864.0,612368384.0,16.0,16.0,545502516.0,250650820.0,796153336.0,17418028.0,0.0,0.0,0.0,30707924.0,30643403.80357143,2483027968.0,1.4439203488076837,1343.298994200978,33008128.0,144965632.0,199027289.0
test,l1config-40_l2config-40,12,32.0,2.0,2.0,16.0,8.0,12.5,7.976452629852202,12.463207234144065,46.05600779089008,0.0,98.49564830846779,34078720.0,4194304.0,38273024.0,545259520.0,67108864.0,612368384.0,16.0,16.0,545498652.0,250666772.0,796165424.0,17436428.0,0.0,0.0,0.0,30701800.0,30639046.30357143,2483027968.0,1.4442083400115826,1343.5126008050554,33002880.0,144965632.0,199031264.0
test,l1config-40_l2config-40,13,32.0,2.0,2.0,16.0,8.0,12.5,7.976432168009349,12.463175262514607,46.056270107231114,0.0,98.50079087790398,34078720.0,4194304.0,38273024.0,545259520.0,67108864.0,612368384.0,16.0,16.0,545495800.0,250577736.0,796073536.0,17450676.0,0.0,0.0,0.0,30700357.0,30653387.76785714,2483027968.0,1.4442759394687843,1343.0516080487873,33014208.0,144965632.0,199043699.0
test,l1config-40_l2config-40,14,32.0,2.0,2.0,16.0,8.0,12.5,7.976419239814352,12.463155062209925,46.055176884053296,0.0,98.51005274397977,34078720.0,4194304.0,38273024.0,545259520.0,67108864.0,612368384.0,16.0,16.0,545499812.0,250606468.0,796106280.0,17410684.0,0.0,0.0,0.0,30694991.0,30639818.589285713,2483027968.0,1.4445288349537386,1342.9722033954627,33016160.0,144965632.0,199036549.0
test,l1config-40_l2config-40,15,32.0,2.0,2.0,16.0,8.0,12.5,7.976416217464792,12.463150339788738,46.054616510416594,0.0,98.53892993350044,34078720.0,4194304.0,38273024.0,545259520.0,67108864.0,612368384.0,16.0,16.0,545500400.0,250628680.0,796129080.0,17408736.0,0.0,0.0,0.0,30697715.0,30655760.35714286,2483027968.0,1.4444003234787381,1343.3992766470974,33005664.0,144965632.0,199036602.0
test,l1config-40_l2config-40,16,32.0,2.0,2.0,16.0,8.0,12.5,7.976378662443979,12.463091660068718,46.0547816718673,0.0,98.52875740428537,34078720.0,4194304.0,38273024.0,545259520.0,67108864.0,612368384.0,16.0,16.0,545499404.0,250628700.0,796128104.0,17422812.0,0.0,0.0,0.0,30699554.0,30650239.05357143,2483027968.0,1.4443136817236493,1343.400579115017,33005632.0,144965632.0,199029247.0
test,l1config-40_l2config-40,17,32.0,2.0,2.0,16.0,8.0,12.5,7.976386968673915,12.463104638552993,46.05655948324655,0.0,98.49887106226848,34078720.0,4194304.0,38273024.0,545259520.0,67108864.0,612368384.0,16.0,16.0,545501648.0,250662328.0,796163976.0,17396588.0,0.0,0.0,0.0,30692219.0,30647145.214285713,2483027968.0,1.4446592167642125,1342.6429695450865,33024256.0,144965632.0,199035276.0
test,l1config-40_l2config-40,18,32.0,2.0,2.0,16.0,8.0,12.5,7.9764129002848705,12.46314515669511,46.05705833558693,0.0,98.53791857802486,34078720.0,4194304.0,38273024.0,545259520.0,67108864.0,612368384.0,16.0,16.0,545498348.0,250641972.0,796140320.0,17414864.0,0.0,0.0,0.0,30706819.0,30652010.82142857,2483027968.0,1.4439720033462973,1343.1088893658564,33012800.0,144965632.0,199023027.0
test,l1config-40_l2config-40,19,32.0,2.0,2.0,16.0,8.0,12.5,7.97641651713464,12.463150808022876,46.05477231417485,0.0,98.53753333074705,34078720.0,4194304.0,38273024.0,545259520.0,67108864.0,612368384.0,16.0,16.0,545500536.0,250658168.0,796158704.0,17401008.0,0.0,0.0,0.0,30711342.0,30640344.339285713,2483027968.0,1.4437593899776757,1343.2872738533451,33008416.0,144965632.0,199038476.0
test,l1config-40_l2config-40,20,32.0,2.0,2.0,16.0,8.0,12.5,7.976387246393146,12.46310507248929,46.055270578764826,0.0,98.52100638017913,34078720.0,4194304.0,38273024.0,545259520.0,67108864.0,612368384.0,16.0,16.0,545500792.0,250595440.0,796096232.0,17428648.0,0.0,0.0,0.0,30704768.0,30647578.26785714,2483027968.0,1.4440688567498212,1343.1466456327328,33011872.0,144965632.0,199024936.0
test,l1config-40_l2config-40,21,32.0,2.0,2.0,16.0,8.0,12.5,7.976429205976913,12.463170634338926,46.054505490173945,0.0,98.49857066911817,34078720.0,4194304.0,38273024.0,545259520.0,67108864.0,612368384.0,16.0,16.0,545498528.0,250621724.0,796120252.0,17409600.0,0.0,0.0,0.0,30694300.0,30642094.589285713,2483027968.0,1.4445613899613963,1343.29769193003,33008160.0,144965632.0,199042674.0
test,l1config-40_l2config-40,22,32.0,2.0,2.0,16.0,8.0,12.5,7.97642477248072,12.463163707001126,46.05506872527345,0.0,98.56669588290325,34078720.0,4194304.0,38273024.0,545259520.0,67108864.0,612368384.0,16.0,16.0,545501956.0,250558408.0,796060364.0,17443496.0,0.0,0.0,0.0,30694039.0,30641435.839285713,2483027968.0,1.444573520518383,1342.709323851949,33022624.0,144965632.0,199030880.0
test,l1config-40_l2config-40,23,32.0,2.0,2.0,16.0,8.0,12.5,7.976453047039507,12.46320788599923,46.05485900882952,0.0,98.53993316471934,34078720.0,4194304.0,38273024.0,545259520.0,67108864.0,612368384.0,16.0,16.0,545500188.0,250629596.0,796129784.0,17250148.0,0.0,0.0,0.0,30695187.0,30653961.64285714,2483027968.0,1.4445196581657371,1342.8823963333723,33018368.0,144965632.0,199024764.0
test,l1config-40_l2config-40,24,32.0,2.0,2.0,16.0,8.0,12.5,7.976408093416973,12.46313764596402,46.05600975472198,0.0,98.5330264516529,34078720.0,4194304.0,38273024.0,545259520.0,67108864.0,612368384.0,16.0,16.0,545497256.0,250624100.0,796121356.0,17355844.0,0.0,0.0,0.0,30707595.0,30645532.32142857,2483027968.0,1.4439359364743638,1343.1505515745998,33011776.0,144965632.0,199032493.0
test,l1config-40_l2config-40,25,32.0,2.0,2.0,16.0,8.0,12.5,7.9764249295475675,12.463163952418075,46.053728326911944,0.0,98.52294620694319,34078720.0,4194304.0,38273024.0,545259520.0,67108864.0,612368384.0,16.0,16.0,545498444.0,250594144.0,796092588.0,17407340.0,0.0,0.0,0.0,30691056.0,30650531.035714287,2483027968.0,1.4447138544578026,1343.2586249756778,33009120.0,144965632.0,199028520.0
test,l1config-40_l2config-40,26,32.0,2.0,2.0,16.0,8.0,12.5,7.976407862564964,12.463137285257757,46.05519170418227,0.0,98.50116791929142,34078720.0,4194304.0,38273024.0,545259520.0,67108864.0,612368384.0,16.0,16.0,545499660.0,250613548.0,796113208.0,17407556.0,0.0,0.0,0.0,30702131.0,30645247.589285713,2483027968.0,1.4441926523853423,1343.276855938256,33008672.0,144965632.0,199034806.0
test,l1config-40_l2config-40,27,32.0,2.0,2.0,16.0,8.0,12.5,7.976446377959798,12.463197465562184,46.05509910342763,0.0,98.47546188376768,34078720.0,4194304.0,38273024.0,545259520.0,67108864.0,612368384.0,16.0,16.0,545501544.0,250639212.0,796140756.0,17433516.0,0.0,0.0,0.0,30708413.0,30651059.23214286,2483027968.0,1.4438971795268567,1343.1245123912513,33012416.0,144965632.0,199031586.0
test,l1config-40_l2config-40,28,32.0,2.0,2.0,16.0,8.0,12.5,7.9764127044818,12.463144850752812,46.05688838269299,0.0,98.48612264292636,34078720.0,4194304.0,38273024.0,545259520.0,67108864.0,612368384.0,16.0,16.0,545496912.0,250628104.0,796125016.0,17426924.0,0.0,0.0,0.0,30698980.0,30644895.839285713,2483027968.0,1.4443408399606532,1343.3081101683142,33007904.0,144965632.0,199037234.0
test,l1config-40_l2config-40,29,32.0,2.0,2.0,16.0,8.0,12.5,7.9764154271477485,12.463149104918356,46.056361138153946,0.0,98.50368432723077,34078720.0,4194304.0,38273024.0,545259520.0,67108864.0,612368384.0,16.0,16.0,545501252.0,250623812.0,796125064.0,17401008.0,0.0,0.0,0.0,30691088.0,30638065.10714286,2483027968.0,1.444712559956787,1342.782191037983,33020832.0,144965632.0,199030534.0
test,l1config-40_l2config-40,30,32.0,2.0,2.0,16.0,8.0,12.5,7.976457564829655,12.463214945046335,46.05492929037443,0.0,98.50695350127938,34078720.0,4194304.0,38273024.0,545259520.0,67108864.0,612368384.0,16.0,16.0,545499144.0,250632192.0,796131336.0,17401892.0,0.0,0.0,0.0,30688746.0,30647213.44642857,2483027968.0,1.444822871534923,1342.6924093862085,33023040.0,144965632.0,199029485.0
test,l1config-40_l2config-40,31,32.0,2.0,2.0,16.0,8.0,12.5,7.976459395069347,12.463217804795855,46.05470173253223,0.0,98.53969906539828,34078720.0,4194304.0,38273024.0,545259520.0,67108864.0,612368384.0,16.0,16.0,545499176.0,250625136.0,796124312.0,17315272.0,0.0,0.0,0.0,30690546.0,30647264.375,2483027968.0,1.4447377443020808,1342.9930299371117,33015648.0,144965632.0,199030376.0
test,l1config-40_l2config-40,32,32.0,2.0,2.0,16.0,8.0,12.5,7.976407020567063,12.463135969636035,46.05606274233712,0.0,98.54796282677785,34078720.0,4194304.0,38273024.0,545259520.0,67108864.0,612368384.0,16.0,16.0,545503416.0,250662232.0,796165648.0,17408504.0,0.0,0.0,0.0,30704336.0,30642691.60714286,2483027968.0,1.4440888215936991,1343.1557595324275,33011648.0,144965632.0,199032000.0
test,l1config-40_l2config-40,33,32.0,2.0,2.0,16.0,8.0,12.5,7.976476185763178,12.463244040254965,46.05454360247823,0.0,98.57757944991474,34078720.0,4194304.0,38273024.0,545259520.0,67108864.0,612368384.0,16.0,16.0,545498840.0,250679228.0,796178068.0,17409396.0,0.0,0.0,0.0,30707887.0,30643554.589285713,2483027968.0,1.4439218769954194,1343.0477026823628,33014304.0,144965632.0,199028485.0
test,l1config-40_l2config-40,34,32.0,2.0,2.0,16.0,8.0,12.5,7.976422523790448,12.463160193422574,46.053739125451905,0.0,98.53611340630356,34078720.0,4194304.0,38273024.0,545259520.0,67108864.0,612368384.0,16.0,16.0,545496220.0,250636328.0,796132548.0,17448100.0,0.0,0.0,0.0,30691418.0,30652700.69642857,2483027968.0,1.4446969790538333,1343.0190640225544,33015008.0,144965632.0,199029894.0
test,l1config-40_l2config-40,35,32.0,2.0,2.0,16.0,8.0,12.5,7.976409102390188,12.463139222484669,46.053057032687974,0.0,98.55316405689712,34078720.0,4194304.0,38273024.0,545259520.0,67108864.0,612368384.0,16.0,16.0,545499976.0,250615508.0,796115484.0,17401300.0,0.0,0.0,0.0,30694020.0,30653649.51785714,2483027968.0,1.4445741088143962,1343.5673158624236,33001536.0,144965632.0,199033546.0
test,l1config-40_l2config-40,36,32.0,2.0,2.0,16.0,8.0,12.5,7.9764343870326755,12.463178729738555,46.054056473964,0.0,98.55688983536143,34078720.0,4194304.0,38273024.0,545259520.0,67108864.0,612368384.0,16.0,16.0,545502060.0,250626872.0,796128932.0,17408152.0,0.0,0.0,0.0,30693998.0,30635629.714285713,2483027968.0,1.444575532492731,1343.2195602936176,33010080.0,144965632.0,199024644.0
test,l1config-40_l2config-40,37,32.0,2.0,2.0,16.0,8.0,12.5,7.976434929253616,12.463179576958774,46.055708178030294,0.0,98.50600888387669,34078720.0,4194304.0,38273024.0,545259520.0,67108864.0,612368384.0,16.0,16.0,545496128.0,250616868.0,796112996.0,17405160.0,0.0,0.0,0.0,30691995.0,30638644.339285713,2483027968.0,1.4446697485847737,1343.6389732723378,32999776.0,144965632.0,199023224.0
test,l1config-40_l2config-40,38,32.0,2.0,2.0,16.0,8.0,12.5,7.976383450370526,12.463099141203946,46.05439330621244,0.0,98.53733412425525,34078720.0,4194304.0,38273024.0,545259520.0,67108864.0,612368384.0,16.0,16.0,545500604.0,250644668.0,796145272.0,17428316.0,0.0,0.0,0.0,30693570.0,30653978.910714287,2483027968.0,1.444595793739787,1343.3927643453815,33005824.0,144965632.0,199031982.0
test,l1config-40_l2config-40,39,32.0,2.0,2.0,16.0,8.0,12.5,7.9763950337486484,12.463117240232263,46.05600641334977,0.0,98.50726512594113,34078720.0,4194304.0,38273024.0,545259520.0,67108864.0,612368384.0,16.0,16.0,545498496.0,250603788.0,796102284.0,17383416.0,0.0,0.0,0.0,30696660.0,30648208.55357143,2483027968.0,1.4444499654427236,1342.6533776301217,33024000.0,144965632.0,199030546.0
test,l1config-40_l2config-40,40,32.0,2.0,2.0,16.0,8.0,12.5,7.976437865226135,12.463184164415836,46.055339449223744,0.0,98.52434478819795,34078720.0,4194304.0,38273024.0,545259520.0,67108864.0,612368384.0,16.0,16.0,545495732.0,250638544.0,796134276.0,17424596.0,0.0,0.0,0.0,30701999.0,30648929.785714287,2483027968.0,1.4441990732166519,1343.3302494612458,33007360.0,144965632.0,199025906.0
test,l1config-40_l2config-40,41,32.0,2.0,2.0,16.0,8.0,12.5,7.976380476056826,12.46309449383879,46.05460739701852,0.0,98.49704050439152,34078720.0,4194304.0,38273024.0,545259520.0,67108864.0,612368384.0,16.0,16.0,545499812.0,250628752.0,796128564.0,17413804.0,0.0,0.0,0.0,30699680.0,30643970.714285713,2483027968.0,1.4443078479523812,1343.8748452704936,32993984.0,144965632.0,199028635.0
test,l1config-40_l2config-40,42,32.0,2.0,2.0,16.0,8.0,12.5,7.97642317754063,12.463161214907235,46.05611851853448,0.0,98.50475826073347,34078720.0,4194304.0,38273024.0,545259520.0,67108864.0,612368384.0,16.0,16.0,545500156.0,250580436.0,796080592.0,17407700.0,0.0,0.0,0.0,30697995.0,30638169.32142857,2483027968.0,1.4443874312424647,1342.7041193555626,33022752.0,144965632.0,199022592.0
test,l1config-40_l2config-40,43,32.0,2.0,2.0,16.0,8.0,12.5,7.976425900616051,12.46316546971258,46.05562976240606,0.0,98.53375541922323,34078720.0,4194304.0,38273024.0,545259520.0,67108864.0,612368384.0,16.0,16.0,545499912.0,250637588.0,796137500.0,17403564.0,0.0,0.0,0.0,30699201.0,30650340.73214286,2483027968.0,1.44433039526878,1343.0841536522717,33013408.0,144965632.0,199041983.0
test,l1config-40_l2config-40,44,32.0,2.0,2.0,16.0,8.0,12.5,7.976419932722356,12.463156144878681,46.05584552994919,0.0,98.54162220988394,34078720.0,4194304.0,38273024.0,545259520.0,67108864.0,612368384.0,16.0,16.0,545499824.0,250618520.0,796118344.0,17404288.0,0.0,0.0,0.0,30700624.0,30645904.92857143,2483027968.0,1.444263519887319,1343.3185285682018,33007648.0,144965632.0,199026386.0
test,l1config-40_l2config-40,45,32.0,2.0,2.0,16.0,8.0,12.5,7.976420105629397,12.463156415045933,46.056417207208895,0.0,98.52974748599286,34078720.0,4194304.0,38273024.0,545259520.0,67108864.0,612368384.0,16.0,16.0,545501060.0,250632824.0,796133884.0,17424548.0,0.0,0.0,0.0,30702168.0,30647863.875,2483027968.0,1.444191076585651,1342.860271799905,33018912.0,144965632.0,199034195.0
test,l1config-40_l2config-40,46,32.0,2.0,2.0,16.0,8.0,12.5,7.976399797822121,12.463124684097064,46.055688304856126,0.0,98.52073664776549,34078720.0,4194304.0,38273024.0,545259520.0,67108864.0,612368384.0,16.0,16.0,545500668.0,250618288.0,796118956.0,17411796.0,0.0,0.0,0.0,30704771.0,30637836.80357143,2483027968.0,1.4440683629267568,1343.352389483952,33006816.0,144965632.0,199029647.0
test,l1config-40_l2config-40,47,32.0,2.0,2.0,16.0,8.0,12.5,7.976397934311995,12.463121772362493,46.0554273513344,0.0,98.54282246394249,34078720.0,4194304.0,38273024.0,545259520.0,67108864.0,612368384.0,16.0,16.0,545499508.0,250623720.0,796123228.0,17405940.0,0.0,0.0,0.0,30704723.0,30645351.839285713,2483027968.0,1.4440705381023111,1343.4526799028547,33004352.0,144965632.0,199026609.0
test,l1config-40_l2config-40,48,32.0,2.0,2.0,16.0,8.0,12.5,7.976414055521124,12.463146961751756,46.05493574054646,0.0,98.54070221775966,34078720.0,4194304.0,38273024.0,545259520.0,67108864.0,612368384.0,16.0,16.0,545501600.0,250608672.0,796110272.0,17418408.0,0.0,0.0,0.0,30706122.0,30653085.14285714,2483027968.0,1.4440048271764179,1343.1010779894516,33012992.0,144965632.0,199036355.0
test,l1config-40_l2config-40,49,32.0,2.0,2.0,16.0,8.0,12.5,7.976406053064213,12.463134457912833,46.054442479276034,0.0,98.53913802768636,34078720.0,4194304.0,38273024.0,545259520.0,67108864.0,612368384.0,16.0,16.0,545499264.0,250625768.0,796125032.0,17425600.0,0.0,0.0,0.0,30686804.0,30653248.01785714,2483027968.0,1.4449140122211557,1343.1974246490201,33010624.0,144965632.0,199034183.0
test,l1config-100,0,32.0,2.0,3.0,16.0,8.0,12.5,7.977304200379359,12.464537813092749,30.21779278831152,0.0,98.64070950155639,34078720.0,4194304.0,38273024.0,545259520.0,67108864.0,612368384.0,16.0,16.0,603189720.0,251853088.0,855042808.0,17136148.0,0.0,0.0,0.0,31410098.0,31348114.964285713,2483027968.0,1.4116421738725335,1312.6892112072449,33777824.0,144965632.0,213758440.0
test,l1config-100,1,32.0,2.0,3.0,16.0,8.0,12.5,7.977318149015052,12.46455960783602,30.219075564125347,0.0,98.62084939024504,34078720.0,4194304.0,38273024.0,545259520.0,67108864.0,612368384.0,16.0,16.0,603263728.0,251844076.0,855107804.0,17127540.0,0.0,0.0,0.0,31398107.0,31347703.01785714,2483027968.0,1.412181418190448,1312.877021463101,33772992.0,144965632.0,213777592.0
test,l1config-100,2,32.0,2.0,3.0,16.0,8.0,12.5,7.977294605832387,12.464522821613103,30.21283788705169,0.0,98.63312649189386,34078720.0,4194304.0,38273024.0,545259520.0,67108864.0,612368384.0,16.0,16.0,603309768.0,251869444.0,855179212.0,17130236.0,0.0,0.0,0.0,31402324.0,31349314.19642857,2483027968.0,1.4119916421044683,1313.4395297939868,33758528.0,144965632.0,213760550.0
test,l1config-100,3,32.0,2.0,3.0,16.0,8.0,12.5,7.9772350364738545,12.464429744490397,30.223185962171193,0.0,98.65723499050534,34078720.0,4194304.0,38273024.0,545259520.0,67108864.0,612368384.0,16.0,16.0,603279524.0,251863312.0,855142836.0,17138224.0,0.0,0.0,0.0,31404483.0,31345288.839285713,2483027968.0,1.411894491544713,1313.0748400272973,33767904.0,144965632.0,213774387.0
test,l1config-100,4,32.0,2.0,3.0,16.0,8.0,12.5,7.977387815360502,12.464668461500784,30.20881725506212,0.0,98.61968935594808,34078720.0,4194304.0,38273024.0,545259520.0,67108864.0,612368384.0,16.0,16.0,603297516.0,251816936.0,855114452.0,17131104.0,0.0,0.0,0.0,31405140.0,31355019.92857143,2483027968.0,1.4118651230769976,1313.0972383381102,33767328.0,144965632.0,213763142.0
test,l1config-100,5,32.0,2.0,3.0,16.0,8.0,12.5,7.977362305662599,12.464628602597811,30.21264056973733,0.0,98.6079079799642,34078720.0,4194304.0,38273024.0,545259520.0,67108864.0,612368384.0,16.0,16.0,603337804.0,251798700.0,855136504.0,17133780.0,0.0,0.0,0.0,31399707.0,31348363.839285713,2483027968.0,1.4121094254392106,1313.0424882606544,33768736.0,144965632.0,213798559.0
test,l1config-100,6,32.0,2.0,3.0,16.0,8.0,12.5,7.977256616521643,12.464463463315067,30.216661813104178,0.0,98.62253049817261,34078720.0,4194304.0,38273024.0,545259520.0,67108864.0,612368384.0,16.0,16.0,603253792.0,251840500.0,855094292.0,17130488.0,0.0,0.0,0.0,31403896.0,31349004.39285714,2483027968.0,1.4119208713822105,1313.3548738455554,33760704.0,144965632.0,213777926.0
test,l1config-100,7,32.0,2.0,3.0,16.0,8.0,12.5,7.9773004541480566,12.464531959606338,30.213539421147452,0.0,98.62494493250112,34078720.0,4194304.0,38273024.0,545259520.0,67108864.0,612368384.0,16.0,16.0,603190056.0,251843600.0,855033656.0,17130576.0,0.0,0.0,0.0,31396383.0,31353010.839285713,2483027968.0,1.4122584674480694,1313.2042630376031,33764576.0,144965632.0,213772660.0
test,l1config-100,8,32.0,2.0,3.0,16.0,8.0,12.5,7.977363892152878,12.464631081488871,30.21148756454472,0.0,98.62260231371592,34078720.0,4194304.0,38273024.0,545259520.0,67108864.0,612368384.0,16.0,16.0,603283660.0,251808504.0,855092164.0,17145064.0,0.0,0.0,0.0,31403197.0,31351024.80357143,2483027968.0,1.4119524228275104,1312.9815219566026,33770304.0,144965632.0,213773424.0
test,l1config-100,9,32.0,2.0,3.0,16.0,8.0,12.5,7.977284753380584,12.464507427157162,30.21507627259432,0.0,98.67056121573667,34078720.0,4194304.0,38273024.0,545259520.0,67108864.0,612368384.0,16.0,16.0,603237196.0,251846472.0,855083668.0,17131552.0,0.0,0.0,0.0,31405173.0,31350859.26785714,2483027968.0,1.4118629988838902,1313.2615159689447,33763104.0,144965632.0,213816058.0
